MM:DD:YYYY hh:mm:ss,Library_Version,Session_type,Device_Number,Battery_Voltage,Motor_Turns,PelletsToSwitch,Prob_left,Prob_right,Event,High_prob_poke,Left_Poke_Count,Right_Poke_Count,Pellet_Count,Block_Pellet_Count,Retrieval_Time,InterPelletInterval,Poke_Time
7/24/2024 12:23:04,1.17.0,Bandit,13,4.18,nan,30,80,20,Left,Left,1,0,0,0,nan,nan,0.60
7/24/2024 12:27:11,1.17.0,Bandit,13,4.18,nan,30,80,20,RightWithPellet,Left,1,0,0,0,nan,nan,0.22
7/24/2024 12:30:54,1.17.0,Bandit,13,4.18,3,30,80,20,Pellet,Left,1,0,1,0,Timed_out,nan,nan
7/24/2024 12:31:43,1.17.0,Bandit,13,4.18,nan,30,80,20,Left,Left,2,0,1,1,nan,nan,0.31
7/24/2024 12:31:53,1.17.0,Bandit,13,4.18,1,30,80,20,Pellet,Left,2,0,2,1,7.53,59,nan
7/24/2024 12:33:01,1.17.0,Bandit,13,4.18,nan,30,80,20,Left,Left,3,0,2,2,nan,nan,0.15
7/24/2024 12:38:12,1.17.0,Bandit,13,4.18,nan,30,80,20,Left,Left,4,0,2,2,nan,nan,0.38
7/24/2024 12:39:01,1.17.0,Bandit,13,4.19,nan,30,80,20,Left,Left,5,0,2,2,nan,nan,0.02
7/24/2024 12:39:39,1.17.0,Bandit,13,4.18,nan,30,80,20,LeftWithPellet,Left,5,0,2,2,nan,nan,0.07
7/24/2024 12:41:18,1.17.0,Bandit,13,4.18,nan,30,80,20,RightWithPellet,Left,5,0,2,2,nan,nan,0.56
7/24/2024 12:42:51,1.17.0,Bandit,13,4.19,nan,30,80,20,RightWithPellet,Left,5,0,2,2,nan,nan,0.20
7/24/2024 12:44:02,1.17.0,Bandit,13,4.19,nan,30,80,20,LeftWithPellet,Left,5,0,2,2,nan,nan,0.18
7/24/2024 12:47:42,1.17.0,Bandit,13,4.18,nan,30,80,20,RightWithPellet,Left,5,0,2,2,nan,nan,0.21
7/24/2024 12:47:45,1.17.0,Bandit,13,4.18,nan,30,80,20,RightWithPellet,Left,5,0,2,2,nan,nan,0.25
7/24/2024 12:50:52,1.17.0,Bandit,13,4.19,nan,30,80,20,LeftWithPellet,Left,5,0,2,2,nan,nan,0.18
7/24/2024 12:50:55,1.17.0,Bandit,13,4.19,nan,30,80,20,LeftWithPellet,Left,5,0,2,2,nan,nan,0.52
7/24/2024 12:50:58,1.17.0,Bandit,13,4.18,nan,30,80,20,LeftWithPellet,Left,5,0,2,2,nan,nan,0.46
7/24/2024 12:50:59,1.17.0,Bandit,13,4.18,nan,30,80,20,LeftWithPellet,Left,5,0,2,2,nan,nan,0.32
7/24/2024 12:51:29,1.17.0,Bandit,13,4.18,nan,30,80,20,RightWithPellet,Left,5,0,2,2,nan,nan,0.50
7/24/2024 12:55:48,1.17.0,Bandit,13,4.18,1,30,80,20,Pellet,Left,5,0,3,2,Timed_out,1435,nan
7/24/2024 12:57:02,1.17.0,Bandit,13,4.18,nan,30,80,20,Left,Left,6,0,3,3,nan,nan,0.25
7/24/2024 12:57:58,1.17.0,Bandit,13,4.18,nan,30,80,20,LeftWithPellet,Left,6,0,3,3,nan,nan,0.32
7/24/2024 12:58:11,1.17.0,Bandit,13,4.18,nan,30,80,20,LeftWithPellet,Left,6,0,3,3,nan,nan,0.26
7/24/2024 12:59:32,1.17.0,Bandit,13,4.18,nan,30,80,20,LeftWithPellet,Left,6,0,3,3,nan,nan,0.92
7/24/2024 12:59:39,1.17.0,Bandit,13,4.18,nan,30,80,20,LeftWithPellet,Left,6,0,3,3,nan,nan,0.38
7/24/2024 12:59:55,1.17.0,Bandit,13,4.18,nan,30,80,20,LeftWithPellet,Left,6,0,3,3,nan,nan,0.09
7/24/2024 13:00:45,1.17.0,Bandit,13,4.18,nan,30,80,20,RightWithPellet,Left,6,0,3,3,nan,nan,0.43
7/24/2024 13:03:02,1.17.0,Bandit,13,4.18,nan,30,80,20,LeftWithPellet,Left,6,0,3,3,nan,nan,0.05
7/24/2024 13:04:56,1.17.0,Bandit,13,4.18,nan,30,80,20,LeftWithPellet,Left,6,0,3,3,nan,nan,0.12
7/24/2024 13:05:03,1.17.0,Bandit,13,4.18,nan,30,80,20,LeftWithPellet,Left,6,0,3,3,nan,nan,0.40
7/24/2024 13:10:01,1.17.0,Bandit,13,4.18,nan,30,80,20,LeftWithPellet,Left,6,0,3,3,nan,nan,0.15
7/24/2024 13:12:46,1.17.0,Bandit,13,4.18,nan,30,80,20,RightWithPellet,Left,6,0,3,3,nan,nan,0.91
7/24/2024 13:12:56,1.17.0,Bandit,13,4.18,nan,30,80,20,RightWithPellet,Left,6,0,3,3,nan,nan,0.52
7/24/2024 13:13:26,1.17.0,Bandit,13,4.18,nan,30,80,20,LeftWithPellet,Left,6,0,3,3,nan,nan,0.11
7/24/2024 13:14:26,1.17.0,Bandit,13,4.18,nan,30,80,20,LeftWithPellet,Left,6,0,3,3,nan,nan,0.34
7/24/2024 13:14:33,1.17.0,Bandit,13,4.18,nan,30,80,20,RightWithPellet,Left,6,0,3,3,nan,nan,0.19
7/24/2024 13:19:24,1.17.0,Bandit,13,4.18,nan,30,80,20,LeftWithPellet,Left,6,0,3,3,nan,nan,0.11
7/24/2024 13:19:29,1.17.0,Bandit,13,4.18,nan,30,80,20,LeftWithPellet,Left,6,0,3,3,nan,nan,0.54
7/24/2024 13:23:29,1.17.0,Bandit,13,4.18,nan,30,80,20,LeftWithPellet,Left,6,0,3,3,nan,nan,0.23
7/24/2024 13:28:21,1.17.0,Bandit,13,4.18,nan,30,80,20,LeftWithPellet,Left,6,0,3,3,nan,nan,0.07
7/24/2024 13:28:28,1.17.0,Bandit,13,4.18,nan,30,80,20,LeftWithPellet,Left,6,0,3,3,nan,nan,0.48
7/24/2024 13:28:33,1.17.0,Bandit,13,4.18,nan,30,80,20,RightWithPellet,Left,6,0,3,3,nan,nan,0.62
7/24/2024 13:29:22,1.17.0,Bandit,13,4.18,nan,30,80,20,RightWithPellet,Left,6,0,3,3,nan,nan,0.05
7/24/2024 13:34:27,1.17.0,Bandit,13,4.18,nan,30,80,20,LeftWithPellet,Left,6,0,3,3,nan,nan,0.17
7/24/2024 13:35:31,1.17.0,Bandit,13,4.18,nan,30,80,20,LeftWithPellet,Left,6,0,3,3,nan,nan,0.25
7/24/2024 13:43:32,1.17.0,Bandit,13,4.18,nan,30,80,20,RightWithPellet,Left,6,0,3,3,nan,nan,0.27
7/24/2024 13:43:34,1.17.0,Bandit,13,4.18,1,30,80,20,Pellet,Left,6,0,4,3,Timed_out,2865,nan
7/24/2024 13:43:38,1.17.0,Bandit,13,4.18,nan,30,80,20,Left,Left,7,0,4,4,nan,nan,0.23
7/24/2024 13:44:38,1.17.0,Bandit,13,4.18,nan,30,80,20,LeftWithPellet,Left,7,0,4,4,nan,nan,1.03
7/24/2024 13:44:42,1.17.0,Bandit,13,4.18,1,30,80,20,Pellet,Left,7,0,5,4,Timed_out,69,nan
7/24/2024 13:44:54,1.17.0,Bandit,13,4.18,nan,30,80,20,Right,Left,7,1,5,5,nan,nan,0.83
7/24/2024 13:45:07,1.17.0,Bandit,13,4.18,nan,30,80,20,LeftinTimeOut,Left,7,1,5,5,nan,nan,nan
7/24/2024 13:45:30,1.17.0,Bandit,13,4.18,nan,30,80,20,LeftinTimeOut,Left,7,1,5,5,nan,nan,nan
7/24/2024 13:45:35,1.17.0,Bandit,13,4.18,nan,30,80,20,LeftinTimeOut,Left,7,1,5,5,nan,nan,nan
7/24/2024 13:45:50,1.17.0,Bandit,13,4.18,nan,30,80,20,Right,Left,7,2,5,5,nan,nan,0.19
7/24/2024 13:45:56,1.17.0,Bandit,13,4.18,nan,30,80,20,LeftinTimeOut,Left,7,2,5,5,nan,nan,nan
7/24/2024 13:47:46,1.17.0,Bandit,13,4.18,nan,30,80,20,Right,Left,7,3,5,5,nan,nan,0.23
7/24/2024 13:47:53,1.17.0,Bandit,13,4.18,nan,30,80,20,LeftinTimeOut,Left,7,3,5,5,nan,nan,nan
7/24/2024 13:47:55,1.17.0,Bandit,13,4.18,nan,30,80,20,LeftinTimeOut,Left,7,3,5,5,nan,nan,nan
7/24/2024 13:48:00,1.17.0,Bandit,13,4.18,nan,30,80,20,LeftinTimeOut,Left,7,3,5,5,nan,nan,nan
7/24/2024 13:48:00,1.17.0,Bandit,13,4.18,nan,30,80,20,LeftinTimeOut,Left,7,3,5,5,nan,nan,nan
7/24/2024 13:48:02,1.17.0,Bandit,13,4.18,nan,30,80,20,LeftinTimeOut,Left,7,3,5,5,nan,nan,nan
7/24/2024 13:51:28,1.17.0,Bandit,13,4.18,nan,30,80,20,Left,Left,8,3,5,5,nan,nan,0.23
7/24/2024 13:51:38,1.17.0,Bandit,13,4.18,1,30,80,20,Pellet,Left,8,3,6,5,6.55,416,nan
7/24/2024 13:52:01,1.17.0,Bandit,13,4.18,nan,30,80,20,Left,Left,9,3,6,6,nan,nan,0.02
7/24/2024 13:52:31,1.17.0,Bandit,13,4.18,nan,30,80,20,LeftWithPellet,Left,9,3,6,6,nan,nan,0.83
7/24/2024 13:53:20,1.17.0,Bandit,13,4.18,nan,30,80,20,LeftWithPellet,Left,9,3,6,6,nan,nan,0.86
7/24/2024 13:53:26,1.17.0,Bandit,13,4.18,nan,30,80,20,LeftWithPellet,Left,9,3,6,6,nan,nan,0.75
7/24/2024 13:57:28,1.17.0,Bandit,13,4.18,nan,30,80,20,LeftWithPellet,Left,9,3,6,6,nan,nan,0.19
7/24/2024 13:57:38,1.17.0,Bandit,13,4.18,nan,30,80,20,LeftWithPellet,Left,9,3,6,6,nan,nan,0.66
7/24/2024 13:57:43,1.17.0,Bandit,13,4.18,nan,30,80,20,LeftWithPellet,Left,9,3,6,6,nan,nan,0.43
7/24/2024 13:58:34,1.17.0,Bandit,13,4.18,nan,30,80,20,LeftWithPellet,Left,9,3,6,6,nan,nan,0.19
7/24/2024 14:00:43,1.17.0,Bandit,13,4.18,nan,30,80,20,RightWithPellet,Left,9,3,6,6,nan,nan,0.04
7/24/2024 14:01:41,1.17.0,Bandit,13,4.18,nan,30,80,20,LeftWithPellet,Left,9,3,6,6,nan,nan,1.25
7/24/2024 14:01:49,1.17.0,Bandit,13,4.18,nan,30,80,20,LeftWithPellet,Left,9,3,6,6,nan,nan,0.20
7/24/2024 14:01:53,1.17.0,Bandit,13,4.17,nan,30,80,20,LeftWithPellet,Left,9,3,6,6,nan,nan,0.35
7/24/2024 14:04:59,1.17.0,Bandit,13,4.18,nan,30,80,20,LeftWithPellet,Left,9,3,6,6,nan,nan,0.47
7/24/2024 14:05:06,1.17.0,Bandit,13,4.18,nan,30,80,20,LeftWithPellet,Left,9,3,6,6,nan,nan,0.16
7/24/2024 14:05:07,1.17.0,Bandit,13,4.18,nan,30,80,20,LeftWithPellet,Left,9,3,6,6,nan,nan,0.11
7/24/2024 14:05:11,1.17.0,Bandit,13,4.18,nan,30,80,20,LeftWithPellet,Left,9,3,6,6,nan,nan,0.32
7/24/2024 14:05:12,1.17.0,Bandit,13,4.18,nan,30,80,20,LeftWithPellet,Left,9,3,6,6,nan,nan,0.25
7/24/2024 14:05:17,1.17.0,Bandit,13,4.18,nan,30,80,20,LeftWithPellet,Left,9,3,6,6,nan,nan,0.16
7/24/2024 14:05:23,1.17.0,Bandit,13,4.18,nan,30,80,20,LeftWithPellet,Left,9,3,6,6,nan,nan,0.01
7/24/2024 14:05:48,1.17.0,Bandit,13,4.18,nan,30,80,20,LeftWithPellet,Left,9,3,6,6,nan,nan,1.17
7/24/2024 14:05:53,1.17.0,Bandit,13,4.17,nan,30,80,20,LeftWithPellet,Left,9,3,6,6,nan,nan,0.12
7/24/2024 14:05:54,1.17.0,Bandit,13,4.18,nan,30,80,20,LeftWithPellet,Left,9,3,6,6,nan,nan,0.01
7/24/2024 14:11:37,1.17.0,Bandit,13,4.18,nan,30,80,20,LeftWithPellet,Left,9,3,6,6,nan,nan,0.15
7/24/2024 14:11:39,1.17.0,Bandit,13,4.18,nan,30,80,20,LeftWithPellet,Left,9,3,6,6,nan,nan,0.17
7/24/2024 14:11:50,1.17.0,Bandit,13,4.18,nan,30,80,20,LeftWithPellet,Left,9,3,6,6,nan,nan,0.13
7/24/2024 14:13:17,1.17.0,Bandit,13,4.18,nan,30,80,20,LeftWithPellet,Left,9,3,6,6,nan,nan,0.23
7/24/2024 14:13:19,1.17.0,Bandit,13,4.18,nan,30,80,20,LeftWithPellet,Left,9,3,6,6,nan,nan,0.10
7/24/2024 14:13:23,1.17.0,Bandit,13,4.18,nan,30,80,20,LeftWithPellet,Left,9,3,6,6,nan,nan,0.06
7/24/2024 14:13:29,1.17.0,Bandit,13,4.17,nan,30,80,20,LeftWithPellet,Left,9,3,6,6,nan,nan,0.10
7/24/2024 14:13:31,1.17.0,Bandit,13,4.18,nan,30,80,20,LeftWithPellet,Left,9,3,6,6,nan,nan,0.11
7/24/2024 14:13:35,1.17.0,Bandit,13,4.18,nan,30,80,20,LeftWithPellet,Left,9,3,6,6,nan,nan,0.70
7/24/2024 14:13:51,1.17.0,Bandit,13,4.18,nan,30,80,20,RightWithPellet,Left,9,3,6,6,nan,nan,0.77
7/24/2024 14:16:38,1.17.0,Bandit,13,4.18,nan,30,80,20,RightWithPellet,Left,9,3,6,6,nan,nan,0.31
7/24/2024 14:16:43,1.17.0,Bandit,13,4.18,nan,30,80,20,LeftWithPellet,Left,9,3,6,6,nan,nan,0.11
7/24/2024 14:16:45,1.17.0,Bandit,13,4.18,nan,30,80,20,LeftWithPellet,Left,9,3,6,6,nan,nan,0.30
7/24/2024 14:16:59,1.17.0,Bandit,13,4.18,nan,30,80,20,LeftWithPellet,Left,9,3,6,6,nan,nan,0.10
7/24/2024 14:18:06,1.17.0,Bandit,13,4.18,nan,30,80,20,RightWithPellet,Left,9,3,6,6,nan,nan,0.94
7/24/2024 14:45:58,1.17.0,Bandit,13,4.18,nan,30,80,20,LeftWithPellet,Left,9,3,6,6,nan,nan,0.71
7/24/2024 14:46:11,1.17.0,Bandit,13,4.18,nan,30,80,20,RightWithPellet,Left,9,3,6,6,nan,nan,0.96
7/24/2024 14:46:26,1.17.0,Bandit,13,4.17,nan,30,80,20,LeftWithPellet,Left,9,3,6,6,nan,nan,0.10
7/24/2024 14:46:30,1.17.0,Bandit,13,4.17,nan,30,80,20,LeftWithPellet,Left,9,3,6,6,nan,nan,1.14
7/24/2024 14:46:31,1.17.0,Bandit,13,4.18,nan,30,80,20,LeftWithPellet,Left,9,3,6,6,nan,nan,0.28
7/24/2024 14:46:38,1.17.0,Bandit,13,4.18,nan,30,80,20,LeftWithPellet,Left,9,3,6,6,nan,nan,0.64
7/24/2024 14:46:45,1.17.0,Bandit,13,4.17,nan,30,80,20,RightWithPellet,Left,9,3,6,6,nan,nan,0.19
7/24/2024 14:46:49,1.17.0,Bandit,13,4.18,nan,30,80,20,RightWithPellet,Left,9,3,6,6,nan,nan,0.15
7/24/2024 14:46:54,1.17.0,Bandit,13,4.18,1,30,80,20,Pellet,Left,9,3,7,6,Timed_out,3316,nan
7/24/2024 14:46:56,1.17.0,Bandit,13,4.18,nan,30,80,20,Left,Left,10,3,7,7,nan,nan,0.16
7/24/2024 14:47:54,1.17.0,Bandit,13,4.18,nan,30,80,20,LeftWithPellet,Left,10,3,7,7,nan,nan,0.08
7/24/2024 14:47:57,1.17.0,Bandit,13,4.17,nan,30,80,20,LeftWithPellet,Left,10,3,7,7,nan,nan,0.58
7/24/2024 14:48:04,1.17.0,Bandit,13,4.17,nan,30,80,20,LeftWithPellet,Left,10,3,7,7,nan,nan,0.65
7/24/2024 14:48:08,1.17.0,Bandit,13,4.17,nan,30,80,20,LeftWithPellet,Left,10,3,7,7,nan,nan,0.09
7/24/2024 14:48:13,1.17.0,Bandit,13,4.17,nan,30,80,20,LeftWithPellet,Left,10,3,7,7,nan,nan,0.14
7/24/2024 14:48:22,1.17.0,Bandit,13,4.18,nan,30,80,20,LeftWithPellet,Left,10,3,7,7,nan,nan,1.25
7/24/2024 14:48:25,1.17.0,Bandit,13,4.18,nan,30,80,20,LeftWithPellet,Left,10,3,7,7,nan,nan,0.08
7/24/2024 14:49:06,1.17.0,Bandit,13,4.17,nan,30,80,20,RightWithPellet,Left,10,3,7,7,nan,nan,0.09
7/24/2024 14:49:07,1.17.0,Bandit,13,4.17,nan,30,80,20,RightWithPellet,Left,10,3,7,7,nan,nan,0.02
7/24/2024 14:49:10,1.17.0,Bandit,13,4.18,nan,30,80,20,LeftWithPellet,Left,10,3,7,7,nan,nan,0.13
7/24/2024 14:49:13,1.17.0,Bandit,13,4.17,nan,30,80,20,LeftWithPellet,Left,10,3,7,7,nan,nan,0.13
7/24/2024 14:49:14,1.17.0,Bandit,13,4.18,nan,30,80,20,LeftWithPellet,Left,10,3,7,7,nan,nan,0.16
7/24/2024 14:49:32,1.17.0,Bandit,13,4.18,nan,30,80,20,LeftWithPellet,Left,10,3,7,7,nan,nan,0.07
7/24/2024 14:49:36,1.17.0,Bandit,13,4.17,nan,30,80,20,LeftWithPellet,Left,10,3,7,7,nan,nan,0.03
7/24/2024 14:49:50,1.17.0,Bandit,13,4.18,nan,30,80,20,RightWithPellet,Left,10,3,7,7,nan,nan,1.70
7/24/2024 14:50:13,1.17.0,Bandit,13,4.18,nan,30,80,20,LeftWithPellet,Left,10,3,7,7,nan,nan,0.10
7/24/2024 14:50:21,1.17.0,Bandit,13,4.16,nan,30,80,20,LeftWithPellet,Left,10,3,7,7,nan,nan,0.33
7/24/2024 14:50:21,1.17.0,Bandit,13,4.18,nan,30,80,20,LeftWithPellet,Left,10,3,7,7,nan,nan,0.03
7/24/2024 14:50:28,1.17.0,Bandit,13,4.18,nan,30,80,20,RightWithPellet,Left,10,3,7,7,nan,nan,0.02
7/24/2024 14:50:29,1.17.0,Bandit,13,4.18,nan,30,80,20,RightWithPellet,Left,10,3,7,7,nan,nan,0.27
7/24/2024 14:50:35,1.17.0,Bandit,13,4.18,nan,30,80,20,RightWithPellet,Left,10,3,7,7,nan,nan,0.73
7/24/2024 14:50:38,1.17.0,Bandit,13,4.18,nan,30,80,20,RightWithPellet,Left,10,3,7,7,nan,nan,0.50
7/24/2024 14:50:57,1.17.0,Bandit,13,4.17,nan,30,80,20,RightWithPellet,Left,10,3,7,7,nan,nan,0.14
7/24/2024 14:51:00,1.17.0,Bandit,13,4.18,nan,30,80,20,RightWithPellet,Left,10,3,7,7,nan,nan,0.14
7/24/2024 14:51:05,1.17.0,Bandit,13,4.17,nan,30,80,20,LeftWithPellet,Left,10,3,7,7,nan,nan,0.49
7/24/2024 14:51:11,1.17.0,Bandit,13,4.18,nan,30,80,20,LeftWithPellet,Left,10,3,7,7,nan,nan,0.19
7/24/2024 14:52:05,1.17.0,Bandit,13,4.18,nan,30,80,20,LeftWithPellet,Left,10,3,7,7,nan,nan,1.11
7/24/2024 14:52:12,1.17.0,Bandit,13,4.17,nan,30,80,20,RightWithPellet,Left,10,3,7,7,nan,nan,0.34
7/24/2024 14:52:50,1.17.0,Bandit,13,4.17,nan,30,80,20,LeftWithPellet,Left,10,3,7,7,nan,nan,0.23
7/24/2024 14:52:53,1.17.0,Bandit,13,4.17,nan,30,80,20,LeftWithPellet,Left,10,3,7,7,nan,nan,0.98
7/24/2024 14:52:57,1.17.0,Bandit,13,4.17,nan,30,80,20,LeftWithPellet,Left,10,3,7,7,nan,nan,1.20
7/24/2024 14:53:00,1.17.0,Bandit,13,4.18,nan,30,80,20,LeftWithPellet,Left,10,3,7,7,nan,nan,0.20
7/24/2024 14:53:02,1.17.0,Bandit,13,4.18,nan,30,80,20,LeftWithPellet,Left,10,3,7,7,nan,nan,0.17
7/24/2024 14:53:12,1.17.0,Bandit,13,4.17,nan,30,80,20,RightWithPellet,Left,10,3,7,7,nan,nan,0.24
7/24/2024 14:53:16,1.17.0,Bandit,13,4.18,nan,30,80,20,RightWithPellet,Left,10,3,7,7,nan,nan,0.15
7/24/2024 14:53:25,1.17.0,Bandit,13,4.18,nan,30,80,20,LeftWithPellet,Left,10,3,7,7,nan,nan,1.96
7/24/2024 14:53:30,1.17.0,Bandit,13,4.18,nan,30,80,20,LeftWithPellet,Left,10,3,7,7,nan,nan,0.22
7/24/2024 14:53:33,1.17.0,Bandit,13,4.18,nan,30,80,20,LeftWithPellet,Left,10,3,7,7,nan,nan,0.19
7/24/2024 14:53:34,1.17.0,Bandit,13,4.17,nan,30,80,20,LeftWithPellet,Left,10,3,7,7,nan,nan,0.99
7/24/2024 15:51:02,1.17.0,Bandit,13,4.16,2,30,80,20,Pellet,Left,10,3,8,7,Timed_out,3848,nan
7/24/2024 15:57:39,1.17.0,Bandit,13,4.17,nan,30,80,20,Left,Left,11,3,8,8,nan,nan,0.11
7/24/2024 15:58:23,1.17.0,Bandit,13,4.17,nan,30,80,20,LeftWithPellet,Left,11,3,8,8,nan,nan,0.00
7/24/2024 15:58:50,1.17.0,Bandit,13,4.16,nan,30,80,20,LeftWithPellet,Left,11,3,8,8,nan,nan,1.62
7/24/2024 15:58:52,1.17.0,Bandit,13,4.17,nan,30,80,20,LeftWithPellet,Left,11,3,8,8,nan,nan,0.48
7/24/2024 15:58:56,1.17.0,Bandit,13,4.17,nan,30,80,20,LeftWithPellet,Left,11,3,8,8,nan,nan,0.13
7/24/2024 15:59:11,1.17.0,Bandit,13,4.17,nan,30,80,20,RightWithPellet,Left,11,3,8,8,nan,nan,0.37
7/24/2024 15:59:16,1.17.0,Bandit,13,4.17,nan,30,80,20,RightWithPellet,Left,11,3,8,8,nan,nan,0.62
7/24/2024 15:59:30,1.17.0,Bandit,13,4.17,nan,30,80,20,RightWithPellet,Left,11,3,8,8,nan,nan,0.71
7/24/2024 15:59:35,1.17.0,Bandit,13,4.17,nan,30,80,20,LeftWithPellet,Left,11,3,8,8,nan,nan,0.02
7/24/2024 15:59:39,1.17.0,Bandit,13,4.17,nan,30,80,20,LeftWithPellet,Left,11,3,8,8,nan,nan,0.94
7/24/2024 15:59:41,1.17.0,Bandit,13,4.17,nan,30,80,20,LeftWithPellet,Left,11,3,8,8,nan,nan,0.89
7/24/2024 15:59:44,1.17.0,Bandit,13,4.17,nan,30,80,20,LeftWithPellet,Left,11,3,8,8,nan,nan,0.36
7/24/2024 15:59:47,1.17.0,Bandit,13,4.17,nan,30,80,20,LeftWithPellet,Left,11,3,8,8,nan,nan,1.08
7/24/2024 16:01:55,1.17.0,Bandit,13,4.16,nan,30,80,20,LeftWithPellet,Left,11,3,8,8,nan,nan,1.33
7/24/2024 16:02:12,1.17.0,Bandit,13,4.17,nan,30,80,20,RightWithPellet,Left,11,3,8,8,nan,nan,0.15
7/24/2024 16:02:32,1.17.0,Bandit,13,4.17,nan,30,80,20,LeftWithPellet,Left,11,3,8,8,nan,nan,0.15
7/24/2024 16:02:34,1.17.0,Bandit,13,4.17,nan,30,80,20,LeftWithPellet,Left,11,3,8,8,nan,nan,0.91
7/24/2024 16:02:57,1.17.0,Bandit,13,4.17,nan,30,80,20,LeftWithPellet,Left,11,3,8,8,nan,nan,0.09
7/24/2024 16:02:59,1.17.0,Bandit,13,4.16,nan,30,80,20,LeftWithPellet,Left,11,3,8,8,nan,nan,0.75
7/24/2024 16:03:02,1.17.0,Bandit,13,4.17,nan,30,80,20,LeftWithPellet,Left,11,3,8,8,nan,nan,0.09
7/24/2024 16:03:06,1.17.0,Bandit,13,4.17,nan,30,80,20,LeftWithPellet,Left,11,3,8,8,nan,nan,0.28
7/24/2024 16:03:10,1.17.0,Bandit,13,4.16,nan,30,80,20,LeftWithPellet,Left,11,3,8,8,nan,nan,0.13
7/24/2024 16:03:12,1.17.0,Bandit,13,4.17,nan,30,80,20,LeftWithPellet,Left,11,3,8,8,nan,nan,0.68
7/24/2024 16:03:22,1.17.0,Bandit,13,4.17,nan,30,80,20,RightWithPellet,Left,11,3,8,8,nan,nan,1.04
7/24/2024 16:07:37,1.17.0,Bandit,13,4.17,nan,30,80,20,RightWithPellet,Left,11,3,8,8,nan,nan,0.23
7/24/2024 16:07:40,1.17.0,Bandit,13,4.17,nan,30,80,20,RightWithPellet,Left,11,3,8,8,nan,nan,0.08
7/24/2024 16:07:46,1.17.0,Bandit,13,4.17,nan,30,80,20,LeftWithPellet,Left,11,3,8,8,nan,nan,0.80
7/24/2024 16:07:50,1.17.0,Bandit,13,4.17,nan,30,80,20,LeftWithPellet,Left,11,3,8,8,nan,nan,0.44
7/24/2024 16:07:53,1.17.0,Bandit,13,4.17,nan,30,80,20,LeftWithPellet,Left,11,3,8,8,nan,nan,0.03
7/24/2024 16:07:55,1.17.0,Bandit,13,4.18,nan,30,80,20,LeftWithPellet,Left,11,3,8,8,nan,nan,0.08
7/24/2024 16:08:01,1.17.0,Bandit,13,4.17,nan,30,80,20,LeftWithPellet,Left,11,3,8,8,nan,nan,0.17
7/24/2024 16:08:04,1.17.0,Bandit,13,4.17,nan,30,80,20,LeftWithPellet,Left,11,3,8,8,nan,nan,0.09
7/24/2024 16:08:06,1.17.0,Bandit,13,4.17,nan,30,80,20,LeftWithPellet,Left,11,3,8,8,nan,nan,0.20
7/24/2024 16:08:11,1.17.0,Bandit,13,4.17,nan,30,80,20,LeftWithPellet,Left,11,3,8,8,nan,nan,1.50
7/24/2024 16:08:16,1.17.0,Bandit,13,4.17,nan,30,80,20,LeftWithPellet,Left,11,3,8,8,nan,nan,0.01
7/24/2024 16:08:20,1.17.0,Bandit,13,4.17,nan,30,80,20,LeftWithPellet,Left,11,3,8,8,nan,nan,0.67
7/24/2024 16:08:31,1.17.0,Bandit,13,4.16,nan,30,80,20,LeftWithPellet,Left,11,3,8,8,nan,nan,0.56
7/24/2024 16:08:45,1.17.0,Bandit,13,4.16,nan,30,80,20,RightWithPellet,Left,11,3,8,8,nan,nan,0.78
7/24/2024 16:14:41,1.17.0,Bandit,13,4.17,nan,30,80,20,LeftWithPellet,Left,11,3,8,8,nan,nan,0.01
7/24/2024 16:14:43,1.17.0,Bandit,13,4.17,nan,30,80,20,LeftWithPellet,Left,11,3,8,8,nan,nan,0.09
7/24/2024 16:14:45,1.17.0,Bandit,13,4.17,nan,30,80,20,LeftWithPellet,Left,11,3,8,8,nan,nan,0.07
7/24/2024 16:14:49,1.17.0,Bandit,13,4.17,nan,30,80,20,LeftWithPellet,Left,11,3,8,8,nan,nan,0.08
7/24/2024 16:14:51,1.17.0,Bandit,13,4.17,nan,30,80,20,LeftWithPellet,Left,11,3,8,8,nan,nan,0.18
7/24/2024 16:15:55,1.17.0,Bandit,13,4.17,nan,30,80,20,RightWithPellet,Left,11,3,8,8,nan,nan,0.02
7/24/2024 16:23:40,1.17.0,Bandit,13,4.17,nan,30,80,20,RightWithPellet,Left,11,3,8,8,nan,nan,0.09
7/24/2024 16:25:05,1.17.0,Bandit,13,4.17,1,30,80,20,Pellet,Left,11,3,9,8,Timed_out,2043,nan
7/24/2024 16:28:29,1.17.0,Bandit,13,4.17,nan,30,80,20,Left,Left,12,3,9,9,nan,nan,0.06
7/24/2024 16:29:32,1.17.0,Bandit,13,4.17,nan,30,80,20,LeftWithPellet,Left,12,3,9,9,nan,nan,0.07
7/24/2024 16:30:27,1.17.0,Bandit,13,4.16,nan,30,80,20,RightWithPellet,Left,12,3,9,9,nan,nan,0.01
7/24/2024 16:30:34,1.17.0,Bandit,13,4.17,nan,30,80,20,LeftWithPellet,Left,12,3,9,9,nan,nan,0.17
7/24/2024 16:30:36,1.17.0,Bandit,13,4.17,nan,30,80,20,LeftWithPellet,Left,12,3,9,9,nan,nan,0.19
7/24/2024 16:30:55,1.17.0,Bandit,13,4.16,nan,30,80,20,LeftWithPellet,Left,12,3,9,9,nan,nan,1.79
7/24/2024 16:31:08,1.17.0,Bandit,13,4.16,nan,30,80,20,RightWithPellet,Left,12,3,9,9,nan,nan,0.69
7/24/2024 16:31:13,1.17.0,Bandit,13,4.17,nan,30,80,20,RightWithPellet,Left,12,3,9,9,nan,nan,1.44
7/24/2024 16:31:19,1.17.0,Bandit,13,4.16,nan,30,80,20,LeftWithPellet,Left,12,3,9,9,nan,nan,0.04
7/24/2024 16:31:29,1.17.0,Bandit,13,4.16,nan,30,80,20,LeftWithPellet,Left,12,3,9,9,nan,nan,0.04
7/24/2024 16:41:28,1.17.0,Bandit,13,4.16,nan,30,80,20,RightWithPellet,Left,12,3,9,9,nan,nan,0.02
7/24/2024 16:41:36,1.17.0,Bandit,13,4.17,nan,30,80,20,RightWithPellet,Left,12,3,9,9,nan,nan,0.69
7/24/2024 16:41:43,1.17.0,Bandit,13,4.17,nan,30,80,20,LeftWithPellet,Left,12,3,9,9,nan,nan,0.11
7/24/2024 16:41:45,1.17.0,Bandit,13,4.16,nan,30,80,20,LeftWithPellet,Left,12,3,9,9,nan,nan,0.10
7/24/2024 16:41:51,1.17.0,Bandit,13,4.16,nan,30,80,20,LeftWithPellet,Left,12,3,9,9,nan,nan,0.12
7/24/2024 16:41:55,1.17.0,Bandit,13,4.16,nan,30,80,20,LeftWithPellet,Left,12,3,9,9,nan,nan,0.14
7/24/2024 16:41:59,1.17.0,Bandit,13,4.16,1,30,80,20,Pellet,Left,12,3,10,9,Timed_out,1014,nan
7/24/2024 16:42:08,1.17.0,Bandit,13,4.16,nan,30,80,20,Right,Left,12,4,10,10,nan,nan,1.31
7/24/2024 16:48:10,1.17.0,Bandit,13,4.17,nan,30,80,20,Right,Left,12,5,10,10,nan,nan,1.37
7/24/2024 17:49:37,1.17.0,Bandit,13,4.16,nan,30,80,20,Right,Left,12,6,10,10,nan,nan,0.15
7/24/2024 17:49:40,1.17.0,Bandit,13,4.17,nan,30,80,20,LeftinTimeOut,Left,12,6,10,10,nan,nan,nan
7/24/2024 17:49:42,1.17.0,Bandit,13,4.16,nan,30,80,20,LeftinTimeOut,Left,12,6,10,10,nan,nan,nan
7/24/2024 17:49:43,1.17.0,Bandit,13,4.16,nan,30,80,20,LeftinTimeOut,Left,12,6,10,10,nan,nan,nan
7/24/2024 17:49:45,1.17.0,Bandit,13,4.16,nan,30,80,20,LeftinTimeOut,Left,12,6,10,10,nan,nan,nan
7/24/2024 17:49:47,1.17.0,Bandit,13,4.16,nan,30,80,20,LeftinTimeOut,Left,12,6,10,10,nan,nan,nan
7/24/2024 17:49:49,1.17.0,Bandit,13,4.16,nan,30,80,20,LeftinTimeOut,Left,12,6,10,10,nan,nan,nan
7/24/2024 17:50:12,1.17.0,Bandit,13,4.16,nan,30,80,20,Right,Left,12,7,10,10,nan,nan,0.41
7/24/2024 17:50:41,1.17.0,Bandit,13,4.16,nan,30,80,20,Right,Left,12,8,10,10,nan,nan,0.13
7/24/2024 17:51:15,1.17.0,Bandit,13,4.16,nan,30,80,20,Left,Left,13,8,10,10,nan,nan,0.18
7/24/2024 17:52:14,1.17.0,Bandit,13,4.16,nan,30,80,20,LeftWithPellet,Left,13,8,10,10,nan,nan,1.16
7/24/2024 17:52:15,1.17.0,Bandit,13,4.16,nan,30,80,20,LeftWithPellet,Left,13,8,10,10,nan,nan,0.34
7/24/2024 17:52:37,1.17.0,Bandit,13,4.16,nan,30,80,20,RightWithPellet,Left,13,8,10,10,nan,nan,1.37
7/24/2024 17:52:39,1.17.0,Bandit,13,4.16,nan,30,80,20,RightWithPellet,Left,13,8,10,10,nan,nan,0.67
7/24/2024 17:52:52,1.17.0,Bandit,13,4.16,nan,30,80,20,LeftWithPellet,Left,13,8,10,10,nan,nan,0.17
7/24/2024 17:52:55,1.17.0,Bandit,13,4.16,nan,30,80,20,LeftWithPellet,Left,13,8,10,10,nan,nan,0.16
7/24/2024 17:52:56,1.17.0,Bandit,13,4.17,nan,30,80,20,LeftWithPellet,Left,13,8,10,10,nan,nan,0.06
7/24/2024 17:53:02,1.17.0,Bandit,13,4.16,nan,30,80,20,LeftWithPellet,Left,13,8,10,10,nan,nan,0.16
7/24/2024 17:53:04,1.17.0,Bandit,13,4.16,nan,30,80,20,LeftWithPellet,Left,13,8,10,10,nan,nan,0.88
7/24/2024 17:53:14,1.17.0,Bandit,13,4.16,nan,30,80,20,LeftWithPellet,Left,13,8,10,10,nan,nan,0.01
7/24/2024 17:53:20,1.17.0,Bandit,13,4.16,nan,30,80,20,LeftWithPellet,Left,13,8,10,10,nan,nan,1.59
7/24/2024 17:53:27,1.17.0,Bandit,13,4.17,nan,30,80,20,LeftWithPellet,Left,13,8,10,10,nan,nan,1.72
7/24/2024 17:53:33,1.17.0,Bandit,13,4.16,nan,30,80,20,LeftWithPellet,Left,13,8,10,10,nan,nan,0.11
7/24/2024 17:53:42,1.17.0,Bandit,13,4.16,nan,30,80,20,LeftWithPellet,Left,13,8,10,10,nan,nan,0.11
7/24/2024 17:53:45,1.17.0,Bandit,13,4.16,nan,30,80,20,LeftWithPellet,Left,13,8,10,10,nan,nan,0.82
7/24/2024 17:54:01,1.17.0,Bandit,13,4.16,nan,30,80,20,RightWithPellet,Left,13,8,10,10,nan,nan,0.01
7/24/2024 17:54:04,1.17.0,Bandit,13,4.16,nan,30,80,20,RightWithPellet,Left,13,8,10,10,nan,nan,0.82
7/24/2024 17:54:08,1.17.0,Bandit,13,4.16,nan,30,80,20,RightWithPellet,Left,13,8,10,10,nan,nan,0.09
7/24/2024 17:54:13,1.17.0,Bandit,13,4.16,nan,30,80,20,RightWithPellet,Left,13,8,10,10,nan,nan,0.59
7/24/2024 17:54:27,1.17.0,Bandit,13,4.16,nan,30,80,20,LeftWithPellet,Left,13,8,10,10,nan,nan,0.08
7/24/2024 17:54:28,1.17.0,Bandit,13,4.16,nan,30,80,20,LeftWithPellet,Left,13,8,10,10,nan,nan,0.19
7/24/2024 17:54:36,1.17.0,Bandit,13,4.16,nan,30,80,20,LeftWithPellet,Left,13,8,10,10,nan,nan,0.11
7/24/2024 17:54:39,1.17.0,Bandit,13,4.16,nan,30,80,20,LeftWithPellet,Left,13,8,10,10,nan,nan,1.80
7/24/2024 17:54:41,1.17.0,Bandit,13,4.16,nan,30,80,20,LeftWithPellet,Left,13,8,10,10,nan,nan,0.02
7/24/2024 17:55:01,1.17.0,Bandit,13,4.16,nan,30,80,20,RightWithPellet,Left,13,8,10,10,nan,nan,0.04
7/24/2024 17:55:02,1.17.0,Bandit,13,4.16,nan,30,80,20,RightWithPellet,Left,13,8,10,10,nan,nan,0.31
7/24/2024 17:55:07,1.17.0,Bandit,13,4.16,nan,30,80,20,RightWithPellet,Left,13,8,10,10,nan,nan,0.11
7/24/2024 17:55:15,1.17.0,Bandit,13,4.16,nan,30,80,20,RightWithPellet,Left,13,8,10,10,nan,nan,0.62
7/24/2024 17:55:16,1.17.0,Bandit,13,4.16,nan,30,80,20,RightWithPellet,Left,13,8,10,10,nan,nan,0.20
7/24/2024 17:55:24,1.17.0,Bandit,13,4.16,nan,30,80,20,RightWithPellet,Left,13,8,10,10,nan,nan,1.11
7/24/2024 17:55:26,1.17.0,Bandit,13,4.16,nan,30,80,20,RightWithPellet,Left,13,8,10,10,nan,nan,0.78
7/24/2024 17:55:48,1.17.0,Bandit,13,4.16,nan,30,80,20,RightWithPellet,Left,13,8,10,10,nan,nan,0.16
7/24/2024 17:55:49,1.17.0,Bandit,13,4.16,nan,30,80,20,RightWithPellet,Left,13,8,10,10,nan,nan,0.07
7/24/2024 17:55:51,1.17.0,Bandit,13,4.17,nan,30,80,20,RightWithPellet,Left,13,8,10,10,nan,nan,0.41
7/24/2024 17:56:42,1.17.0,Bandit,13,4.16,nan,30,80,20,LeftWithPellet,Left,13,8,10,10,nan,nan,0.16
7/24/2024 17:56:43,1.17.0,Bandit,13,4.16,nan,30,80,20,LeftWithPellet,Left,13,8,10,10,nan,nan,0.40
7/24/2024 18:00:07,1.17.0,Bandit,13,4.16,nan,30,80,20,RightWithPellet,Left,13,8,10,10,nan,nan,1.34
7/24/2024 18:00:10,1.17.0,Bandit,13,4.16,nan,30,80,20,LeftWithPellet,Left,13,8,10,10,nan,nan,0.09
7/24/2024 18:00:15,1.17.0,Bandit,13,4.16,nan,30,80,20,LeftWithPellet,Left,13,8,10,10,nan,nan,0.07
7/24/2024 18:00:16,1.17.0,Bandit,13,4.16,nan,30,80,20,LeftWithPellet,Left,13,8,10,10,nan,nan,0.15
7/24/2024 18:00:26,1.17.0,Bandit,13,4.16,nan,30,80,20,LeftWithPellet,Left,13,8,10,10,nan,nan,0.69
7/24/2024 18:01:51,1.17.0,Bandit,13,4.16,nan,30,80,20,RightWithPellet,Left,13,8,10,10,nan,nan,0.11
7/24/2024 18:02:13,1.17.0,Bandit,13,4.16,nan,30,80,20,LeftWithPellet,Left,13,8,10,10,nan,nan,0.14
7/24/2024 18:02:15,1.17.0,Bandit,13,4.16,nan,30,80,20,LeftWithPellet,Left,13,8,10,10,nan,nan,0.12
7/24/2024 18:02:19,1.17.0,Bandit,13,4.16,nan,30,80,20,LeftWithPellet,Left,13,8,10,10,nan,nan,0.15
7/24/2024 18:02:23,1.17.0,Bandit,13,4.16,nan,30,80,20,LeftWithPellet,Left,13,8,10,10,nan,nan,0.07
7/24/2024 18:02:25,1.17.0,Bandit,13,4.16,nan,30,80,20,LeftWithPellet,Left,13,8,10,10,nan,nan,0.23
7/24/2024 18:02:37,1.17.0,Bandit,13,4.16,nan,30,80,20,LeftWithPellet,Left,13,8,10,10,nan,nan,1.20
7/24/2024 18:02:48,1.17.0,Bandit,13,4.16,nan,30,80,20,LeftWithPellet,Left,13,8,10,10,nan,nan,0.04
7/24/2024 18:03:14,1.17.0,Bandit,13,4.16,nan,30,80,20,LeftWithPellet,Left,13,8,10,10,nan,nan,0.46
7/24/2024 18:03:15,1.17.0,Bandit,13,4.16,nan,30,80,20,LeftWithPellet,Left,13,8,10,10,nan,nan,0.29
7/24/2024 18:03:17,1.17.0,Bandit,13,4.16,nan,30,80,20,LeftWithPellet,Left,13,8,10,10,nan,nan,0.10
7/24/2024 18:08:14,1.17.0,Bandit,13,4.16,nan,30,80,20,LeftWithPellet,Left,13,8,10,10,nan,nan,0.80
7/24/2024 18:08:22,1.17.0,Bandit,13,4.16,nan,30,80,20,LeftWithPellet,Left,13,8,10,10,nan,nan,0.92
7/24/2024 18:08:28,1.17.0,Bandit,13,4.16,1,30,80,20,Pellet,Left,13,8,11,10,Timed_out,5189,nan
7/24/2024 18:08:32,1.17.0,Bandit,13,4.16,nan,30,80,20,Left,Left,14,8,11,11,nan,nan,0.80
7/24/2024 18:10:20,1.17.0,Bandit,13,4.16,nan,30,80,20,LeftWithPellet,Left,14,8,11,11,nan,nan,0.53
7/24/2024 18:10:24,1.17.0,Bandit,13,4.16,nan,30,80,20,LeftWithPellet,Left,14,8,11,11,nan,nan,0.02
7/24/2024 18:13:23,1.17.0,Bandit,13,4.16,nan,30,80,20,LeftWithPellet,Left,14,8,11,11,nan,nan,0.24
7/24/2024 18:14:54,1.17.0,Bandit,13,4.16,nan,30,80,20,RightWithPellet,Left,14,8,11,11,nan,nan,0.09
7/24/2024 18:16:42,1.17.0,Bandit,13,4.16,nan,30,80,20,LeftWithPellet,Left,14,8,11,11,nan,nan,0.75
7/24/2024 18:18:01,1.17.0,Bandit,13,4.16,nan,30,80,20,RightWithPellet,Left,14,8,11,11,nan,nan,0.06
7/24/2024 18:18:07,1.17.0,Bandit,13,4.16,nan,30,80,20,LeftWithPellet,Left,14,8,11,11,nan,nan,0.11
7/24/2024 18:24:43,1.17.0,Bandit,13,4.16,nan,30,80,20,LeftWithPellet,Left,14,8,11,11,nan,nan,0.18
7/24/2024 18:27:20,1.17.0,Bandit,13,4.16,nan,30,80,20,RightWithPellet,Left,14,8,11,11,nan,nan,0.12
7/24/2024 18:33:39,1.17.0,Bandit,13,4.16,nan,30,80,20,LeftWithPellet,Left,14,8,11,11,nan,nan,1.93
7/24/2024 18:35:23,1.17.0,Bandit,13,4.16,nan,30,80,20,LeftWithPellet,Left,14,8,11,11,nan,nan,0.14
7/24/2024 18:35:28,1.17.0,Bandit,13,4.16,nan,30,80,20,LeftWithPellet,Left,14,8,11,11,nan,nan,0.03
7/24/2024 18:35:33,1.17.0,Bandit,13,4.16,nan,30,80,20,LeftWithPellet,Left,14,8,11,11,nan,nan,0.27
7/24/2024 18:35:38,1.17.0,Bandit,13,4.16,nan,30,80,20,LeftWithPellet,Left,14,8,11,11,nan,nan,0.10
7/24/2024 18:47:43,1.17.0,Bandit,13,4.16,nan,30,80,20,LeftWithPellet,Left,14,8,11,11,nan,nan,0.40
7/24/2024 19:07:56,1.17.0,Bandit,13,4.16,nan,30,80,20,LeftWithPellet,Left,14,8,11,11,nan,nan,0.28
7/24/2024 19:08:10,1.17.0,Bandit,13,4.16,nan,30,80,20,LeftWithPellet,Left,14,8,11,11,nan,nan,0.30
7/24/2024 19:08:15,1.17.0,Bandit,13,4.16,nan,30,80,20,LeftWithPellet,Left,14,8,11,11,nan,nan,0.17
7/24/2024 19:11:20,1.17.0,Bandit,13,4.16,nan,30,80,20,LeftWithPellet,Left,14,8,11,11,nan,nan,1.10
7/24/2024 19:11:33,1.17.0,Bandit,13,4.16,nan,30,80,20,LeftWithPellet,Left,14,8,11,11,nan,nan,0.06
7/24/2024 19:18:31,1.17.0,Bandit,13,4.16,nan,30,80,20,LeftWithPellet,Left,14,8,11,11,nan,nan,0.08
7/24/2024 19:27:22,1.17.0,Bandit,13,4.16,nan,30,80,20,RightWithPellet,Left,14,8,11,11,nan,nan,1.21
7/24/2024 19:28:22,1.17.0,Bandit,13,4.16,nan,30,80,20,LeftWithPellet,Left,14,8,11,11,nan,nan,0.23
7/24/2024 19:39:24,1.17.0,Bandit,13,4.14,nan,30,80,20,LeftWithPellet,Left,14,8,11,11,nan,nan,0.08
7/24/2024 19:39:28,1.17.0,Bandit,13,4.16,nan,30,80,20,LeftWithPellet,Left,14,8,11,11,nan,nan,0.27
7/24/2024 19:39:39,1.17.0,Bandit,13,4.16,nan,30,80,20,LeftWithPellet,Left,14,8,11,11,nan,nan,0.04
7/24/2024 19:39:43,1.17.0,Bandit,13,4.16,nan,30,80,20,LeftWithPellet,Left,14,8,11,11,nan,nan,0.40
7/24/2024 19:40:52,1.17.0,Bandit,13,4.15,nan,30,80,20,LeftWithPellet,Left,14,8,11,11,nan,nan,1.33
7/24/2024 19:41:32,1.17.0,Bandit,13,4.16,nan,30,80,20,RightWithPellet,Left,14,8,11,11,nan,nan,0.12
7/24/2024 20:14:49,1.17.0,Bandit,13,4.15,nan,30,80,20,RightWithPellet,Left,14,8,11,11,nan,nan,1.35
7/24/2024 20:15:31,1.17.0,Bandit,13,4.16,nan,30,80,20,LeftWithPellet,Left,14,8,11,11,nan,nan,1.89
7/24/2024 20:16:06,1.17.0,Bandit,13,4.16,nan,30,80,20,RightWithPellet,Left,14,8,11,11,nan,nan,0.09
7/24/2024 20:16:16,1.17.0,Bandit,13,4.16,nan,30,80,20,RightWithPellet,Left,14,8,11,11,nan,nan,1.82
7/24/2024 20:16:22,1.17.0,Bandit,13,4.16,nan,30,80,20,RightWithPellet,Left,14,8,11,11,nan,nan,0.97
7/24/2024 20:16:28,1.17.0,Bandit,13,4.16,nan,30,80,20,LeftWithPellet,Left,14,8,11,11,nan,nan,0.23
7/24/2024 20:16:29,1.17.0,Bandit,13,4.16,nan,30,80,20,LeftWithPellet,Left,14,8,11,11,nan,nan,0.10
7/24/2024 20:16:33,1.17.0,Bandit,13,4.15,nan,30,80,20,LeftWithPellet,Left,14,8,11,11,nan,nan,0.47
7/24/2024 20:16:36,1.17.0,Bandit,13,4.16,nan,30,80,20,LeftWithPellet,Left,14,8,11,11,nan,nan,0.55
7/24/2024 20:19:14,1.17.0,Bandit,13,4.15,nan,30,80,20,LeftWithPellet,Left,14,8,11,11,nan,nan,0.19
7/24/2024 20:19:19,1.17.0,Bandit,13,4.16,nan,30,80,20,RightWithPellet,Left,14,8,11,11,nan,nan,0.15
7/24/2024 20:19:26,1.17.0,Bandit,13,4.16,nan,30,80,20,LeftWithPellet,Left,14,8,11,11,nan,nan,0.05
7/24/2024 20:19:28,1.17.0,Bandit,13,4.15,nan,30,80,20,LeftWithPellet,Left,14,8,11,11,nan,nan,0.62
7/24/2024 20:19:30,1.17.0,Bandit,13,4.16,nan,30,80,20,LeftWithPellet,Left,14,8,11,11,nan,nan,0.67
7/24/2024 20:19:33,1.17.0,Bandit,13,4.15,nan,30,80,20,LeftWithPellet,Left,14,8,11,11,nan,nan,0.31
7/24/2024 20:19:34,1.17.0,Bandit,13,4.16,nan,30,80,20,LeftWithPellet,Left,14,8,11,11,nan,nan,0.10
7/24/2024 20:19:46,1.17.0,Bandit,13,4.16,nan,30,80,20,RightWithPellet,Left,14,8,11,11,nan,nan,0.07
7/24/2024 20:19:49,1.17.0,Bandit,13,4.16,nan,30,80,20,RightWithPellet,Left,14,8,11,11,nan,nan,0.83
7/24/2024 20:20:08,1.17.0,Bandit,13,4.16,nan,30,80,20,LeftWithPellet,Left,14,8,11,11,nan,nan,0.06
7/24/2024 20:20:12,1.17.0,Bandit,13,4.16,nan,30,80,20,LeftWithPellet,Left,14,8,11,11,nan,nan,0.06
7/24/2024 20:20:13,1.17.0,Bandit,13,4.16,nan,30,80,20,LeftWithPellet,Left,14,8,11,11,nan,nan,0.13
7/24/2024 20:20:19,1.17.0,Bandit,13,4.16,nan,30,80,20,LeftWithPellet,Left,14,8,11,11,nan,nan,0.23
7/24/2024 20:20:48,1.17.0,Bandit,13,4.16,nan,30,80,20,LeftWithPellet,Left,14,8,11,11,nan,nan,0.04
7/24/2024 20:20:57,1.17.0,Bandit,13,4.16,nan,30,80,20,LeftWithPellet,Left,14,8,11,11,nan,nan,0.11
7/24/2024 20:23:06,1.17.0,Bandit,13,4.16,nan,30,80,20,LeftWithPellet,Left,14,8,11,11,nan,nan,0.11
7/24/2024 20:31:31,1.17.0,Bandit,13,4.16,nan,30,80,20,LeftWithPellet,Left,14,8,11,11,nan,nan,0.03
7/24/2024 20:33:06,1.17.0,Bandit,13,4.15,nan,30,80,20,LeftWithPellet,Left,14,8,11,11,nan,nan,0.07
7/24/2024 20:33:40,1.17.0,Bandit,13,4.16,nan,30,80,20,LeftWithPellet,Left,14,8,11,11,nan,nan,1.24
7/24/2024 20:37:11,1.17.0,Bandit,13,4.15,nan,30,80,20,RightWithPellet,Left,14,8,11,11,nan,nan,0.08
7/24/2024 20:37:27,1.17.0,Bandit,13,4.16,nan,30,80,20,RightWithPellet,Left,14,8,11,11,nan,nan,0.37
7/24/2024 20:37:37,1.17.0,Bandit,13,4.15,nan,30,80,20,LeftWithPellet,Left,14,8,11,11,nan,nan,0.14
7/24/2024 20:37:39,1.17.0,Bandit,13,4.15,nan,30,80,20,LeftWithPellet,Left,14,8,11,11,nan,nan,0.05
7/24/2024 20:37:40,1.17.0,Bandit,13,4.15,nan,30,80,20,LeftWithPellet,Left,14,8,11,11,nan,nan,0.51
7/24/2024 20:37:47,1.17.0,Bandit,13,4.15,nan,30,80,20,LeftWithPellet,Left,14,8,11,11,nan,nan,0.01
7/24/2024 20:37:48,1.17.0,Bandit,13,4.16,nan,30,80,20,LeftWithPellet,Left,14,8,11,11,nan,nan,0.10
7/24/2024 20:37:53,1.17.0,Bandit,13,4.16,nan,30,80,20,RightWithPellet,Left,14,8,11,11,nan,nan,0.03
7/24/2024 20:38:01,1.17.0,Bandit,13,4.15,nan,30,80,20,RightWithPellet,Left,14,8,11,11,nan,nan,0.88
7/24/2024 20:38:02,1.17.0,Bandit,13,4.15,nan,30,80,20,RightWithPellet,Left,14,8,11,11,nan,nan,0.55
7/24/2024 20:38:04,1.17.0,Bandit,13,4.14,nan,30,80,20,RightWithPellet,Left,14,8,11,11,nan,nan,0.46
7/24/2024 20:38:46,1.17.0,Bandit,13,4.16,nan,30,80,20,LeftWithPellet,Left,14,8,11,11,nan,nan,0.16
7/24/2024 20:38:48,1.17.0,Bandit,13,4.15,nan,30,80,20,LeftWithPellet,Left,14,8,11,11,nan,nan,1.25
7/24/2024 20:38:53,1.17.0,Bandit,13,4.16,nan,30,80,20,LeftWithPellet,Left,14,8,11,11,nan,nan,0.13
7/24/2024 20:44:44,1.17.0,Bandit,13,4.16,nan,30,80,20,RightWithPellet,Left,14,8,11,11,nan,nan,0.25
7/24/2024 20:44:52,1.17.0,Bandit,13,4.15,nan,30,80,20,LeftWithPellet,Left,14,8,11,11,nan,nan,0.18
7/24/2024 20:48:53,1.17.0,Bandit,13,4.15,nan,30,80,20,RightWithPellet,Left,14,8,11,11,nan,nan,0.20
7/24/2024 21:05:35,1.17.0,Bandit,13,4.15,nan,30,80,20,RightWithPellet,Left,14,8,11,11,nan,nan,0.53
7/24/2024 21:06:16,1.17.0,Bandit,13,4.16,nan,30,80,20,LeftWithPellet,Left,14,8,11,11,nan,nan,0.21
7/24/2024 21:06:23,1.17.0,Bandit,13,4.15,nan,30,80,20,LeftWithPellet,Left,14,8,11,11,nan,nan,0.15
7/24/2024 21:06:28,1.17.0,Bandit,13,4.16,nan,30,80,20,LeftWithPellet,Left,14,8,11,11,nan,nan,0.13
7/24/2024 21:06:29,1.17.0,Bandit,13,4.16,nan,30,80,20,LeftWithPellet,Left,14,8,11,11,nan,nan,0.15
7/24/2024 21:06:40,1.17.0,Bandit,13,4.15,nan,30,80,20,LeftWithPellet,Left,14,8,11,11,nan,nan,0.05
7/24/2024 21:19:13,1.17.0,Bandit,13,4.15,nan,30,80,20,LeftWithPellet,Left,14,8,11,11,nan,nan,0.27
7/24/2024 21:19:15,1.17.0,Bandit,13,4.15,nan,30,80,20,LeftWithPellet,Left,14,8,11,11,nan,nan,0.65
7/24/2024 21:19:19,1.17.0,Bandit,13,4.16,nan,30,80,20,LeftWithPellet,Left,14,8,11,11,nan,nan,0.55
7/24/2024 21:19:21,1.17.0,Bandit,13,4.15,nan,30,80,20,RightWithPellet,Left,14,8,11,11,nan,nan,0.31
7/24/2024 21:19:41,1.17.0,Bandit,13,4.15,nan,30,80,20,LeftWithPellet,Left,14,8,11,11,nan,nan,0.20
7/24/2024 21:19:42,1.17.0,Bandit,13,4.14,nan,30,80,20,LeftWithPellet,Left,14,8,11,11,nan,nan,0.50
7/24/2024 21:26:30,1.17.0,Bandit,13,4.15,nan,30,80,20,RightWithPellet,Left,14,8,11,11,nan,nan,0.52
7/24/2024 21:26:38,1.17.0,Bandit,13,4.15,nan,30,80,20,RightWithPellet,Left,14,8,11,11,nan,nan,0.64
7/24/2024 21:26:41,1.17.0,Bandit,13,4.15,nan,30,80,20,LeftWithPellet,Left,14,8,11,11,nan,nan,0.21
7/24/2024 21:26:45,1.17.0,Bandit,13,4.15,nan,30,80,20,LeftWithPellet,Left,14,8,11,11,nan,nan,0.14
7/24/2024 21:26:46,1.17.0,Bandit,13,4.14,nan,30,80,20,LeftWithPellet,Left,14,8,11,11,nan,nan,0.13
7/24/2024 21:26:48,1.17.0,Bandit,13,4.15,nan,30,80,20,LeftWithPellet,Left,14,8,11,11,nan,nan,0.06
7/24/2024 21:26:52,1.17.0,Bandit,13,4.15,nan,30,80,20,LeftWithPellet,Left,14,8,11,11,nan,nan,0.28
7/24/2024 21:26:56,1.17.0,Bandit,13,4.16,nan,30,80,20,LeftWithPellet,Left,14,8,11,11,nan,nan,0.14
7/24/2024 21:27:22,1.17.0,Bandit,13,4.15,nan,30,80,20,RightWithPellet,Left,14,8,11,11,nan,nan,1.00
7/24/2024 21:48:29,1.17.0,Bandit,13,4.14,nan,30,80,20,RightWithPellet,Left,14,8,11,11,nan,nan,1.54
7/24/2024 22:22:09,1.17.0,Bandit,13,4.14,nan,30,80,20,LeftWithPellet,Left,14,8,11,11,nan,nan,0.13
7/24/2024 22:22:13,1.17.0,Bandit,13,4.15,nan,30,80,20,LeftWithPellet,Left,14,8,11,11,nan,nan,0.88
7/24/2024 22:22:47,1.17.0,Bandit,13,4.15,nan,30,80,20,RightWithPellet,Left,14,8,11,11,nan,nan,0.12
7/24/2024 22:22:49,1.17.0,Bandit,13,4.14,nan,30,80,20,LeftWithPellet,Left,14,8,11,11,nan,nan,0.06
7/24/2024 22:23:36,1.17.0,Bandit,13,4.15,nan,30,80,20,LeftWithPellet,Left,14,8,11,11,nan,nan,0.62
7/24/2024 22:23:37,1.17.0,Bandit,13,4.15,nan,30,80,20,LeftWithPellet,Left,14,8,11,11,nan,nan,0.24
7/24/2024 22:23:44,1.17.0,Bandit,13,4.14,nan,30,80,20,LeftWithPellet,Left,14,8,11,11,nan,nan,0.20
7/24/2024 22:24:19,1.17.0,Bandit,13,4.15,nan,30,80,20,RightWithPellet,Left,14,8,11,11,nan,nan,0.30
7/24/2024 22:24:55,1.17.0,Bandit,13,4.15,nan,30,80,20,LeftWithPellet,Left,14,8,11,11,nan,nan,0.15
7/24/2024 22:25:15,1.17.0,Bandit,13,4.14,nan,30,80,20,RightWithPellet,Left,14,8,11,11,nan,nan,0.22
7/24/2024 22:25:29,1.17.0,Bandit,13,4.14,nan,30,80,20,RightWithPellet,Left,14,8,11,11,nan,nan,0.27
7/24/2024 22:25:34,1.17.0,Bandit,13,4.14,nan,30,80,20,LeftWithPellet,Left,14,8,11,11,nan,nan,0.22
7/24/2024 22:25:40,1.17.0,Bandit,13,4.15,nan,30,80,20,LeftWithPellet,Left,14,8,11,11,nan,nan,0.39
7/24/2024 22:32:50,1.17.0,Bandit,13,4.14,nan,30,80,20,LeftWithPellet,Left,14,8,11,11,nan,nan,0.17
7/24/2024 22:33:37,1.17.0,Bandit,13,4.15,nan,30,80,20,RightWithPellet,Left,14,8,11,11,nan,nan,0.12
7/24/2024 22:43:17,1.17.0,Bandit,13,4.14,nan,30,80,20,LeftWithPellet,Left,14,8,11,11,nan,nan,0.11
7/24/2024 22:48:33,1.17.0,Bandit,13,4.14,nan,30,80,20,LeftWithPellet,Left,14,8,11,11,nan,nan,0.15
7/24/2024 22:56:47,1.17.0,Bandit,13,4.15,nan,30,80,20,RightWithPellet,Left,14,8,11,11,nan,nan,0.22
7/24/2024 22:56:48,1.17.0,Bandit,13,4.15,nan,30,80,20,LeftWithPellet,Left,14,8,11,11,nan,nan,0.26
7/24/2024 22:56:51,1.17.0,Bandit,13,4.14,nan,30,80,20,LeftWithPellet,Left,14,8,11,11,nan,nan,0.55
7/24/2024 23:07:07,1.17.0,Bandit,13,4.14,nan,30,80,20,LeftWithPellet,Left,14,8,11,11,nan,nan,0.12
7/24/2024 23:07:09,1.17.0,Bandit,13,4.15,nan,30,80,20,LeftWithPellet,Left,14,8,11,11,nan,nan,0.19
7/24/2024 23:07:12,1.17.0,Bandit,13,4.15,nan,30,80,20,RightWithPellet,Left,14,8,11,11,nan,nan,0.30
7/24/2024 23:07:16,1.17.0,Bandit,13,4.14,nan,30,80,20,LeftWithPellet,Left,14,8,11,11,nan,nan,0.17
7/24/2024 23:07:17,1.17.0,Bandit,13,4.14,nan,30,80,20,LeftWithPellet,Left,14,8,11,11,nan,nan,0.21
7/24/2024 23:07:25,1.17.0,Bandit,13,4.14,nan,30,80,20,LeftWithPellet,Left,14,8,11,11,nan,nan,0.90
7/24/2024 23:08:25,1.17.0,Bandit,13,4.14,nan,30,80,20,RightWithPellet,Left,14,8,11,11,nan,nan,0.20
7/24/2024 23:08:30,1.17.0,Bandit,13,4.15,nan,30,80,20,RightWithPellet,Left,14,8,11,11,nan,nan,0.46
7/24/2024 23:08:42,1.17.0,Bandit,13,4.14,nan,30,80,20,LeftWithPellet,Left,14,8,11,11,nan,nan,0.22
7/24/2024 23:08:46,1.17.0,Bandit,13,4.14,nan,30,80,20,LeftWithPellet,Left,14,8,11,11,nan,nan,0.27
7/24/2024 23:08:50,1.17.0,Bandit,13,4.14,nan,30,80,20,LeftWithPellet,Left,14,8,11,11,nan,nan,0.57
7/24/2024 23:13:32,1.17.0,Bandit,13,4.14,nan,30,80,20,LeftWithPellet,Left,14,8,11,11,nan,nan,0.03
7/24/2024 23:23:15,1.17.0,Bandit,13,4.14,nan,30,80,20,LeftWithPellet,Left,14,8,11,11,nan,nan,0.14
7/24/2024 23:23:17,1.17.0,Bandit,13,4.15,nan,30,80,20,LeftWithPellet,Left,14,8,11,11,nan,nan,0.35
7/24/2024 23:23:18,1.17.0,Bandit,13,4.14,nan,30,80,20,LeftWithPellet,Left,14,8,11,11,nan,nan,0.13
7/24/2024 23:23:21,1.17.0,Bandit,13,4.14,nan,30,80,20,RightWithPellet,Left,14,8,11,11,nan,nan,0.28
7/24/2024 23:23:23,1.17.0,Bandit,13,4.14,nan,30,80,20,RightWithPellet,Left,14,8,11,11,nan,nan,0.26
7/24/2024 23:23:27,1.17.0,Bandit,13,4.14,nan,30,80,20,LeftWithPellet,Left,14,8,11,11,nan,nan,0.07
7/24/2024 23:23:29,1.17.0,Bandit,13,4.14,nan,30,80,20,LeftWithPellet,Left,14,8,11,11,nan,nan,0.13
7/24/2024 23:23:32,1.17.0,Bandit,13,4.14,nan,30,80,20,RightWithPellet,Left,14,8,11,11,nan,nan,0.22
7/24/2024 23:24:07,1.17.0,Bandit,13,4.14,nan,30,80,20,LeftWithPellet,Left,14,8,11,11,nan,nan,0.03
7/24/2024 23:24:09,1.17.0,Bandit,13,4.15,nan,30,80,20,LeftWithPellet,Left,14,8,11,11,nan,nan,0.17
7/24/2024 23:24:09,1.17.0,Bandit,13,4.14,nan,30,80,20,LeftWithPellet,Left,14,8,11,11,nan,nan,0.02
7/24/2024 23:28:20,1.17.0,Bandit,13,4.14,nan,30,80,20,RightWithPellet,Left,14,8,11,11,nan,nan,0.21
7/24/2024 23:28:25,1.17.0,Bandit,13,4.14,nan,30,80,20,LeftWithPellet,Left,14,8,11,11,nan,nan,0.17
7/24/2024 23:28:29,1.17.0,Bandit,13,4.14,nan,30,80,20,RightWithPellet,Left,14,8,11,11,nan,nan,0.66
7/24/2024 23:36:32,1.17.0,Bandit,13,4.14,nan,30,80,20,LeftWithPellet,Left,14,8,11,11,nan,nan,0.10
7/24/2024 23:36:41,1.17.0,Bandit,13,4.13,nan,30,80,20,LeftWithPellet,Left,14,8,11,11,nan,nan,0.12
7/24/2024 23:53:04,1.17.0,Bandit,13,4.14,nan,30,80,20,LeftWithPellet,Left,14,8,11,11,nan,nan,0.19
7/24/2024 23:53:50,1.17.0,Bandit,13,4.14,nan,30,80,20,LeftWithPellet,Left,14,8,11,11,nan,nan,0.22
7/24/2024 23:53:53,1.17.0,Bandit,13,4.14,nan,30,80,20,LeftWithPellet,Left,14,8,11,11,nan,nan,0.91
7/24/2024 23:53:55,1.17.0,Bandit,13,4.14,nan,30,80,20,LeftWithPellet,Left,14,8,11,11,nan,nan,0.23
7/24/2024 23:54:03,1.17.0,Bandit,13,4.14,nan,30,80,20,RightWithPellet,Left,14,8,11,11,nan,nan,0.19
7/24/2024 23:54:14,1.17.0,Bandit,13,4.14,nan,30,80,20,RightWithPellet,Left,14,8,11,11,nan,nan,0.09
7/24/2024 23:54:19,1.17.0,Bandit,13,4.14,nan,30,80,20,RightWithPellet,Left,14,8,11,11,nan,nan,0.18
7/24/2024 23:54:23,1.17.0,Bandit,13,4.14,nan,30,80,20,LeftWithPellet,Left,14,8,11,11,nan,nan,0.09
7/24/2024 23:54:26,1.17.0,Bandit,13,4.14,nan,30,80,20,LeftWithPellet,Left,14,8,11,11,nan,nan,0.93
7/24/2024 23:54:29,1.17.0,Bandit,13,4.14,nan,30,80,20,LeftWithPellet,Left,14,8,11,11,nan,nan,1.37
7/24/2024 23:54:30,1.17.0,Bandit,13,4.14,nan,30,80,20,LeftWithPellet,Left,14,8,11,11,nan,nan,0.12
7/24/2024 23:54:32,1.17.0,Bandit,13,4.14,nan,30,80,20,LeftWithPellet,Left,14,8,11,11,nan,nan,0.62
7/24/2024 23:54:33,1.17.0,Bandit,13,4.14,nan,30,80,20,LeftWithPellet,Left,14,8,11,11,nan,nan,0.26
7/24/2024 23:54:36,1.17.0,Bandit,13,4.14,nan,30,80,20,RightWithPellet,Left,14,8,11,11,nan,nan,0.51
7/25/2024 0:07:24,1.17.0,Bandit,13,4.14,nan,30,80,20,LeftWithPellet,Left,14,8,11,11,nan,nan,0.24
7/25/2024 0:07:30,1.17.0,Bandit,13,4.14,nan,30,80,20,LeftWithPellet,Left,14,8,11,11,nan,nan,0.06
7/25/2024 0:07:33,1.17.0,Bandit,13,4.14,nan,30,80,20,RightWithPellet,Left,14,8,11,11,nan,nan,0.07
7/25/2024 0:07:38,1.17.0,Bandit,13,4.15,nan,30,80,20,RightWithPellet,Left,14,8,11,11,nan,nan,0.11
7/25/2024 0:07:39,1.17.0,Bandit,13,4.13,nan,30,80,20,LeftWithPellet,Left,14,8,11,11,nan,nan,0.12
7/25/2024 0:12:55,1.17.0,Bandit,13,4.14,nan,30,80,20,RightWithPellet,Left,14,8,11,11,nan,nan,0.15
7/25/2024 0:13:04,1.17.0,Bandit,13,4.13,nan,30,80,20,RightWithPellet,Left,14,8,11,11,nan,nan,0.16
7/25/2024 0:19:08,1.17.0,Bandit,13,4.14,nan,30,80,20,RightWithPellet,Left,14,8,11,11,nan,nan,0.16
7/25/2024 0:19:10,1.17.0,Bandit,13,4.14,nan,30,80,20,LeftWithPellet,Left,14,8,11,11,nan,nan,0.20
7/25/2024 1:06:43,1.17.0,Bandit,13,4.14,nan,30,80,20,RightWithPellet,Left,14,8,11,11,nan,nan,0.15
7/25/2024 1:08:56,1.17.0,Bandit,13,4.14,nan,30,80,20,LeftWithPellet,Left,14,8,11,11,nan,nan,0.19
7/25/2024 1:09:00,1.17.0,Bandit,13,4.14,nan,30,80,20,LeftWithPellet,Left,14,8,11,11,nan,nan,0.55
7/25/2024 1:18:36,1.17.0,Bandit,13,4.14,nan,30,80,20,LeftWithPellet,Left,14,8,11,11,nan,nan,0.28
7/25/2024 1:46:01,1.17.0,Bandit,13,4.14,nan,30,80,20,RightWithPellet,Left,14,8,11,11,nan,nan,0.32
7/25/2024 1:46:08,1.17.0,Bandit,13,4.14,nan,30,80,20,RightWithPellet,Left,14,8,11,11,nan,nan,0.17
7/25/2024 1:46:16,1.17.0,Bandit,13,4.14,nan,30,80,20,LeftWithPellet,Left,14,8,11,11,nan,nan,0.10
7/25/2024 1:46:19,1.17.0,Bandit,13,4.14,nan,30,80,20,LeftWithPellet,Left,14,8,11,11,nan,nan,0.13
7/25/2024 1:46:26,1.17.0,Bandit,13,4.14,nan,30,80,20,LeftWithPellet,Left,14,8,11,11,nan,nan,1.25
7/25/2024 1:46:29,1.17.0,Bandit,13,4.14,nan,30,80,20,LeftWithPellet,Left,14,8,11,11,nan,nan,0.10
7/25/2024 1:46:32,1.17.0,Bandit,13,4.14,nan,30,80,20,LeftWithPellet,Left,14,8,11,11,nan,nan,0.25
7/25/2024 1:46:34,1.17.0,Bandit,13,4.14,nan,30,80,20,LeftWithPellet,Left,14,8,11,11,nan,nan,0.42
7/25/2024 1:53:47,1.17.0,Bandit,13,4.14,nan,30,80,20,RightWithPellet,Left,14,8,11,11,nan,nan,0.69
7/25/2024 1:53:51,1.17.0,Bandit,13,4.14,nan,30,80,20,LeftWithPellet,Left,14,8,11,11,nan,nan,0.08
7/25/2024 1:53:53,1.17.0,Bandit,13,4.14,nan,30,80,20,LeftWithPellet,Left,14,8,11,11,nan,nan,0.18
7/25/2024 1:54:01,1.17.0,Bandit,13,4.14,nan,30,80,20,RightWithPellet,Left,14,8,11,11,nan,nan,0.83
7/25/2024 1:54:04,1.17.0,Bandit,13,4.13,nan,30,80,20,RightWithPellet,Left,14,8,11,11,nan,nan,0.78
7/25/2024 1:54:10,1.17.0,Bandit,13,4.14,nan,30,80,20,RightWithPellet,Left,14,8,11,11,nan,nan,0.43
7/25/2024 1:58:48,1.17.0,Bandit,13,4.14,nan,30,80,20,RightWithPellet,Left,14,8,11,11,nan,nan,0.19
7/25/2024 1:59:01,1.17.0,Bandit,13,4.14,nan,30,80,20,RightWithPellet,Left,14,8,11,11,nan,nan,0.16
7/25/2024 2:03:29,1.17.0,Bandit,13,4.14,nan,30,80,20,LeftWithPellet,Left,14,8,11,11,nan,nan,0.11
7/25/2024 2:06:19,1.17.0,Bandit,13,4.14,nan,30,80,20,RightWithPellet,Left,14,8,11,11,nan,nan,0.39
7/25/2024 2:27:38,1.17.0,Bandit,13,4.14,nan,30,80,20,RightWithPellet,Left,14,8,11,11,nan,nan,1.90
7/25/2024 2:27:45,1.17.0,Bandit,13,4.13,nan,30,80,20,LeftWithPellet,Left,14,8,11,11,nan,nan,0.87
7/25/2024 2:35:38,1.17.0,Bandit,13,4.14,nan,30,80,20,LeftWithPellet,Left,14,8,11,11,nan,nan,0.23
7/25/2024 2:42:17,1.17.0,Bandit,13,4.14,nan,30,80,20,LeftWithPellet,Left,14,8,11,11,nan,nan,0.43
7/25/2024 2:42:21,1.17.0,Bandit,13,4.13,nan,30,80,20,RightWithPellet,Left,14,8,11,11,nan,nan,0.60
7/25/2024 2:42:26,1.17.0,Bandit,13,4.13,nan,30,80,20,LeftWithPellet,Left,14,8,11,11,nan,nan,0.50
7/25/2024 2:42:29,1.17.0,Bandit,13,4.14,nan,30,80,20,LeftWithPellet,Left,14,8,11,11,nan,nan,0.73
7/25/2024 2:42:31,1.17.0,Bandit,13,4.14,nan,30,80,20,RightWithPellet,Left,14,8,11,11,nan,nan,0.63
7/25/2024 2:42:33,1.17.0,Bandit,13,4.14,nan,30,80,20,RightWithPellet,Left,14,8,11,11,nan,nan,0.48
7/25/2024 2:42:36,1.17.0,Bandit,13,4.14,nan,30,80,20,LeftWithPellet,Left,14,8,11,11,nan,nan,0.29
7/25/2024 2:42:37,1.17.0,Bandit,13,4.13,nan,30,80,20,LeftWithPellet,Left,14,8,11,11,nan,nan,0.34
7/25/2024 2:42:49,1.17.0,Bandit,13,4.14,nan,30,80,20,LeftWithPellet,Left,14,8,11,11,nan,nan,0.16
7/25/2024 2:42:52,1.17.0,Bandit,13,4.14,nan,30,80,20,RightWithPellet,Left,14,8,11,11,nan,nan,0.31
7/25/2024 2:51:41,1.17.0,Bandit,13,4.13,nan,30,80,20,RightWithPellet,Left,14,8,11,11,nan,nan,0.30
7/25/2024 2:51:46,1.17.0,Bandit,13,4.14,nan,30,80,20,LeftWithPellet,Left,14,8,11,11,nan,nan,0.15
7/25/2024 2:51:47,1.17.0,Bandit,13,4.14,nan,30,80,20,LeftWithPellet,Left,14,8,11,11,nan,nan,0.36
7/25/2024 2:51:54,1.17.0,Bandit,13,4.14,nan,30,80,20,RightWithPellet,Left,14,8,11,11,nan,nan,0.14
7/25/2024 2:51:54,1.17.0,Bandit,13,4.14,nan,30,80,20,RightWithPellet,Left,14,8,11,11,nan,nan,0.00
7/25/2024 2:51:57,1.17.0,Bandit,13,4.14,nan,30,80,20,RightWithPellet,Left,14,8,11,11,nan,nan,0.26
7/25/2024 2:52:02,1.17.0,Bandit,13,4.13,nan,30,80,20,RightWithPellet,Left,14,8,11,11,nan,nan,0.16
7/25/2024 3:51:35,1.17.0,Bandit,13,4.13,nan,30,80,20,LeftWithPellet,Left,14,8,11,11,nan,nan,0.00
7/25/2024 3:53:43,1.17.0,Bandit,13,4.13,nan,30,80,20,LeftWithPellet,Left,14,8,11,11,nan,nan,0.16
7/25/2024 3:53:50,1.17.0,Bandit,13,4.13,nan,30,80,20,LeftWithPellet,Left,14,8,11,11,nan,nan,0.63
7/25/2024 3:59:14,1.17.0,Bandit,13,4.13,nan,30,80,20,RightWithPellet,Left,14,8,11,11,nan,nan,0.64
7/25/2024 3:59:25,1.17.0,Bandit,13,4.13,nan,30,80,20,RightWithPellet,Left,14,8,11,11,nan,nan,0.14
7/25/2024 4:20:49,1.17.0,Bandit,13,4.12,nan,30,80,20,RightWithPellet,Left,14,8,11,11,nan,nan,0.13
7/25/2024 4:20:57,1.17.0,Bandit,13,4.13,nan,30,80,20,LeftWithPellet,Left,14,8,11,11,nan,nan,0.10
7/25/2024 4:21:11,1.17.0,Bandit,13,4.13,nan,30,80,20,RightWithPellet,Left,14,8,11,11,nan,nan,0.32
7/25/2024 4:21:14,1.17.0,Bandit,13,4.12,nan,30,80,20,LeftWithPellet,Left,14,8,11,11,nan,nan,0.23
7/25/2024 4:21:16,1.17.0,Bandit,13,4.13,nan,30,80,20,RightWithPellet,Left,14,8,11,11,nan,nan,0.21
7/25/2024 4:21:19,1.17.0,Bandit,13,4.13,nan,30,80,20,LeftWithPellet,Left,14,8,11,11,nan,nan,0.11
7/25/2024 4:21:19,1.17.0,Bandit,13,4.13,nan,30,80,20,LeftWithPellet,Left,14,8,11,11,nan,nan,0.10
7/25/2024 4:21:22,1.17.0,Bandit,13,4.12,nan,30,80,20,LeftWithPellet,Left,14,8,11,11,nan,nan,0.22
7/25/2024 4:35:11,1.17.0,Bandit,13,4.13,nan,30,80,20,LeftWithPellet,Left,14,8,11,11,nan,nan,0.47
7/25/2024 4:35:13,1.17.0,Bandit,13,4.13,nan,30,80,20,LeftWithPellet,Left,14,8,11,11,nan,nan,0.02
7/25/2024 4:35:14,1.17.0,Bandit,13,4.14,nan,30,80,20,LeftWithPellet,Left,14,8,11,11,nan,nan,0.42
7/25/2024 4:41:50,1.17.0,Bandit,13,4.13,nan,30,80,20,RightWithPellet,Left,14,8,11,11,nan,nan,0.37
7/25/2024 4:42:15,1.17.0,Bandit,13,4.12,nan,30,80,20,RightWithPellet,Left,14,8,11,11,nan,nan,0.42
7/25/2024 4:42:19,1.17.0,Bandit,13,4.13,nan,30,80,20,LeftWithPellet,Left,14,8,11,11,nan,nan,0.13
7/25/2024 4:47:45,1.17.0,Bandit,13,4.12,nan,30,80,20,LeftWithPellet,Left,14,8,11,11,nan,nan,0.07
7/25/2024 7:15:49,1.17.0,Bandit,13,4.12,nan,30,80,20,RightWithPellet,Left,14,8,11,11,nan,nan,0.92
7/25/2024 7:16:07,1.17.0,Bandit,13,4.12,nan,30,80,20,LeftWithPellet,Left,14,8,11,11,nan,nan,0.71
7/25/2024 7:16:10,1.17.0,Bandit,13,4.12,nan,30,80,20,LeftWithPellet,Left,14,8,11,11,nan,nan,0.08
7/25/2024 7:16:16,1.17.0,Bandit,13,4.12,nan,30,80,20,LeftWithPellet,Left,14,8,11,11,nan,nan,0.41
7/25/2024 7:16:18,1.17.0,Bandit,13,4.12,nan,30,80,20,LeftWithPellet,Left,14,8,11,11,nan,nan,0.31
7/25/2024 7:16:24,1.17.0,Bandit,13,4.12,nan,30,80,20,LeftWithPellet,Left,14,8,11,11,nan,nan,0.09
7/25/2024 7:16:27,1.17.0,Bandit,13,4.12,nan,30,80,20,LeftWithPellet,Left,14,8,11,11,nan,nan,0.17
7/25/2024 7:16:32,1.17.0,Bandit,13,4.12,nan,30,80,20,RightWithPellet,Left,14,8,11,11,nan,nan,0.43
7/25/2024 9:07:33,1.17.0,Bandit,13,4.11,nan,30,80,20,LeftWithPellet,Left,14,8,11,11,nan,nan,0.18
7/25/2024 9:09:01,1.17.0,Bandit,13,4.12,nan,30,80,20,LeftWithPellet,Left,14,8,11,11,nan,nan,0.20
7/25/2024 9:16:07,1.17.0,Bandit,13,4.12,nan,30,80,20,RightWithPellet,Left,14,8,11,11,nan,nan,0.48
7/25/2024 12:07:46,1.17.0,Bandit,13,4.11,nan,30,80,20,RightWithPellet,Left,14,8,11,11,nan,nan,0.52
7/25/2024 12:07:52,1.17.0,Bandit,13,4.12,nan,30,80,20,LeftWithPellet,Left,14,8,11,11,nan,nan,0.12
7/25/2024 12:07:55,1.17.0,Bandit,13,4.11,nan,30,80,20,LeftWithPellet,Left,14,8,11,11,nan,nan,0.15
7/25/2024 12:07:59,1.17.0,Bandit,13,4.11,nan,30,80,20,LeftWithPellet,Left,14,8,11,11,nan,nan,0.41
7/25/2024 12:08:05,1.17.0,Bandit,13,4.11,nan,30,80,20,LeftWithPellet,Left,14,8,11,11,nan,nan,0.05
7/25/2024 13:13:30,1.17.0,Bandit,13,4.11,nan,30,80,20,LeftWithPellet,Left,14,8,11,11,nan,nan,0.74
7/25/2024 13:13:36,1.17.0,Bandit,13,4.11,nan,30,80,20,LeftWithPellet,Left,14,8,11,11,nan,nan,0.92
7/25/2024 13:13:39,1.17.0,Bandit,13,4.11,nan,30,80,20,RightWithPellet,Left,14,8,11,11,nan,nan,1.22
7/25/2024 13:13:48,1.17.0,Bandit,13,4.11,nan,30,80,20,LeftWithPellet,Left,14,8,11,11,nan,nan,0.90
7/25/2024 13:13:51,1.17.0,Bandit,13,4.11,nan,30,80,20,RightWithPellet,Left,14,8,11,11,nan,nan,1.44
