MM:DD:YYYY hh:mm:ss,Library_Version,Session_type,Device_Number,Battery_Voltage,Motor_Turns,PelletsToSwitch,Prob_left,Prob_right,Event,High_prob_poke,Left_Poke_Count,Right_Poke_Count,Pellet_Count,Block_Pellet_Count,Retrieval_Time,InterPelletInterval,Poke_Time
9/5/2024 11:06:28,1.17.0,Bandit,0,4.03,nan,30,80,20,Left,Left,1,0,0,0,nan,nan,0.02
9/5/2024 11:07:20,1.17.0,Bandit,0,4.03,nan,30,80,20,LeftWithPellet,Left,1,0,0,0,nan,nan,0.16
9/5/2024 11:07:23,1.17.0,Bandit,0,4.03,4,30,80,20,Pellet,Left,1,0,1,0,46.70,nan,nan
9/5/2024 11:09:16,1.17.0,Bandit,0,4.02,nan,30,80,20,Right,Left,1,1,1,1,nan,nan,0.19
9/5/2024 11:10:36,1.17.0,Bandit,0,4.02,nan,30,80,20,Right,Left,1,2,1,1,nan,nan,0.10
9/5/2024 11:10:41,1.17.0,Bandit,0,4.02,3,30,80,20,Pellet,Left,1,2,2,1,0.06,198,nan
9/5/2024 11:11:39,1.17.0,Bandit,0,4.03,nan,30,80,20,Left,Left,2,2,2,2,nan,nan,0.59
9/5/2024 11:11:42,1.17.0,Bandit,0,4.03,2,30,80,20,Pellet,Left,2,2,3,2,0.06,61,nan
9/5/2024 11:11:50,1.17.0,Bandit,0,4.02,nan,30,80,20,Left,Left,3,2,3,3,nan,nan,0.13
9/5/2024 11:11:51,1.17.0,Bandit,0,4.03,nan,30,80,20,LeftinTimeOut,Left,3,2,3,3,nan,nan,nan
9/5/2024 11:12:06,1.17.0,Bandit,0,4.03,nan,30,80,20,Left,Left,4,2,3,3,nan,nan,0.22
9/5/2024 11:12:10,1.17.0,Bandit,0,4.03,1,30,80,20,Pellet,Left,4,2,4,3,0.18,28,nan
9/5/2024 11:13:24,1.17.0,Bandit,0,4.03,nan,30,80,20,Right,Left,4,3,4,4,nan,nan,0.44
9/5/2024 11:13:28,1.17.0,Bandit,0,4.03,2,30,80,20,Pellet,Left,4,3,5,4,0.06,78,nan
9/5/2024 11:13:35,1.17.0,Bandit,0,4.03,nan,30,80,20,Right,Left,4,4,5,5,nan,nan,0.09
9/5/2024 11:13:53,1.17.0,Bandit,0,4.02,nan,30,80,20,Right,Left,4,5,5,5,nan,nan,0.54
9/5/2024 11:14:05,1.17.0,Bandit,0,4.03,nan,30,80,20,Left,Left,5,5,5,5,nan,nan,0.47
9/5/2024 11:14:09,1.17.0,Bandit,0,4.03,2,30,80,20,Pellet,Left,5,5,6,5,0.36,41,nan
9/5/2024 11:14:44,1.17.0,Bandit,0,4.02,nan,30,80,20,Left,Left,6,5,6,6,nan,nan,0.14
9/5/2024 11:14:48,1.17.0,Bandit,0,4.03,nan,30,80,20,LeftinTimeOut,Left,6,5,6,6,nan,nan,nan
9/5/2024 11:15:38,1.17.0,Bandit,0,4.03,nan,30,80,20,Left,Left,7,5,6,6,nan,nan,0.96
9/5/2024 11:15:42,1.17.0,Bandit,0,4.03,2,30,80,20,Pellet,Left,7,5,7,6,0.06,93,nan
9/5/2024 11:15:51,1.17.0,Bandit,0,4.03,nan,30,80,20,Left,Left,8,5,7,7,nan,nan,0.75
9/5/2024 11:15:56,1.17.0,Bandit,0,4.03,3,30,80,20,Pellet,Left,8,5,8,7,0.06,14,nan
9/5/2024 11:16:06,1.17.0,Bandit,0,4.03,nan,30,80,20,Left,Left,9,5,8,8,nan,nan,0.08
9/5/2024 11:16:09,1.17.0,Bandit,0,4.03,nan,30,80,20,LeftDuringDispense,Left,9,5,8,8,nan,nan,0.10
9/5/2024 11:16:12,1.17.0,Bandit,0,4.03,2,30,80,20,Pellet,Left,9,5,9,8,0.36,16,nan
9/5/2024 11:16:18,1.17.0,Bandit,0,4.03,nan,30,80,20,Left,Left,10,5,9,9,nan,nan,0.06
9/5/2024 11:16:18,1.17.0,Bandit,0,4.03,nan,30,80,20,LeftinTimeOut,Left,10,5,9,9,nan,nan,nan
9/5/2024 11:16:23,1.17.0,Bandit,0,4.03,nan,30,80,20,LeftinTimeOut,Left,10,5,9,9,nan,nan,nan
9/5/2024 11:16:27,1.17.0,Bandit,0,4.03,nan,30,80,20,LeftinTimeOut,Left,10,5,9,9,nan,nan,nan
9/5/2024 11:16:36,1.17.0,Bandit,0,4.03,nan,30,80,20,Left,Left,11,5,9,9,nan,nan,0.97
9/5/2024 11:16:42,1.17.0,Bandit,0,4.03,2,30,80,20,Pellet,Left,11,5,10,9,0.06,30,nan
9/5/2024 11:16:50,1.17.0,Bandit,0,4.03,nan,30,80,20,Left,Left,12,5,10,10,nan,nan,0.66
9/5/2024 11:16:55,1.17.0,Bandit,0,4.03,nan,30,80,20,LeftinTimeOut,Left,12,5,10,10,nan,nan,nan
9/5/2024 11:16:56,1.17.0,Bandit,0,4.03,nan,30,80,20,LeftinTimeOut,Left,12,5,10,10,nan,nan,nan
9/5/2024 11:16:56,1.17.0,Bandit,0,4.03,nan,30,80,20,LeftinTimeOut,Left,12,5,10,10,nan,nan,nan
9/5/2024 11:16:57,1.17.0,Bandit,0,4.03,nan,30,80,20,LeftinTimeOut,Left,12,5,10,10,nan,nan,nan
9/5/2024 11:17:08,1.17.0,Bandit,0,4.02,nan,30,80,20,Right,Left,12,6,10,10,nan,nan,0.33
9/5/2024 11:17:24,1.17.0,Bandit,0,4.03,nan,30,80,20,Left,Left,13,6,10,10,nan,nan,0.03
9/5/2024 11:17:27,1.17.0,Bandit,0,4.03,nan,30,80,20,LeftDuringDispense,Left,13,6,10,10,nan,nan,0.09
9/5/2024 11:17:27,1.17.0,Bandit,0,4.03,1,30,80,20,Pellet,Left,13,6,11,10,0.24,45,nan
9/5/2024 11:17:54,1.17.0,Bandit,0,4.03,nan,30,80,20,Right,Left,13,7,11,11,nan,nan,0.07
9/5/2024 11:19:16,1.17.0,Bandit,0,4.03,nan,30,80,20,Left,Left,14,7,11,11,nan,nan,0.01
9/5/2024 11:19:24,1.17.0,Bandit,0,4.03,nan,30,80,20,LeftinTimeOut,Left,14,7,11,11,nan,nan,nan
9/5/2024 11:20:12,1.17.0,Bandit,0,4.03,nan,30,80,20,Left,Left,15,7,11,11,nan,nan,0.03
9/5/2024 11:20:15,1.17.0,Bandit,0,4.03,2,30,80,20,Pellet,Left,15,7,12,11,0.12,168,nan
9/5/2024 11:20:33,1.17.0,Bandit,0,4.03,nan,30,80,20,Left,Left,16,7,12,12,nan,nan,0.57
9/5/2024 11:20:52,1.17.0,Bandit,0,4.03,3,30,80,20,Pellet,Left,16,7,13,12,12.14,37,nan
9/5/2024 11:22:16,1.17.0,Bandit,0,4.03,nan,30,80,20,Right,Left,16,8,13,13,nan,nan,0.14
9/5/2024 11:22:22,1.17.0,Bandit,0,4.03,nan,30,80,20,LeftinTimeOut,Left,16,8,13,13,nan,nan,nan
9/5/2024 11:22:36,1.17.0,Bandit,0,4.03,nan,30,80,20,Right,Left,16,9,13,13,nan,nan,0.12
9/5/2024 11:25:04,1.17.0,Bandit,0,4.03,nan,30,80,20,Left,Left,17,9,13,13,nan,nan,0.07
9/5/2024 11:25:13,1.17.0,Bandit,0,4.03,2,30,80,20,Pellet,Left,17,9,14,13,4.10,261,nan
9/5/2024 11:25:32,1.17.0,Bandit,0,4.03,nan,30,80,20,Left,Left,18,9,14,14,nan,nan,0.85
9/5/2024 11:25:36,1.17.0,Bandit,0,4.02,1,30,80,20,Pellet,Left,18,9,15,14,0.06,23,nan
9/5/2024 11:26:02,1.17.0,Bandit,0,4.03,nan,30,80,20,Left,Left,19,9,15,15,nan,nan,0.38
9/5/2024 11:26:06,1.17.0,Bandit,0,4.03,1,30,80,20,Pellet,Left,19,9,16,15,0.24,30,nan
9/5/2024 11:26:16,1.17.0,Bandit,0,4.03,nan,30,80,20,Left,Left,20,9,16,16,nan,nan,0.04
9/5/2024 11:26:19,1.17.0,Bandit,0,4.03,1,30,80,20,Pellet,Left,20,9,17,16,0.06,13,nan
9/5/2024 11:26:40,1.17.0,Bandit,0,4.03,nan,30,80,20,Left,Left,21,9,17,17,nan,nan,0.36
9/5/2024 11:26:44,1.17.0,Bandit,0,4.02,1,30,80,20,Pellet,Left,21,9,18,17,0.12,25,nan
9/5/2024 11:26:54,1.17.0,Bandit,0,4.03,nan,30,80,20,Left,Left,22,9,18,18,nan,nan,0.08
9/5/2024 11:27:05,1.17.0,Bandit,0,4.03,3,30,80,20,Pellet,Left,22,9,19,18,5.63,21,nan
9/5/2024 11:27:24,1.17.0,Bandit,0,4.03,nan,30,80,20,Left,Left,23,9,19,19,nan,nan,0.10
9/5/2024 11:27:27,1.17.0,Bandit,0,4.03,2,30,80,20,Pellet,Left,23,9,20,19,0.06,22,nan
9/5/2024 11:27:43,1.17.0,Bandit,0,4.03,nan,30,80,20,Left,Left,24,9,20,20,nan,nan,0.06
9/5/2024 11:27:47,1.17.0,Bandit,0,4.02,2,30,80,20,Pellet,Left,24,9,21,20,0.06,20,nan
9/5/2024 11:28:03,1.17.0,Bandit,0,4.03,nan,30,80,20,Left,Left,25,9,21,21,nan,nan,0.16
9/5/2024 11:28:11,1.17.0,Bandit,0,4.02,2,30,80,20,Pellet,Left,25,9,22,21,2.32,24,nan
9/5/2024 11:29:34,1.17.0,Bandit,0,4.02,nan,30,80,20,Right,Left,25,10,22,22,nan,nan,0.02
9/5/2024 11:31:28,1.17.0,Bandit,0,4.03,nan,30,80,20,Left,Left,26,10,22,22,nan,nan,0.09
9/5/2024 11:31:31,1.17.0,Bandit,0,4.03,1,30,80,20,Pellet,Left,26,10,23,22,0.12,200,nan
9/5/2024 11:31:47,1.17.0,Bandit,0,4.02,nan,30,80,20,Left,Left,27,10,23,23,nan,nan,0.21
9/5/2024 11:35:48,1.17.0,Bandit,0,4.02,nan,30,80,20,Right,Left,27,11,23,23,nan,nan,0.17
9/5/2024 11:41:28,1.17.0,Bandit,0,4.03,nan,30,80,20,Left,Left,28,11,23,23,nan,nan,0.04
9/5/2024 11:41:30,1.17.0,Bandit,0,4.03,nan,30,80,20,LeftinTimeOut,Left,28,11,23,23,nan,nan,nan
9/5/2024 13:05:45,1.17.0,Bandit,0,4.03,nan,30,80,20,Left,Left,29,11,23,23,nan,nan,0.09
9/5/2024 13:06:00,1.17.0,Bandit,0,4.02,4,30,80,20,Pellet,Left,29,11,24,23,7.35,5669,nan
9/5/2024 13:06:21,1.17.0,Bandit,0,4.03,nan,30,80,20,Left,Left,30,11,24,24,nan,nan,0.02
9/5/2024 13:06:31,1.17.0,Bandit,0,4.03,5,30,80,20,Pellet,Left,30,11,25,24,0.30,31,nan
9/5/2024 13:06:43,1.17.0,Bandit,0,4.02,nan,30,80,20,Left,Left,31,11,25,25,nan,nan,0.16
9/5/2024 13:06:55,1.17.0,Bandit,0,4.02,nan,30,80,20,Left,Left,32,11,25,25,nan,nan,0.00
9/5/2024 13:07:01,1.17.0,Bandit,0,4.02,2,30,80,20,Pellet,Left,32,11,26,25,0.24,30,nan
9/5/2024 13:07:12,1.17.0,Bandit,0,4.03,nan,30,80,20,Left,Left,33,11,26,26,nan,nan,0.68
9/5/2024 13:07:15,1.17.0,Bandit,0,4.02,1,30,80,20,Pellet,Left,33,11,27,26,0.06,14,nan
9/5/2024 13:07:27,1.17.0,Bandit,0,4.02,nan,30,80,20,Left,Left,34,11,27,27,nan,nan,0.08
9/5/2024 13:07:30,1.17.0,Bandit,0,4.02,nan,30,80,20,LeftinTimeOut,Left,34,11,27,27,nan,nan,nan
9/5/2024 13:07:30,1.17.0,Bandit,0,4.02,nan,30,80,20,LeftinTimeOut,Left,34,11,27,27,nan,nan,nan
9/5/2024 13:07:31,1.17.0,Bandit,0,4.03,nan,30,80,20,LeftinTimeOut,Left,34,11,27,27,nan,nan,nan
9/5/2024 13:07:31,1.17.0,Bandit,0,4.03,nan,30,80,20,LeftinTimeOut,Left,34,11,27,27,nan,nan,nan
9/5/2024 13:07:32,1.17.0,Bandit,0,4.02,nan,30,80,20,LeftinTimeOut,Left,34,11,27,27,nan,nan,nan
9/5/2024 13:07:32,1.17.0,Bandit,0,4.02,nan,30,80,20,LeftinTimeOut,Left,34,11,27,27,nan,nan,nan
9/5/2024 13:07:53,1.17.0,Bandit,0,4.02,nan,30,80,20,Left,Left,35,11,27,27,nan,nan,0.12
9/5/2024 13:07:56,1.17.0,Bandit,0,4.02,1,30,80,20,Pellet,Left,35,11,28,27,0.30,41,nan
9/5/2024 13:08:21,1.17.0,Bandit,0,4.02,nan,30,80,20,Left,Left,36,11,28,28,nan,nan,0.00
9/5/2024 13:08:25,1.17.0,Bandit,0,4.02,1,30,80,20,Pellet,Left,36,11,29,28,0.18,29,nan
9/5/2024 13:08:35,1.17.0,Bandit,0,4.03,nan,30,80,20,Left,Left,37,11,29,29,nan,nan,0.14
9/5/2024 13:08:39,1.17.0,Bandit,0,4.03,1,30,80,20,Pellet,Left,37,11,30,29,0.79,14,nan
9/5/2024 13:08:56,1.17.0,Bandit,0,4.03,nan,30,20,80,Left,Right,38,11,30,0,nan,nan,0.02
9/5/2024 13:08:57,1.17.0,Bandit,0,4.02,nan,30,20,80,LeftinTimeOut,Right,38,11,30,0,nan,nan,nan
9/5/2024 13:09:01,1.17.0,Bandit,0,4.03,nan,30,20,80,LeftinTimeOut,Right,38,11,30,0,nan,nan,nan
9/5/2024 13:09:02,1.17.0,Bandit,0,4.03,nan,30,20,80,LeftinTimeOut,Right,38,11,30,0,nan,nan,nan
9/5/2024 13:09:02,1.17.0,Bandit,0,4.02,nan,30,20,80,LeftinTimeOut,Right,38,11,30,0,nan,nan,nan
9/5/2024 13:09:03,1.17.0,Bandit,0,4.02,nan,30,20,80,LeftinTimeOut,Right,38,11,30,0,nan,nan,nan
9/5/2024 13:09:08,1.17.0,Bandit,0,4.03,nan,30,20,80,LeftinTimeOut,Right,38,11,30,0,nan,nan,nan
9/5/2024 13:09:23,1.17.0,Bandit,0,4.03,nan,30,20,80,Left,Right,39,11,30,0,nan,nan,0.03
9/5/2024 13:09:27,1.17.0,Bandit,0,4.02,nan,30,20,80,LeftinTimeOut,Right,39,11,30,0,nan,nan,nan
9/5/2024 13:10:25,1.17.0,Bandit,0,4.03,nan,30,20,80,Left,Right,40,11,30,0,nan,nan,0.09
9/5/2024 13:10:31,1.17.0,Bandit,0,4.02,nan,30,20,80,LeftinTimeOut,Right,40,11,30,0,nan,nan,nan
9/5/2024 13:11:05,1.17.0,Bandit,0,4.02,nan,30,20,80,Left,Right,41,11,30,0,nan,nan,0.09
9/5/2024 13:11:06,1.17.0,Bandit,0,4.03,nan,30,20,80,LeftinTimeOut,Right,41,11,30,0,nan,nan,nan
9/5/2024 13:11:19,1.17.0,Bandit,0,4.03,nan,30,20,80,Right,Right,41,12,30,0,nan,nan,0.03
9/5/2024 13:11:31,1.17.0,Bandit,0,4.02,5,30,20,80,Pellet,Right,41,12,31,0,1.40,172,nan
9/5/2024 13:11:59,1.17.0,Bandit,0,4.02,nan,30,20,80,Right,Right,41,13,31,1,nan,nan,0.96
9/5/2024 13:12:38,1.17.0,Bandit,0,4.02,nan,30,20,80,LeftinTimeOut,Right,41,13,31,1,nan,nan,nan
9/5/2024 13:12:38,1.17.0,Bandit,0,4.03,nan,30,20,80,LeftinTimeOut,Right,41,13,31,1,nan,nan,nan
9/5/2024 13:12:45,1.17.0,Bandit,0,4.03,nan,30,20,80,LeftinTimeOut,Right,41,13,31,1,nan,nan,nan
9/5/2024 13:12:50,1.17.0,Bandit,0,4.03,nan,30,20,80,LeftinTimeOut,Right,41,13,31,1,nan,nan,nan
9/5/2024 13:12:53,1.17.0,Bandit,0,4.03,nan,30,20,80,LeftinTimeOut,Right,41,13,31,1,nan,nan,nan
9/5/2024 13:13:11,1.17.0,Bandit,0,4.03,nan,30,20,80,Left,Right,42,13,31,1,nan,nan,0.05
9/5/2024 13:13:14,1.17.0,Bandit,0,4.03,nan,30,20,80,LeftinTimeOut,Right,42,13,31,1,nan,nan,nan
9/5/2024 13:13:17,1.17.0,Bandit,0,4.03,nan,30,20,80,LeftinTimeOut,Right,42,13,31,1,nan,nan,nan
9/5/2024 13:13:19,1.17.0,Bandit,0,4.03,nan,30,20,80,LeftinTimeOut,Right,42,13,31,1,nan,nan,nan
9/5/2024 13:13:45,1.17.0,Bandit,0,4.02,nan,30,20,80,Right,Right,42,14,31,1,nan,nan,0.42
9/5/2024 14:39:33,1.17.0,Bandit,0,4.02,nan,30,20,80,Left,Right,43,14,31,1,nan,nan,0.13
9/5/2024 14:39:41,1.17.0,Bandit,0,4.03,nan,30,20,80,LeftinTimeOut,Right,43,14,31,1,nan,nan,nan
9/5/2024 14:40:13,1.17.0,Bandit,0,4.02,nan,30,20,80,Left,Right,44,14,31,1,nan,nan,0.12
9/5/2024 14:40:33,1.17.0,Bandit,0,4.02,nan,30,20,80,Left,Right,45,14,31,1,nan,nan,0.07
9/5/2024 14:40:34,1.17.0,Bandit,0,4.01,nan,30,20,80,LeftinTimeOut,Right,45,14,31,1,nan,nan,nan
9/5/2024 14:40:34,1.17.0,Bandit,0,4.02,nan,30,20,80,LeftinTimeOut,Right,45,14,31,1,nan,nan,nan
9/5/2024 14:40:35,1.17.0,Bandit,0,4.02,nan,30,20,80,LeftinTimeOut,Right,45,14,31,1,nan,nan,nan
9/5/2024 14:40:39,1.17.0,Bandit,0,4.02,nan,30,20,80,LeftinTimeOut,Right,45,14,31,1,nan,nan,nan
9/5/2024 14:40:40,1.17.0,Bandit,0,4.02,nan,30,20,80,LeftinTimeOut,Right,45,14,31,1,nan,nan,nan
9/5/2024 14:40:40,1.17.0,Bandit,0,4.02,nan,30,20,80,LeftinTimeOut,Right,45,14,31,1,nan,nan,nan
9/5/2024 14:40:41,1.17.0,Bandit,0,4.02,nan,30,20,80,LeftinTimeOut,Right,45,14,31,1,nan,nan,nan
9/5/2024 14:40:41,1.17.0,Bandit,0,4.02,nan,30,20,80,LeftinTimeOut,Right,45,14,31,1,nan,nan,nan
9/5/2024 14:40:44,1.17.0,Bandit,0,4.02,nan,30,20,80,LeftinTimeOut,Right,45,14,31,1,nan,nan,nan
9/5/2024 14:40:50,1.17.0,Bandit,0,4.02,nan,30,20,80,LeftinTimeOut,Right,45,14,31,1,nan,nan,nan
9/5/2024 14:41:06,1.17.0,Bandit,0,4.02,nan,30,20,80,Right,Right,45,15,31,1,nan,nan,0.06
9/5/2024 14:41:10,1.17.0,Bandit,0,4.02,2,30,20,80,Pellet,Right,45,15,32,1,0.18,5379,nan
9/5/2024 14:41:20,1.17.0,Bandit,0,4.02,nan,30,20,80,Right,Right,45,16,32,2,nan,nan,0.04
9/5/2024 14:41:26,1.17.0,Bandit,0,4.02,2,30,20,80,Pellet,Right,45,16,33,2,0.18,16,nan
9/5/2024 14:41:38,1.17.0,Bandit,0,4.02,nan,30,20,80,Right,Right,45,17,33,3,nan,nan,0.04
9/5/2024 14:41:41,1.17.0,Bandit,0,4.02,2,30,20,80,Pellet,Right,45,17,34,3,0.06,15,nan
9/5/2024 14:41:57,1.17.0,Bandit,0,4.02,nan,30,20,80,Right,Right,45,18,34,4,nan,nan,0.10
9/5/2024 14:42:04,1.17.0,Bandit,0,4.02,3,30,20,80,Pellet,Right,45,18,35,4,0.06,23,nan
9/5/2024 14:42:39,1.17.0,Bandit,0,4.02,nan,30,20,80,Right,Right,45,19,35,5,nan,nan,0.92
9/5/2024 14:42:44,1.17.0,Bandit,0,4.02,2,30,20,80,Pellet,Right,45,19,36,5,0.06,40,nan
9/5/2024 14:43:24,1.17.0,Bandit,0,4.02,nan,30,20,80,Right,Right,45,20,36,6,nan,nan,0.88
9/5/2024 14:43:27,1.17.0,Bandit,0,4.02,2,30,20,80,Pellet,Right,45,20,37,6,0.06,43,nan
9/5/2024 14:43:39,1.17.0,Bandit,0,4.02,nan,30,20,80,Right,Right,45,21,37,7,nan,nan,0.01
9/5/2024 14:43:43,1.17.0,Bandit,0,4.02,2,30,20,80,Pellet,Right,45,21,38,7,0.24,16,nan
9/5/2024 14:43:56,1.17.0,Bandit,0,4.02,nan,30,20,80,Right,Right,45,22,38,8,nan,nan,1.07
9/5/2024 14:44:00,1.17.0,Bandit,0,4.02,2,30,20,80,Pellet,Right,45,22,39,8,0.36,17,nan
9/5/2024 14:44:14,1.17.0,Bandit,0,4.02,nan,30,20,80,Right,Right,45,23,39,9,nan,nan,0.46
9/5/2024 14:44:26,1.17.0,Bandit,0,4.02,3,30,20,80,Pellet,Right,45,23,40,9,4.47,26,nan
9/5/2024 14:44:53,1.17.0,Bandit,0,4.02,nan,30,20,80,Right,Right,45,24,40,10,nan,nan,0.22
9/5/2024 14:45:41,1.17.0,Bandit,0,4.02,nan,30,20,80,Left,Right,46,24,40,10,nan,nan,0.53
9/5/2024 14:45:45,1.17.0,Bandit,0,4.02,nan,30,20,80,LeftinTimeOut,Right,46,24,40,10,nan,nan,nan
9/5/2024 14:45:46,1.17.0,Bandit,0,4.02,nan,30,20,80,LeftinTimeOut,Right,46,24,40,10,nan,nan,nan
9/5/2024 14:45:46,1.17.0,Bandit,0,4.02,nan,30,20,80,LeftinTimeOut,Right,46,24,40,10,nan,nan,nan
9/5/2024 14:45:47,1.17.0,Bandit,0,4.02,nan,30,20,80,LeftinTimeOut,Right,46,24,40,10,nan,nan,nan
9/5/2024 14:45:48,1.17.0,Bandit,0,4.02,nan,30,20,80,LeftinTimeOut,Right,46,24,40,10,nan,nan,nan
9/5/2024 14:45:56,1.17.0,Bandit,0,4.02,nan,30,20,80,LeftinTimeOut,Right,46,24,40,10,nan,nan,nan
9/5/2024 14:46:15,1.17.0,Bandit,0,4.02,nan,30,20,80,Left,Right,47,24,40,10,nan,nan,0.07
9/5/2024 14:46:18,1.17.0,Bandit,0,4.02,2,30,20,80,Pellet,Right,47,24,41,10,0.36,112,nan
9/5/2024 14:46:27,1.17.0,Bandit,0,4.02,nan,30,20,80,Left,Right,48,24,41,11,nan,nan,0.09
9/5/2024 14:46:33,1.17.0,Bandit,0,4.01,1,30,20,80,Pellet,Right,48,24,42,11,2.14,15,nan
9/5/2024 14:46:48,1.17.0,Bandit,0,4.02,nan,30,20,80,Left,Right,49,24,42,12,nan,nan,0.65
9/5/2024 14:46:59,1.17.0,Bandit,0,4.02,nan,30,20,80,LeftinTimeOut,Right,49,24,42,12,nan,nan,nan
9/5/2024 14:47:00,1.17.0,Bandit,0,4.02,nan,30,20,80,LeftinTimeOut,Right,49,24,42,12,nan,nan,nan
9/5/2024 14:47:03,1.17.0,Bandit,0,4.02,nan,30,20,80,LeftinTimeOut,Right,49,24,42,12,nan,nan,nan
9/5/2024 14:47:18,1.17.0,Bandit,0,4.02,nan,30,20,80,Right,Right,49,25,42,12,nan,nan,0.71
9/5/2024 14:47:21,1.17.0,Bandit,0,4.02,1,30,20,80,Pellet,Right,49,25,43,12,0.36,48,nan
9/5/2024 14:47:35,1.17.0,Bandit,0,4.02,nan,30,20,80,Right,Right,49,26,43,13,nan,nan,0.18
9/5/2024 14:47:39,1.17.0,Bandit,0,4.03,1,30,20,80,Pellet,Right,49,26,44,13,0.12,18,nan
9/5/2024 14:47:54,1.17.0,Bandit,0,4.02,nan,30,20,80,Right,Right,49,27,44,14,nan,nan,0.35
9/5/2024 14:47:58,1.17.0,Bandit,0,4.02,2,30,20,80,Pellet,Right,49,27,45,14,0.06,19,nan
9/5/2024 14:48:07,1.17.0,Bandit,0,4.02,nan,30,20,80,Right,Right,49,28,45,15,nan,nan,0.04
9/5/2024 14:48:22,1.17.0,Bandit,0,4.02,nan,30,20,80,LeftinTimeOut,Right,49,28,45,15,nan,nan,nan
9/5/2024 14:48:23,1.17.0,Bandit,0,4.02,nan,30,20,80,LeftinTimeOut,Right,49,28,45,15,nan,nan,nan
9/5/2024 14:48:29,1.17.0,Bandit,0,4.02,nan,30,20,80,LeftinTimeOut,Right,49,28,45,15,nan,nan,nan
9/5/2024 14:49:00,1.17.0,Bandit,0,4.02,nan,30,20,80,Left,Right,50,28,45,15,nan,nan,0.08
9/5/2024 14:49:04,1.17.0,Bandit,0,4.02,nan,30,20,80,LeftinTimeOut,Right,50,28,45,15,nan,nan,nan
9/5/2024 14:50:22,1.17.0,Bandit,0,4.02,nan,30,20,80,Left,Right,51,28,45,15,nan,nan,0.11
9/5/2024 14:51:21,1.17.0,Bandit,0,4.03,nan,30,20,80,Left,Right,52,28,45,15,nan,nan,0.22
9/5/2024 14:51:52,1.17.0,Bandit,0,4.02,nan,30,20,80,Left,Right,53,28,45,15,nan,nan,0.74
9/5/2024 14:52:13,1.17.0,Bandit,0,4.02,nan,30,20,80,Right,Right,53,29,45,15,nan,nan,0.14
9/5/2024 14:52:16,1.17.0,Bandit,0,4.02,1,30,20,80,Pellet,Right,53,29,46,15,0.18,258,nan
9/5/2024 14:52:31,1.17.0,Bandit,0,4.02,nan,30,20,80,Right,Right,53,30,46,16,nan,nan,0.13
9/5/2024 14:52:34,1.17.0,Bandit,0,4.02,1,30,20,80,Pellet,Right,53,30,47,16,0.18,18,nan
9/5/2024 14:52:45,1.17.0,Bandit,0,4.02,nan,30,20,80,Right,Right,53,31,47,17,nan,nan,0.10
9/5/2024 14:53:28,1.17.0,Bandit,0,4.02,nan,30,20,80,LeftinTimeOut,Right,53,31,47,17,nan,nan,nan
9/5/2024 14:55:51,1.17.0,Bandit,0,4.02,nan,30,20,80,Left,Right,54,31,47,17,nan,nan,0.00
9/5/2024 14:55:53,1.17.0,Bandit,0,4.02,nan,30,20,80,LeftinTimeOut,Right,54,31,47,17,nan,nan,nan
9/5/2024 14:55:55,1.17.0,Bandit,0,4.02,nan,30,20,80,LeftinTimeOut,Right,54,31,47,17,nan,nan,nan
9/5/2024 16:24:18,1.17.0,Bandit,0,4.02,nan,30,20,80,Right,Right,54,32,47,17,nan,nan,0.06
9/5/2024 16:24:24,1.17.0,Bandit,0,4.02,2,30,20,80,Pellet,Right,54,32,48,17,0.61,5510,nan
9/5/2024 16:24:42,1.17.0,Bandit,0,4.02,nan,30,20,80,Right,Right,54,33,48,18,nan,nan,0.78
9/5/2024 16:24:52,1.17.0,Bandit,0,4.02,2,30,20,80,Pellet,Right,54,33,49,18,4.90,28,nan
9/5/2024 16:25:18,1.17.0,Bandit,0,4.02,nan,30,20,80,Left,Right,55,33,49,19,nan,nan,0.02
9/5/2024 16:25:28,1.17.0,Bandit,0,4.02,2,30,20,80,Pellet,Right,55,33,50,19,4.84,36,nan
9/5/2024 16:26:00,1.17.0,Bandit,0,4.02,nan,30,20,80,Left,Right,56,33,50,20,nan,nan,0.06
9/5/2024 16:26:05,1.17.0,Bandit,0,4.02,nan,30,20,80,LeftinTimeOut,Right,56,33,50,20,nan,nan,nan
9/5/2024 16:26:08,1.17.0,Bandit,0,4.01,nan,30,20,80,LeftinTimeOut,Right,56,33,50,20,nan,nan,nan
9/5/2024 16:26:24,1.17.0,Bandit,0,4.02,nan,30,20,80,Left,Right,57,33,50,20,nan,nan,0.09
9/5/2024 16:26:30,1.17.0,Bandit,0,4.01,2,30,20,80,Pellet,Right,57,33,51,20,0.24,62,nan
9/5/2024 16:26:38,1.17.0,Bandit,0,4.02,nan,30,20,80,Left,Right,58,33,51,21,nan,nan,0.03
9/5/2024 16:26:41,1.17.0,Bandit,0,4.02,nan,30,20,80,LeftinTimeOut,Right,58,33,51,21,nan,nan,nan
9/5/2024 16:26:43,1.17.0,Bandit,0,4.02,nan,30,20,80,LeftinTimeOut,Right,58,33,51,21,nan,nan,nan
9/5/2024 16:26:44,1.17.0,Bandit,0,4.02,nan,30,20,80,LeftinTimeOut,Right,58,33,51,21,nan,nan,nan
9/5/2024 16:26:50,1.17.0,Bandit,0,4.02,nan,30,20,80,LeftinTimeOut,Right,58,33,51,21,nan,nan,nan
9/5/2024 16:26:51,1.17.0,Bandit,0,4.02,nan,30,20,80,LeftinTimeOut,Right,58,33,51,21,nan,nan,nan
9/5/2024 16:26:52,1.17.0,Bandit,0,4.02,nan,30,20,80,LeftinTimeOut,Right,58,33,51,21,nan,nan,nan
9/5/2024 16:26:53,1.17.0,Bandit,0,4.02,nan,30,20,80,LeftinTimeOut,Right,58,33,51,21,nan,nan,nan
9/5/2024 16:27:00,1.17.0,Bandit,0,4.02,nan,30,20,80,LeftinTimeOut,Right,58,33,51,21,nan,nan,nan
9/5/2024 16:27:24,1.17.0,Bandit,0,4.02,nan,30,20,80,Left,Right,59,33,51,21,nan,nan,0.15
9/5/2024 16:27:28,1.17.0,Bandit,0,4.00,nan,30,20,80,LeftinTimeOut,Right,59,33,51,21,nan,nan,nan
9/5/2024 16:27:28,1.17.0,Bandit,0,4.02,nan,30,20,80,LeftinTimeOut,Right,59,33,51,21,nan,nan,nan
9/5/2024 16:27:45,1.17.0,Bandit,0,4.02,nan,30,20,80,Left,Right,60,33,51,21,nan,nan,0.02
9/5/2024 16:27:48,1.17.0,Bandit,0,4.02,nan,30,20,80,LeftinTimeOut,Right,60,33,51,21,nan,nan,nan
9/5/2024 16:40:13,1.17.0,Bandit,0,4.02,nan,30,20,80,Left,Right,61,33,51,21,nan,nan,0.10
9/5/2024 16:40:16,1.17.0,Bandit,0,4.02,nan,30,20,80,LeftinTimeOut,Right,61,33,51,21,nan,nan,nan
9/5/2024 17:37:15,1.17.0,Bandit,0,4.02,nan,30,20,80,Left,Right,62,33,51,21,nan,nan,0.18
9/5/2024 17:37:31,1.17.0,Bandit,0,4.02,nan,30,20,80,LeftinTimeOut,Right,62,33,51,21,nan,nan,nan
9/5/2024 17:37:34,1.17.0,Bandit,0,4.01,nan,30,20,80,LeftinTimeOut,Right,62,33,51,21,nan,nan,nan
9/5/2024 17:37:51,1.17.0,Bandit,0,4.02,nan,30,20,80,Right,Right,62,34,51,21,nan,nan,0.03
9/5/2024 17:37:54,1.17.0,Bandit,0,4.01,1,30,20,80,Pellet,Right,62,34,52,21,0.06,4284,nan
9/5/2024 17:38:04,1.17.0,Bandit,0,4.02,nan,30,20,80,Right,Right,62,35,52,22,nan,nan,0.01
9/5/2024 17:38:08,1.17.0,Bandit,0,4.02,1,30,20,80,Pellet,Right,62,35,53,22,0.42,14,nan
9/5/2024 17:38:19,1.17.0,Bandit,0,4.02,nan,30,20,80,Right,Right,62,36,53,23,nan,nan,1.14
9/5/2024 17:38:23,1.17.0,Bandit,0,4.01,1,30,20,80,Pellet,Right,62,36,54,23,0.06,15,nan
9/5/2024 17:38:35,1.17.0,Bandit,0,4.02,nan,30,20,80,Right,Right,62,37,54,24,nan,nan,0.83
9/5/2024 17:38:39,1.17.0,Bandit,0,4.02,1,30,20,80,Pellet,Right,62,37,55,24,0.24,16,nan
9/5/2024 17:39:00,1.17.0,Bandit,0,4.02,nan,30,20,80,Right,Right,62,38,55,25,nan,nan,0.67
9/5/2024 17:39:05,1.17.0,Bandit,0,4.02,1,30,20,80,Pellet,Right,62,38,56,25,1.46,26,nan
9/5/2024 17:39:15,1.17.0,Bandit,0,4.02,nan,30,20,80,Right,Right,62,39,56,26,nan,nan,0.67
9/5/2024 17:39:23,1.17.0,Bandit,0,4.02,nan,30,20,80,LeftinTimeOut,Right,62,39,56,26,nan,nan,nan
9/5/2024 17:39:24,1.17.0,Bandit,0,4.02,nan,30,20,80,LeftinTimeOut,Right,62,39,56,26,nan,nan,nan
9/5/2024 17:39:25,1.17.0,Bandit,0,4.02,nan,30,20,80,LeftinTimeOut,Right,62,39,56,26,nan,nan,nan
9/5/2024 17:39:26,1.17.0,Bandit,0,4.02,nan,30,20,80,LeftinTimeOut,Right,62,39,56,26,nan,nan,nan
9/5/2024 17:39:31,1.17.0,Bandit,0,4.01,nan,30,20,80,LeftinTimeOut,Right,62,39,56,26,nan,nan,nan
9/5/2024 17:40:15,1.17.0,Bandit,0,4.02,nan,30,20,80,Left,Right,63,39,56,26,nan,nan,1.10
9/5/2024 17:40:22,1.17.0,Bandit,0,4.02,nan,30,20,80,LeftinTimeOut,Right,63,39,56,26,nan,nan,nan
9/5/2024 17:40:58,1.17.0,Bandit,0,4.02,nan,30,20,80,Right,Right,63,40,56,26,nan,nan,0.51
9/5/2024 17:41:01,1.17.0,Bandit,0,4.01,1,30,20,80,Pellet,Right,63,40,57,26,0.18,116,nan
9/5/2024 17:41:12,1.17.0,Bandit,0,4.02,nan,30,20,80,Right,Right,63,41,57,27,nan,nan,0.60
9/5/2024 17:41:25,1.17.0,Bandit,0,4.01,5,30,20,80,Pellet,Right,63,41,58,27,3.42,24,nan
9/5/2024 17:41:55,1.17.0,Bandit,0,4.02,nan,30,20,80,Right,Right,63,42,58,28,nan,nan,0.71
9/5/2024 17:42:04,1.17.0,Bandit,0,4.02,2,30,20,80,Pellet,Right,63,42,59,28,4.28,39,nan
9/5/2024 17:42:30,1.17.0,Bandit,0,4.02,nan,30,20,80,Right,Right,63,43,59,29,nan,nan,0.08
9/5/2024 17:42:33,1.17.0,Bandit,0,4.02,1,30,20,80,Pellet,Right,63,43,60,29,0.12,29,nan
9/5/2024 17:42:43,1.17.0,Bandit,0,4.02,nan,30,80,20,Right,Left,63,44,60,0,nan,nan,0.49
9/5/2024 17:43:04,1.17.0,Bandit,0,4.02,nan,30,80,20,Right,Left,63,45,60,0,nan,nan,0.35
9/5/2024 17:43:08,1.17.0,Bandit,0,4.01,1,30,80,20,Pellet,Left,63,45,61,0,0.12,35,nan
9/5/2024 17:43:17,1.17.0,Bandit,0,4.01,nan,30,80,20,Right,Left,63,46,61,1,nan,nan,0.08
9/5/2024 17:44:21,1.17.0,Bandit,0,4.02,nan,30,80,20,Right,Left,63,47,61,1,nan,nan,0.47
9/5/2024 17:44:54,1.17.0,Bandit,0,4.01,nan,30,80,20,Right,Left,63,48,61,1,nan,nan,0.04
9/5/2024 17:45:33,1.17.0,Bandit,0,4.01,nan,30,80,20,Left,Left,64,48,61,1,nan,nan,0.62
9/5/2024 17:45:43,1.17.0,Bandit,0,4.02,3,30,80,20,Pellet,Left,64,48,62,1,4.90,155,nan
9/5/2024 17:45:58,1.17.0,Bandit,0,4.02,nan,30,80,20,Left,Left,65,48,62,2,nan,nan,0.15
9/5/2024 17:46:06,1.17.0,Bandit,0,4.02,nan,30,80,20,LeftinTimeOut,Left,65,48,62,2,nan,nan,nan
9/5/2024 17:46:23,1.17.0,Bandit,0,4.00,nan,30,80,20,Right,Left,65,49,62,2,nan,nan,0.02
9/5/2024 17:47:17,1.17.0,Bandit,0,4.02,nan,30,80,20,Left,Left,66,49,62,2,nan,nan,0.38
9/5/2024 17:47:20,1.17.0,Bandit,0,4.02,nan,30,80,20,LeftinTimeOut,Left,66,49,62,2,nan,nan,nan
9/5/2024 17:47:30,1.17.0,Bandit,0,4.02,nan,30,80,20,Left,Left,67,49,62,2,nan,nan,0.00
9/5/2024 17:47:34,1.17.0,Bandit,0,4.02,2,30,80,20,Pellet,Left,67,49,63,2,0.06,111,nan
9/5/2024 17:47:50,1.17.0,Bandit,0,4.02,nan,30,80,20,Left,Left,68,49,63,3,nan,nan,0.07
9/5/2024 17:48:04,1.17.0,Bandit,0,4.02,nan,30,80,20,Right,Left,68,50,63,3,nan,nan,0.42
9/5/2024 17:48:36,1.17.0,Bandit,0,4.01,nan,30,80,20,Left,Left,69,50,63,3,nan,nan,0.05
9/5/2024 17:48:49,1.17.0,Bandit,0,4.01,3,30,80,20,Pellet,Left,69,50,64,3,5.64,75,nan
9/5/2024 17:49:10,1.17.0,Bandit,0,4.02,nan,30,80,20,Left,Left,70,50,64,4,nan,nan,0.07
9/5/2024 17:49:15,1.17.0,Bandit,0,4.02,2,30,80,20,Pellet,Left,70,50,65,4,0.12,26,nan
9/5/2024 17:49:38,1.17.0,Bandit,0,4.01,nan,30,80,20,Left,Left,71,50,65,5,nan,nan,0.15
9/5/2024 18:45:30,1.17.0,Bandit,0,4.02,nan,30,80,20,Left,Left,72,50,65,5,nan,nan,0.19
9/5/2024 18:46:54,1.17.0,Bandit,0,4.01,nan,30,80,20,Left,Left,73,50,65,5,nan,nan,0.39
9/5/2024 18:46:57,1.17.0,Bandit,0,4.01,nan,30,80,20,LeftinTimeOut,Left,73,50,65,5,nan,nan,nan
9/5/2024 18:47:17,1.17.0,Bandit,0,4.02,nan,30,80,20,Right,Left,73,51,65,5,nan,nan,0.06
9/5/2024 18:47:31,1.17.0,Bandit,0,4.01,3,30,80,20,Pellet,Left,73,51,66,5,7.05,3496,nan
9/5/2024 18:47:54,1.17.0,Bandit,0,4.02,nan,30,80,20,Right,Left,73,52,66,6,nan,nan,0.03
9/5/2024 18:48:29,1.17.0,Bandit,0,4.01,nan,30,80,20,Left,Left,74,52,66,6,nan,nan,0.57
9/5/2024 18:48:32,1.17.0,Bandit,0,4.01,1,30,80,20,Pellet,Left,74,52,67,6,0.18,61,nan
9/5/2024 18:48:42,1.17.0,Bandit,0,4.01,nan,30,80,20,Left,Left,75,52,67,7,nan,nan,0.07
9/5/2024 18:48:45,1.17.0,Bandit,0,4.01,1,30,80,20,Pellet,Left,75,52,68,7,0.12,13,nan
9/5/2024 18:49:08,1.17.0,Bandit,0,4.02,nan,30,80,20,Left,Left,76,52,68,8,nan,nan,0.35
9/5/2024 18:49:58,1.17.0,Bandit,0,4.01,nan,30,80,20,Right,Left,76,53,68,8,nan,nan,0.14
9/5/2024 18:50:01,1.17.0,Bandit,0,4.02,1,30,80,20,Pellet,Left,76,53,69,8,0.06,76,nan
9/5/2024 18:50:14,1.17.0,Bandit,0,4.01,nan,30,80,20,Right,Left,76,54,69,9,nan,nan,0.00
9/5/2024 18:50:38,1.17.0,Bandit,0,4.02,nan,30,80,20,Right,Left,76,55,69,9,nan,nan,0.04
9/5/2024 18:52:07,1.17.0,Bandit,0,4.01,nan,30,80,20,Right,Left,76,56,69,9,nan,nan,0.06
9/5/2024 18:54:51,1.17.0,Bandit,0,4.01,nan,30,80,20,Left,Left,77,56,69,9,nan,nan,0.08
9/5/2024 18:55:17,1.17.0,Bandit,0,4.00,nan,30,80,20,Left,Left,78,56,69,9,nan,nan,0.06
9/5/2024 18:55:55,1.17.0,Bandit,0,4.02,2,30,80,20,Pellet,Left,78,56,70,9,32.37,354,nan
9/5/2024 18:56:05,1.17.0,Bandit,0,4.02,nan,30,80,20,Left,Left,79,56,70,10,nan,nan,0.05
9/5/2024 18:56:19,1.17.0,Bandit,0,4.01,nan,30,80,20,RightWithPellet,Left,79,57,70,10,nan,nan,0.01
9/5/2024 18:56:21,1.17.0,Bandit,0,4.01,nan,30,80,20,RightWithPellet,Left,79,58,70,10,nan,nan,0.30
9/5/2024 18:56:25,1.17.0,Bandit,0,4.02,nan,30,80,20,RightWithPellet,Left,79,59,70,10,nan,nan,0.47
9/5/2024 18:56:29,1.17.0,Bandit,0,4.02,1,30,80,20,Pellet,Left,79,59,71,10,20.10,34,nan
9/5/2024 18:56:41,1.17.0,Bandit,0,4.02,nan,30,80,20,Right,Left,79,60,71,11,nan,nan,0.03
9/5/2024 18:56:44,1.17.0,Bandit,0,4.01,1,30,80,20,Pellet,Left,79,60,72,11,0.12,15,nan
9/5/2024 18:56:57,1.17.0,Bandit,0,4.01,nan,30,80,20,Left,Left,80,60,72,12,nan,nan,0.24
9/5/2024 18:57:06,1.17.0,Bandit,0,4.01,4,30,80,20,Pellet,Left,80,60,73,12,0.67,22,nan
9/5/2024 18:57:28,1.17.0,Bandit,0,4.01,nan,30,80,20,Left,Left,81,60,73,13,nan,nan,0.14
9/5/2024 18:57:33,1.17.0,Bandit,0,4.01,3,30,80,20,Pellet,Left,81,60,74,13,0.06,27,nan
9/5/2024 18:58:27,1.17.0,Bandit,0,4.01,nan,30,80,20,Right,Left,81,61,74,14,nan,nan,0.00
9/5/2024 18:58:49,1.17.0,Bandit,0,4.01,nan,30,80,20,Left,Left,82,61,74,14,nan,nan,0.10
9/5/2024 18:59:00,1.17.0,Bandit,0,4.01,3,30,80,20,Pellet,Left,82,61,75,14,3.61,87,nan
9/5/2024 18:59:29,1.17.0,Bandit,0,4.01,nan,30,80,20,Left,Left,83,61,75,15,nan,nan,0.03
9/5/2024 18:59:33,1.17.0,Bandit,0,4.01,2,30,80,20,Pellet,Left,83,61,76,15,0.06,33,nan
9/5/2024 18:59:46,1.17.0,Bandit,0,4.01,nan,30,80,20,Left,Left,84,61,76,16,nan,nan,0.05
9/5/2024 18:59:54,1.17.0,Bandit,0,4.01,2,30,80,20,Pellet,Left,84,61,77,16,2.50,21,nan
9/5/2024 19:01:30,1.17.0,Bandit,0,4.02,nan,30,80,20,Right,Left,84,62,77,17,nan,nan,0.07
9/5/2024 19:02:07,1.17.0,Bandit,0,4.02,nan,30,80,20,Left,Left,85,62,77,17,nan,nan,0.03
9/5/2024 19:02:10,1.17.0,Bandit,0,4.01,2,30,80,20,Pellet,Left,85,62,78,17,0.24,136,nan
9/5/2024 19:04:09,1.17.0,Bandit,0,4.00,nan,30,80,20,Left,Left,86,62,78,18,nan,nan,0.03
9/5/2024 19:04:18,1.17.0,Bandit,0,4.01,3,30,80,20,Pellet,Left,86,62,79,18,2.75,128,nan
9/5/2024 19:04:33,1.17.0,Bandit,0,4.01,nan,30,80,20,Right,Left,86,63,79,19,nan,nan,0.18
9/5/2024 19:04:37,1.17.0,Bandit,0,4.01,2,30,80,20,Pellet,Left,86,63,80,19,0.24,19,nan
9/5/2024 19:08:43,1.17.0,Bandit,0,4.01,nan,30,80,20,Left,Left,87,63,80,20,nan,nan,0.02
9/5/2024 19:08:47,1.17.0,Bandit,0,4.01,2,30,80,20,Pellet,Left,87,63,81,20,0.06,250,nan
9/5/2024 19:14:03,1.17.0,Bandit,0,4.00,nan,30,80,20,Right,Left,87,64,81,21,nan,nan,0.52
9/5/2024 19:14:06,1.17.0,Bandit,0,4.01,2,30,80,20,Pellet,Left,87,64,82,21,0.30,319,nan
9/5/2024 19:15:04,1.17.0,Bandit,0,4.01,nan,30,80,20,Right,Left,87,65,82,22,nan,nan,0.05
9/5/2024 19:15:29,1.17.0,Bandit,0,4.01,nan,30,80,20,Right,Left,87,66,82,22,nan,nan,0.24
9/5/2024 19:16:48,1.17.0,Bandit,0,4.00,nan,30,80,20,Left,Left,88,66,82,22,nan,nan,0.37
9/5/2024 19:16:54,1.17.0,Bandit,0,4.01,2,30,80,20,Pellet,Left,88,66,83,22,0.12,168,nan
9/5/2024 19:17:11,1.17.0,Bandit,0,4.02,nan,30,80,20,Left,Left,89,66,83,23,nan,nan,0.06
9/5/2024 19:17:16,1.17.0,Bandit,0,4.02,2,30,80,20,Pellet,Left,89,66,84,23,0.06,22,nan
9/5/2024 19:18:13,1.17.0,Bandit,0,4.01,nan,30,80,20,Right,Left,89,67,84,24,nan,nan,0.07
9/5/2024 19:18:18,1.17.0,Bandit,0,4.01,nan,30,80,20,LeftinTimeOut,Left,89,67,84,24,nan,nan,nan
9/5/2024 19:18:46,1.17.0,Bandit,0,4.01,nan,30,80,20,Left,Left,90,67,84,24,nan,nan,0.17
9/5/2024 19:18:49,1.17.0,Bandit,0,4.01,1,30,80,20,Pellet,Left,90,67,85,24,0.06,93,nan
9/5/2024 19:19:13,1.17.0,Bandit,0,4.01,nan,30,80,20,Right,Left,90,68,85,25,nan,nan,0.55
9/5/2024 19:19:21,1.17.0,Bandit,0,4.01,nan,30,80,20,LeftinTimeOut,Left,90,68,85,25,nan,nan,nan
9/5/2024 19:19:24,1.17.0,Bandit,0,4.01,nan,30,80,20,LeftinTimeOut,Left,90,68,85,25,nan,nan,nan
9/5/2024 19:19:47,1.17.0,Bandit,0,4.01,nan,30,80,20,Left,Left,91,68,85,25,nan,nan,0.24
9/5/2024 19:19:57,1.17.0,Bandit,0,4.01,2,30,80,20,Pellet,Left,91,68,86,25,4.71,68,nan
9/5/2024 19:21:35,1.17.0,Bandit,0,4.00,nan,30,80,20,Right,Left,91,69,86,26,nan,nan,0.15
9/5/2024 19:21:44,1.17.0,Bandit,0,4.00,4,30,80,20,Pellet,Left,91,69,87,26,1.46,107,nan
9/5/2024 19:22:06,1.17.0,Bandit,0,4.02,nan,30,80,20,Right,Left,91,70,87,27,nan,nan,0.12
9/5/2024 19:22:56,1.17.0,Bandit,0,4.01,nan,30,80,20,Left,Left,92,70,87,27,nan,nan,0.09
9/5/2024 19:23:01,1.17.0,Bandit,0,4.02,nan,30,80,20,LeftinTimeOut,Left,92,70,87,27,nan,nan,nan
9/5/2024 19:25:09,1.17.0,Bandit,0,4.01,nan,30,80,20,Left,Left,93,70,87,27,nan,nan,0.07
9/5/2024 19:25:13,1.17.0,Bandit,0,4.01,2,30,80,20,Pellet,Left,93,70,88,27,0.42,209,nan
9/5/2024 19:25:41,1.17.0,Bandit,0,4.01,nan,30,80,20,Right,Left,93,71,88,28,nan,nan,0.11
9/5/2024 19:28:50,1.17.0,Bandit,0,4.01,nan,30,80,20,Right,Left,93,72,88,28,nan,nan,0.09
9/5/2024 19:28:59,1.17.0,Bandit,0,4.02,nan,30,80,20,LeftinTimeOut,Left,93,72,88,28,nan,nan,nan
9/5/2024 19:29:01,1.17.0,Bandit,0,4.01,nan,30,80,20,LeftinTimeOut,Left,93,72,88,28,nan,nan,nan
9/5/2024 19:29:08,1.17.0,Bandit,0,4.01,nan,30,80,20,LeftinTimeOut,Left,93,72,88,28,nan,nan,nan
9/5/2024 19:29:14,1.17.0,Bandit,0,4.02,nan,30,80,20,LeftinTimeOut,Left,93,72,88,28,nan,nan,nan
9/5/2024 19:31:17,1.17.0,Bandit,0,4.02,nan,30,80,20,Left,Left,94,72,88,28,nan,nan,0.01
9/5/2024 19:31:23,1.17.0,Bandit,0,4.01,3,30,80,20,Pellet,Left,94,72,89,28,0.06,370,nan
9/5/2024 19:35:45,1.17.0,Bandit,0,4.01,nan,30,80,20,Right,Left,94,73,89,29,nan,nan,0.07
9/5/2024 19:35:53,1.17.0,Bandit,0,4.01,nan,30,80,20,LeftinTimeOut,Left,94,73,89,29,nan,nan,nan
9/5/2024 19:36:38,1.17.0,Bandit,0,4.00,nan,30,80,20,Right,Left,94,74,89,29,nan,nan,0.09
9/5/2024 19:36:54,1.17.0,Bandit,0,4.01,nan,30,80,20,Left,Left,95,74,89,29,nan,nan,0.02
9/5/2024 19:37:07,1.17.0,Bandit,0,4.01,6,30,80,20,Pellet,Left,95,74,90,29,0.06,344,nan
9/5/2024 19:39:07,1.17.0,Bandit,0,4.01,nan,30,20,80,Right,Right,95,75,90,0,nan,nan,0.41
9/5/2024 19:39:49,1.17.0,Bandit,0,4.01,nan,30,20,80,RightDuringDispense,Right,95,75,90,0,nan,nan,0.05
9/5/2024 19:39:52,1.17.0,Bandit,0,4.01,nan,30,20,80,RightDuringDispense,Right,95,75,90,0,nan,nan,0.18
9/5/2024 19:40:09,1.17.0,Bandit,0,4.01,nan,30,20,80,LeftDuringDispense,Right,95,75,90,0,nan,nan,0.10
9/5/2024 19:40:09,1.17.0,Bandit,0,4.01,nan,30,20,80,LeftDuringDispense,Right,95,75,90,0,nan,nan,0.25
9/5/2024 19:40:17,1.17.0,Bandit,0,4.00,nan,30,20,80,LeftDuringDispense,Right,95,75,90,0,nan,nan,0.01
9/5/2024 19:40:30,1.17.0,Bandit,0,4.01,nan,30,20,80,RightDuringDispense,Right,95,75,90,0,nan,nan,0.06
9/5/2024 19:40:35,1.17.0,Bandit,0,4.00,nan,30,20,80,LeftDuringDispense,Right,95,75,90,0,nan,nan,0.05
9/5/2024 19:40:35,1.17.0,Bandit,0,4.01,nan,30,20,80,LeftDuringDispense,Right,95,75,90,0,nan,nan,0.06
9/5/2024 19:40:39,1.17.0,Bandit,0,4.01,nan,30,20,80,RightDuringDispense,Right,95,75,90,0,nan,nan,0.68
9/5/2024 19:41:15,1.17.0,Bandit,0,4.01,nan,30,20,80,LeftDuringDispense,Right,95,75,90,0,nan,nan,0.54
9/5/2024 19:42:03,1.17.0,Bandit,0,4.01,nan,30,20,80,RightDuringDispense,Right,95,75,90,0,nan,nan,0.59
9/5/2024 19:42:15,1.17.0,Bandit,0,4.01,nan,30,20,80,LeftDuringDispense,Right,95,75,90,0,nan,nan,0.17
9/5/2024 19:42:18,1.17.0,Bandit,0,4.00,nan,30,20,80,LeftDuringDispense,Right,95,75,90,0,nan,nan,0.21
9/5/2024 19:42:19,1.17.0,Bandit,0,4.00,nan,30,20,80,LeftDuringDispense,Right,95,75,90,0,nan,nan,0.26
9/5/2024 19:42:19,1.17.0,Bandit,0,4.00,nan,30,20,80,LeftDuringDispense,Right,95,75,90,0,nan,nan,0.03
9/5/2024 19:42:30,1.17.0,Bandit,0,4.01,nan,30,20,80,RightDuringDispense,Right,95,75,90,0,nan,nan,0.02
9/5/2024 19:42:37,1.17.0,Bandit,0,4.01,nan,30,20,80,RightDuringDispense,Right,95,75,90,0,nan,nan,0.02
9/5/2024 19:42:39,1.17.0,Bandit,0,4.01,nan,30,20,80,RightDuringDispense,Right,95,75,90,0,nan,nan,0.18
9/5/2024 19:46:19,1.17.0,Bandit,0,4.01,nan,30,20,80,RightDuringDispense,Right,95,75,90,0,nan,nan,0.06
9/5/2024 19:46:24,1.17.0,Bandit,0,4.00,nan,30,20,80,LeftDuringDispense,Right,95,75,90,0,nan,nan,0.13
9/5/2024 19:47:30,1.17.0,Bandit,0,4.00,nan,30,20,80,RightDuringDispense,Right,95,75,90,0,nan,nan,0.05
9/5/2024 19:47:34,1.17.0,Bandit,0,4.00,nan,30,20,80,RightDuringDispense,Right,95,75,90,0,nan,nan,0.07
9/5/2024 19:47:59,1.17.0,Bandit,0,4.00,nan,30,20,80,RightDuringDispense,Right,95,75,90,0,nan,nan,0.11
9/5/2024 19:48:19,1.17.0,Bandit,0,4.00,nan,30,20,80,LeftDuringDispense,Right,95,75,90,0,nan,nan,0.06
9/5/2024 19:48:35,1.17.0,Bandit,0,4.00,nan,30,20,80,RightDuringDispense,Right,95,75,90,0,nan,nan,0.10
9/5/2024 19:48:42,1.17.0,Bandit,0,4.00,nan,30,20,80,LeftDuringDispense,Right,95,75,90,0,nan,nan,0.07
9/5/2024 19:48:43,1.17.0,Bandit,0,4.00,nan,30,20,80,LeftDuringDispense,Right,95,75,90,0,nan,nan,0.15
9/5/2024 19:49:03,1.17.0,Bandit,0,4.00,nan,30,20,80,RightDuringDispense,Right,95,75,90,0,nan,nan,0.14
9/5/2024 19:49:48,1.17.0,Bandit,0,4.00,nan,30,20,80,LeftDuringDispense,Right,95,75,90,0,nan,nan,0.07
9/5/2024 19:49:57,1.17.0,Bandit,0,4.00,nan,30,20,80,LeftDuringDispense,Right,95,75,90,0,nan,nan,0.60
9/5/2024 19:50:00,1.17.0,Bandit,0,4.00,nan,30,20,80,LeftDuringDispense,Right,95,75,90,0,nan,nan,0.07
9/5/2024 19:50:00,1.17.0,Bandit,0,4.00,nan,30,20,80,LeftDuringDispense,Right,95,75,90,0,nan,nan,0.06
9/5/2024 19:50:52,1.17.0,Bandit,0,4.00,nan,30,20,80,LeftDuringDispense,Right,95,75,90,0,nan,nan,0.33
9/5/2024 19:54:44,1.17.0,Bandit,0,4.00,nan,30,20,80,LeftDuringDispense,Right,95,75,90,0,nan,nan,0.20
9/5/2024 19:56:27,1.17.0,Bandit,0,4.00,nan,30,20,80,LeftDuringDispense,Right,95,75,90,0,nan,nan,0.05
9/5/2024 19:56:35,1.17.0,Bandit,0,4.00,nan,30,20,80,LeftDuringDispense,Right,95,75,90,0,nan,nan,0.04
9/5/2024 19:56:52,1.17.0,Bandit,0,4.00,nan,30,20,80,LeftDuringDispense,Right,95,75,90,0,nan,nan,0.33
9/5/2024 19:56:59,1.17.0,Bandit,0,4.00,nan,30,20,80,RightDuringDispense,Right,95,75,90,0,nan,nan,0.07
9/5/2024 19:57:17,1.17.0,Bandit,0,4.00,nan,30,20,80,LeftDuringDispense,Right,95,75,90,0,nan,nan,0.09
9/5/2024 19:57:46,1.17.0,Bandit,0,4.00,nan,30,20,80,LeftDuringDispense,Right,95,75,90,0,nan,nan,0.09
9/5/2024 20:00:37,1.17.0,Bandit,0,4.00,nan,30,20,80,RightDuringDispense,Right,95,75,90,0,nan,nan,0.80
9/5/2024 20:00:38,1.17.0,Bandit,0,4.00,nan,30,20,80,RightDuringDispense,Right,95,75,90,0,nan,nan,0.84
9/5/2024 20:00:41,1.17.0,Bandit,0,4.00,nan,30,20,80,RightDuringDispense,Right,95,75,90,0,nan,nan,0.09
9/5/2024 20:01:01,1.17.0,Bandit,0,4.00,nan,30,20,80,LeftDuringDispense,Right,95,75,90,0,nan,nan,0.08
9/5/2024 20:01:13,1.17.0,Bandit,0,4.00,nan,30,20,80,LeftDuringDispense,Right,95,75,90,0,nan,nan,0.70
9/5/2024 20:01:14,1.17.0,Bandit,0,4.00,nan,30,20,80,LeftDuringDispense,Right,95,75,90,0,nan,nan,0.10
9/5/2024 20:02:13,1.17.0,Bandit,0,3.99,nan,30,20,80,RightDuringDispense,Right,95,75,90,0,nan,nan,0.09
9/5/2024 20:03:43,1.17.0,Bandit,0,4.00,nan,30,20,80,RightDuringDispense,Right,95,75,90,0,nan,nan,0.03
9/5/2024 20:04:45,1.17.0,Bandit,0,3.99,nan,30,20,80,RightDuringDispense,Right,95,75,90,0,nan,nan,0.08
9/5/2024 20:04:47,1.17.0,Bandit,0,4.00,nan,30,20,80,RightDuringDispense,Right,95,75,90,0,nan,nan,0.34
9/5/2024 20:05:03,1.17.0,Bandit,0,4.00,nan,30,20,80,RightDuringDispense,Right,95,75,90,0,nan,nan,0.05
9/5/2024 20:05:19,1.17.0,Bandit,0,4.00,nan,30,20,80,LeftDuringDispense,Right,95,75,90,0,nan,nan,0.87
9/5/2024 20:05:23,1.17.0,Bandit,0,4.00,nan,30,20,80,LeftDuringDispense,Right,95,75,90,0,nan,nan,0.58
9/5/2024 20:05:49,1.17.0,Bandit,0,4.00,nan,30,20,80,LeftDuringDispense,Right,95,75,90,0,nan,nan,0.10
9/5/2024 20:05:49,1.17.0,Bandit,0,4.00,nan,30,20,80,LeftDuringDispense,Right,95,75,90,0,nan,nan,0.10
9/5/2024 20:06:01,1.17.0,Bandit,0,4.00,nan,30,20,80,LeftDuringDispense,Right,95,75,90,0,nan,nan,0.04
9/5/2024 20:07:43,1.17.0,Bandit,0,4.00,nan,30,20,80,LeftDuringDispense,Right,95,75,90,0,nan,nan,0.11
9/5/2024 20:08:13,1.17.0,Bandit,0,4.00,nan,30,20,80,LeftDuringDispense,Right,95,75,90,0,nan,nan,0.08
9/5/2024 20:08:20,1.17.0,Bandit,0,4.00,nan,30,20,80,RightDuringDispense,Right,95,75,90,0,nan,nan,0.13
9/5/2024 20:11:57,1.17.0,Bandit,0,3.99,nan,30,20,80,RightDuringDispense,Right,95,75,90,0,nan,nan,0.02
9/5/2024 20:14:19,1.17.0,Bandit,0,3.99,nan,30,20,80,LeftDuringDispense,Right,95,75,90,0,nan,nan,0.01
9/5/2024 20:14:20,1.17.0,Bandit,0,3.99,nan,30,20,80,LeftDuringDispense,Right,95,75,90,0,nan,nan,0.16
9/5/2024 20:14:27,1.17.0,Bandit,0,3.99,nan,30,20,80,LeftDuringDispense,Right,95,75,90,0,nan,nan,0.02
9/5/2024 20:14:29,1.17.0,Bandit,0,3.98,nan,30,20,80,RightDuringDispense,Right,95,75,90,0,nan,nan,0.02
9/5/2024 20:14:34,1.17.0,Bandit,0,3.99,nan,30,20,80,LeftDuringDispense,Right,95,75,90,0,nan,nan,0.06
9/5/2024 20:25:27,1.17.0,Bandit,0,3.98,nan,30,20,80,LeftDuringDispense,Right,95,75,90,0,nan,nan,0.16
9/5/2024 20:25:38,1.17.0,Bandit,0,3.99,nan,30,20,80,LeftDuringDispense,Right,95,75,90,0,nan,nan,0.06
9/5/2024 20:26:16,1.17.0,Bandit,0,3.98,nan,30,20,80,LeftDuringDispense,Right,95,75,90,0,nan,nan,1.09
9/5/2024 20:27:18,1.17.0,Bandit,0,3.98,nan,30,20,80,LeftDuringDispense,Right,95,75,90,0,nan,nan,0.02
9/5/2024 20:27:34,1.17.0,Bandit,0,3.98,nan,30,20,80,LeftDuringDispense,Right,95,75,90,0,nan,nan,0.66
9/5/2024 20:27:36,1.17.0,Bandit,0,3.98,nan,30,20,80,LeftDuringDispense,Right,95,75,90,0,nan,nan,0.04
9/5/2024 20:30:40,1.17.0,Bandit,0,3.98,nan,30,20,80,LeftDuringDispense,Right,95,75,90,0,nan,nan,0.04
9/5/2024 20:30:42,1.17.0,Bandit,0,3.98,nan,30,20,80,RightDuringDispense,Right,95,75,90,0,nan,nan,0.09
9/5/2024 20:30:43,1.17.0,Bandit,0,3.98,nan,30,20,80,RightDuringDispense,Right,95,75,90,0,nan,nan,0.71
9/5/2024 20:30:48,1.17.0,Bandit,0,3.99,nan,30,20,80,RightDuringDispense,Right,95,75,90,0,nan,nan,0.06
9/5/2024 20:30:50,1.17.0,Bandit,0,3.98,nan,30,20,80,RightDuringDispense,Right,95,75,90,0,nan,nan,0.13
9/5/2024 20:31:18,1.17.0,Bandit,0,3.98,nan,30,20,80,RightDuringDispense,Right,95,75,90,0,nan,nan,0.14
9/5/2024 20:33:40,1.17.0,Bandit,0,3.98,nan,30,20,80,LeftDuringDispense,Right,95,75,90,0,nan,nan,0.04
9/5/2024 20:33:41,1.17.0,Bandit,0,3.98,nan,30,20,80,LeftDuringDispense,Right,95,75,90,0,nan,nan,0.07
9/5/2024 20:34:22,1.17.0,Bandit,0,3.98,nan,30,20,80,RightDuringDispense,Right,95,75,90,0,nan,nan,0.06
9/5/2024 20:34:40,1.17.0,Bandit,0,3.97,nan,30,20,80,LeftDuringDispense,Right,95,75,90,0,nan,nan,0.22
9/5/2024 20:36:48,1.17.0,Bandit,0,3.98,nan,30,20,80,RightDuringDispense,Right,95,75,90,0,nan,nan,0.05
9/5/2024 20:36:49,1.17.0,Bandit,0,3.98,nan,30,20,80,RightDuringDispense,Right,95,75,90,0,nan,nan,0.31
9/5/2024 20:36:53,1.17.0,Bandit,0,3.98,nan,30,20,80,LeftDuringDispense,Right,95,75,90,0,nan,nan,0.27
9/5/2024 20:37:12,1.17.0,Bandit,0,3.98,nan,30,20,80,LeftDuringDispense,Right,95,75,90,0,nan,nan,0.04
9/5/2024 20:37:14,1.17.0,Bandit,0,3.98,nan,30,20,80,LeftDuringDispense,Right,95,75,90,0,nan,nan,0.26
9/5/2024 20:38:24,1.17.0,Bandit,0,3.98,nan,30,20,80,LeftDuringDispense,Right,95,75,90,0,nan,nan,0.07
9/5/2024 20:39:25,1.17.0,Bandit,0,3.98,nan,30,20,80,RightDuringDispense,Right,95,75,90,0,nan,nan,0.18
9/5/2024 20:39:29,1.17.0,Bandit,0,3.98,nan,30,20,80,RightDuringDispense,Right,95,75,90,0,nan,nan,0.13
9/5/2024 20:39:34,1.17.0,Bandit,0,3.98,nan,30,20,80,RightDuringDispense,Right,95,75,90,0,nan,nan,0.09
9/5/2024 20:40:25,1.17.0,Bandit,0,3.98,nan,30,20,80,RightDuringDispense,Right,95,75,90,0,nan,nan,0.18
9/5/2024 20:40:30,1.17.0,Bandit,0,3.98,nan,30,20,80,RightDuringDispense,Right,95,75,90,0,nan,nan,0.57
9/5/2024 20:41:06,1.17.0,Bandit,0,3.98,nan,30,20,80,RightDuringDispense,Right,95,75,90,0,nan,nan,0.07
9/5/2024 20:45:20,1.17.0,Bandit,0,3.98,nan,30,20,80,LeftDuringDispense,Right,95,75,90,0,nan,nan,0.28
9/5/2024 20:48:02,1.17.0,Bandit,0,3.98,nan,30,20,80,RightDuringDispense,Right,95,75,90,0,nan,nan,0.10
9/5/2024 20:50:38,1.17.0,Bandit,0,3.97,nan,30,20,80,RightDuringDispense,Right,95,75,90,0,nan,nan,0.15
9/5/2024 20:51:05,1.17.0,Bandit,0,3.97,nan,30,20,80,LeftDuringDispense,Right,95,75,90,0,nan,nan,0.13
9/5/2024 20:54:12,1.17.0,Bandit,0,3.97,nan,30,20,80,LeftDuringDispense,Right,95,75,90,0,nan,nan,0.06
9/5/2024 20:54:12,1.17.0,Bandit,0,3.98,nan,30,20,80,LeftDuringDispense,Right,95,75,90,0,nan,nan,0.20
9/5/2024 20:54:18,1.17.0,Bandit,0,3.97,nan,30,20,80,RightDuringDispense,Right,95,75,90,0,nan,nan,0.23
9/5/2024 20:54:20,1.17.0,Bandit,0,3.97,nan,30,20,80,RightDuringDispense,Right,95,75,90,0,nan,nan,0.29
9/5/2024 20:54:20,1.17.0,Bandit,0,3.98,nan,30,20,80,RightDuringDispense,Right,95,75,90,0,nan,nan,0.33
9/5/2024 20:56:00,1.17.0,Bandit,0,3.97,nan,30,20,80,RightDuringDispense,Right,95,75,90,0,nan,nan,0.13
9/5/2024 20:56:04,1.17.0,Bandit,0,3.97,nan,30,20,80,LeftDuringDispense,Right,95,75,90,0,nan,nan,0.01
9/5/2024 20:56:09,1.17.0,Bandit,0,3.98,nan,30,20,80,RightDuringDispense,Right,95,75,90,0,nan,nan,0.12
9/5/2024 20:58:09,1.17.0,Bandit,0,3.97,nan,30,20,80,RightDuringDispense,Right,95,75,90,0,nan,nan,0.04
9/5/2024 21:00:22,1.17.0,Bandit,0,3.97,nan,30,20,80,LeftDuringDispense,Right,95,75,90,0,nan,nan,0.14
9/5/2024 21:00:24,1.17.0,Bandit,0,3.98,nan,30,20,80,LeftDuringDispense,Right,95,75,90,0,nan,nan,0.50
9/5/2024 21:03:30,1.17.0,Bandit,0,3.97,nan,30,20,80,LeftDuringDispense,Right,95,75,90,0,nan,nan,0.01
9/5/2024 21:04:20,1.17.0,Bandit,0,3.97,nan,30,20,80,RightDuringDispense,Right,95,75,90,0,nan,nan,0.11
9/5/2024 21:04:33,1.17.0,Bandit,0,3.97,nan,30,20,80,RightDuringDispense,Right,95,75,90,0,nan,nan,0.07
9/5/2024 21:05:58,1.17.0,Bandit,0,3.96,nan,30,20,80,LeftDuringDispense,Right,95,75,90,0,nan,nan,0.06
9/5/2024 21:06:25,1.17.0,Bandit,0,3.96,nan,30,20,80,RightDuringDispense,Right,95,75,90,0,nan,nan,0.19
9/5/2024 21:06:51,1.17.0,Bandit,0,3.96,nan,30,20,80,LeftDuringDispense,Right,95,75,90,0,nan,nan,0.10
9/5/2024 21:06:52,1.17.0,Bandit,0,3.97,nan,30,20,80,LeftDuringDispense,Right,95,75,90,0,nan,nan,0.20
9/5/2024 21:06:52,1.17.0,Bandit,0,3.98,nan,30,20,80,LeftDuringDispense,Right,95,75,90,0,nan,nan,0.11
9/5/2024 21:06:59,1.17.0,Bandit,0,3.96,nan,30,20,80,RightDuringDispense,Right,95,75,90,0,nan,nan,0.06
9/5/2024 21:11:01,1.17.0,Bandit,0,3.97,nan,30,20,80,LeftDuringDispense,Right,95,75,90,0,nan,nan,0.13
9/5/2024 21:11:28,1.17.0,Bandit,0,3.96,nan,30,20,80,LeftDuringDispense,Right,95,75,90,0,nan,nan,0.10
9/5/2024 21:13:23,1.17.0,Bandit,0,3.97,nan,30,20,80,LeftDuringDispense,Right,95,75,90,0,nan,nan,0.02
9/5/2024 21:13:32,1.17.0,Bandit,0,3.96,nan,30,20,80,RightDuringDispense,Right,95,75,90,0,nan,nan,0.12
9/5/2024 21:13:39,1.17.0,Bandit,0,3.96,nan,30,20,80,RightDuringDispense,Right,95,75,90,0,nan,nan,0.11
9/5/2024 21:14:05,1.17.0,Bandit,0,3.97,nan,30,20,80,LeftDuringDispense,Right,95,75,90,0,nan,nan,0.28
9/5/2024 21:19:20,1.17.0,Bandit,0,3.96,nan,30,20,80,RightDuringDispense,Right,95,75,90,0,nan,nan,0.46
9/5/2024 21:19:54,1.17.0,Bandit,0,3.96,nan,30,20,80,RightDuringDispense,Right,95,75,90,0,nan,nan,0.06
9/5/2024 21:20:08,1.17.0,Bandit,0,3.96,nan,30,20,80,LeftDuringDispense,Right,95,75,90,0,nan,nan,0.26
9/5/2024 21:21:38,1.17.0,Bandit,0,3.96,nan,30,20,80,LeftDuringDispense,Right,95,75,90,0,nan,nan,0.02
9/5/2024 21:21:45,1.17.0,Bandit,0,3.96,nan,30,20,80,RightDuringDispense,Right,95,75,90,0,nan,nan,0.15
9/5/2024 21:22:31,1.17.0,Bandit,0,3.96,nan,30,20,80,LeftDuringDispense,Right,95,75,90,0,nan,nan,0.07
9/5/2024 21:22:31,1.17.0,Bandit,0,3.96,nan,30,20,80,LeftDuringDispense,Right,95,75,90,0,nan,nan,0.16
9/5/2024 21:24:46,1.17.0,Bandit,0,3.96,nan,30,20,80,RightDuringDispense,Right,95,75,90,0,nan,nan,0.09
9/5/2024 21:25:21,1.17.0,Bandit,0,3.96,nan,30,20,80,LeftDuringDispense,Right,95,75,90,0,nan,nan,0.16
9/5/2024 21:26:47,1.17.0,Bandit,0,3.96,nan,30,20,80,RightDuringDispense,Right,95,75,90,0,nan,nan,0.21
9/5/2024 21:28:17,1.17.0,Bandit,0,3.96,nan,30,20,80,RightDuringDispense,Right,95,75,90,0,nan,nan,0.13
9/5/2024 21:28:45,1.17.0,Bandit,0,3.96,nan,30,20,80,LeftDuringDispense,Right,95,75,90,0,nan,nan,0.06
9/5/2024 21:28:46,1.17.0,Bandit,0,3.96,nan,30,20,80,LeftDuringDispense,Right,95,75,90,0,nan,nan,0.17
9/5/2024 21:28:46,1.17.0,Bandit,0,3.96,nan,30,20,80,LeftDuringDispense,Right,95,75,90,0,nan,nan,0.06
9/5/2024 21:28:47,1.17.0,Bandit,0,3.96,nan,30,20,80,LeftDuringDispense,Right,95,75,90,0,nan,nan,0.29
9/5/2024 21:29:42,1.17.0,Bandit,0,3.96,nan,30,20,80,RightDuringDispense,Right,95,75,90,0,nan,nan,0.14
9/5/2024 21:29:45,1.17.0,Bandit,0,3.96,nan,30,20,80,LeftDuringDispense,Right,95,75,90,0,nan,nan,0.08
9/5/2024 21:29:50,1.17.0,Bandit,0,3.96,nan,30,20,80,LeftDuringDispense,Right,95,75,90,0,nan,nan,0.14
9/5/2024 21:29:52,1.17.0,Bandit,0,3.96,nan,30,20,80,LeftDuringDispense,Right,95,75,90,0,nan,nan,0.03
9/5/2024 21:29:53,1.17.0,Bandit,0,3.96,nan,30,20,80,LeftDuringDispense,Right,95,75,90,0,nan,nan,0.14
9/5/2024 21:30:13,1.17.0,Bandit,0,3.96,nan,30,20,80,RightDuringDispense,Right,95,75,90,0,nan,nan,0.13
9/5/2024 21:33:11,1.17.0,Bandit,0,3.96,nan,30,20,80,RightDuringDispense,Right,95,75,90,0,nan,nan,0.14
9/5/2024 21:58:39,1.17.0,Bandit,0,3.94,nan,30,20,80,LeftDuringDispense,Right,95,75,90,0,nan,nan,0.03
9/5/2024 21:58:39,1.17.0,Bandit,0,3.94,nan,30,20,80,LeftDuringDispense,Right,95,75,90,0,nan,nan,0.03
9/5/2024 22:19:19,1.17.0,Bandit,0,3.94,nan,30,20,80,LeftDuringDispense,Right,95,75,90,0,nan,nan,0.20
9/5/2024 22:20:09,1.17.0,Bandit,0,3.94,nan,30,20,80,RightDuringDispense,Right,95,75,90,0,nan,nan,0.20
9/5/2024 22:23:28,1.17.0,Bandit,0,3.93,nan,30,20,80,RightDuringDispense,Right,95,75,90,0,nan,nan,0.24
9/5/2024 22:23:28,1.17.0,Bandit,0,3.94,nan,30,20,80,RightDuringDispense,Right,95,75,90,0,nan,nan,0.11
9/5/2024 22:30:03,1.17.0,Bandit,0,3.93,nan,30,20,80,RightDuringDispense,Right,95,75,90,0,nan,nan,0.17
9/5/2024 22:31:03,1.17.0,Bandit,0,3.93,nan,30,20,80,RightDuringDispense,Right,95,75,90,0,nan,nan,0.01
9/5/2024 22:31:53,1.17.0,Bandit,0,3.93,nan,30,20,80,LeftDuringDispense,Right,95,75,90,0,nan,nan,0.13
9/5/2024 22:33:54,1.17.0,Bandit,0,3.93,nan,30,20,80,LeftDuringDispense,Right,95,75,90,0,nan,nan,0.07
9/5/2024 22:34:10,1.17.0,Bandit,0,3.93,nan,30,20,80,LeftDuringDispense,Right,95,75,90,0,nan,nan,0.10
9/5/2024 22:36:08,1.17.0,Bandit,0,3.93,nan,30,20,80,RightDuringDispense,Right,95,75,90,0,nan,nan,0.04
9/5/2024 22:37:07,1.17.0,Bandit,0,3.93,nan,30,20,80,LeftDuringDispense,Right,95,75,90,0,nan,nan,0.01
9/5/2024 22:37:10,1.17.0,Bandit,0,3.93,nan,30,20,80,LeftDuringDispense,Right,95,75,90,0,nan,nan,0.44
9/5/2024 22:40:10,1.17.0,Bandit,0,3.93,nan,30,20,80,LeftDuringDispense,Right,95,75,90,0,nan,nan,0.42
9/5/2024 22:42:43,1.17.0,Bandit,0,3.93,nan,30,20,80,RightDuringDispense,Right,95,75,90,0,nan,nan,0.03
9/5/2024 22:42:43,1.17.0,Bandit,0,3.93,nan,30,20,80,RightDuringDispense,Right,95,75,90,0,nan,nan,0.48
9/5/2024 22:42:48,1.17.0,Bandit,0,3.93,3611,30,20,80,Pellet,Right,95,75,91,0,0.12,11141,nan
9/5/2024 22:47:45,1.17.0,Bandit,0,3.93,nan,30,20,80,Right,Right,95,76,91,1,nan,nan,0.13
9/5/2024 22:53:07,1.17.0,Bandit,0,3.93,nan,30,20,80,Left,Right,96,76,91,1,nan,nan,0.07
9/5/2024 22:56:36,1.17.0,Bandit,0,3.93,nan,30,20,80,Left,Right,97,76,91,1,nan,nan,0.08
9/5/2024 23:08:02,1.17.0,Bandit,0,3.93,nan,30,20,80,Left,Right,98,76,91,1,nan,nan,0.03
9/5/2024 23:09:45,1.17.0,Bandit,0,3.93,nan,30,20,80,Left,Right,99,76,91,1,nan,nan,0.14
9/5/2024 23:09:53,1.17.0,Bandit,0,3.93,nan,30,20,80,LeftDuringDispense,Right,99,76,91,1,nan,nan,0.47
9/5/2024 23:09:56,1.17.0,Bandit,0,3.93,nan,30,20,80,LeftDuringDispense,Right,99,76,91,1,nan,nan,0.56
9/5/2024 23:10:48,1.17.0,Bandit,0,3.93,21,30,20,80,Pellet,Right,99,76,92,1,0.06,1680,nan
9/5/2024 23:11:00,1.17.0,Bandit,0,3.94,nan,30,20,80,Left,Right,100,76,92,2,nan,nan,0.74
9/5/2024 23:35:44,1.17.0,Bandit,0,3.93,nan,30,20,80,Right,Right,100,77,92,2,nan,nan,0.21
9/5/2024 23:36:20,1.17.0,Bandit,0,3.93,nan,30,20,80,LeftDuringDispense,Right,100,77,92,2,nan,nan,0.05
9/5/2024 23:36:20,1.17.0,Bandit,0,3.93,nan,30,20,80,LeftDuringDispense,Right,100,77,92,2,nan,nan,0.26
9/5/2024 23:36:21,1.17.0,Bandit,0,3.93,nan,30,20,80,LeftDuringDispense,Right,100,77,92,2,nan,nan,0.11
9/5/2024 23:36:25,1.17.0,Bandit,0,3.93,nan,30,20,80,LeftDuringDispense,Right,100,77,92,2,nan,nan,1.01
9/5/2024 23:36:26,1.17.0,Bandit,0,3.93,nan,30,20,80,LeftDuringDispense,Right,100,77,92,2,nan,nan,0.27
9/5/2024 23:36:39,1.17.0,Bandit,0,3.93,16,30,20,80,Pellet,Right,100,77,93,2,4.96,1551,nan
9/5/2024 23:36:48,1.17.0,Bandit,0,3.93,nan,30,20,80,Left,Right,101,77,93,3,nan,nan,0.05
9/5/2024 23:36:54,1.17.0,Bandit,0,3.93,nan,30,20,80,LeftDuringDispense,Right,101,77,93,3,nan,nan,0.30
9/5/2024 23:36:58,1.17.0,Bandit,0,3.93,nan,30,20,80,LeftDuringDispense,Right,101,77,93,3,nan,nan,0.64
9/5/2024 23:36:59,1.17.0,Bandit,0,3.93,nan,30,20,80,LeftDuringDispense,Right,101,77,93,3,nan,nan,0.35
9/5/2024 23:37:17,1.17.0,Bandit,0,3.93,nan,30,20,80,LeftDuringDispense,Right,101,77,93,3,nan,nan,0.15
9/5/2024 23:37:17,1.17.0,Bandit,0,3.93,nan,30,20,80,LeftDuringDispense,Right,101,77,93,3,nan,nan,0.02
9/5/2024 23:37:19,1.17.0,Bandit,0,3.93,nan,30,20,80,LeftDuringDispense,Right,101,77,93,3,nan,nan,0.15
9/5/2024 23:37:19,1.17.0,Bandit,0,3.93,nan,30,20,80,LeftDuringDispense,Right,101,77,93,3,nan,nan,0.24
9/5/2024 23:37:22,1.17.0,Bandit,0,3.93,nan,30,20,80,LeftDuringDispense,Right,101,77,93,3,nan,nan,0.28
9/5/2024 23:37:33,1.17.0,Bandit,0,3.93,nan,30,20,80,RightDuringDispense,Right,101,77,93,3,nan,nan,0.21
9/5/2024 23:38:54,1.17.0,Bandit,0,3.93,nan,30,20,80,LeftDuringDispense,Right,101,77,93,3,nan,nan,0.07
9/5/2024 23:38:56,1.17.0,Bandit,0,3.93,nan,30,20,80,LeftDuringDispense,Right,101,77,93,3,nan,nan,0.03
9/5/2024 23:38:56,1.17.0,Bandit,0,3.93,nan,30,20,80,LeftDuringDispense,Right,101,77,93,3,nan,nan,0.36
9/5/2024 23:38:58,1.17.0,Bandit,0,3.93,nan,30,20,80,LeftDuringDispense,Right,101,77,93,3,nan,nan,0.52
9/5/2024 23:38:59,1.17.0,Bandit,0,3.93,nan,30,20,80,LeftDuringDispense,Right,101,77,93,3,nan,nan,0.45
9/5/2024 23:39:47,1.17.0,Bandit,0,3.93,nan,30,20,80,LeftDuringDispense,Right,101,77,93,3,nan,nan,0.10
9/5/2024 23:40:25,1.17.0,Bandit,0,3.93,nan,30,20,80,LeftDuringDispense,Right,101,77,93,3,nan,nan,0.23
9/5/2024 23:40:27,1.17.0,Bandit,0,3.92,nan,30,20,80,LeftDuringDispense,Right,101,77,93,3,nan,nan,0.08
9/5/2024 23:44:09,1.17.0,Bandit,0,3.92,nan,30,20,80,RightDuringDispense,Right,101,77,93,3,nan,nan,0.18
9/5/2024 23:44:10,1.17.0,Bandit,0,3.92,nan,30,20,80,RightDuringDispense,Right,101,77,93,3,nan,nan,0.19
9/5/2024 23:44:12,1.17.0,Bandit,0,3.93,nan,30,20,80,RightDuringDispense,Right,101,77,93,3,nan,nan,0.11
9/5/2024 23:48:59,1.17.0,Bandit,0,3.92,nan,30,20,80,LeftDuringDispense,Right,101,77,93,3,nan,nan,0.16
9/5/2024 23:49:10,1.17.0,Bandit,0,3.92,nan,30,20,80,LeftDuringDispense,Right,101,77,93,3,nan,nan,0.07
9/5/2024 23:49:56,1.17.0,Bandit,0,3.92,nan,30,20,80,RightDuringDispense,Right,101,77,93,3,nan,nan,0.08
9/5/2024 23:49:59,1.17.0,Bandit,0,3.93,nan,30,20,80,RightDuringDispense,Right,101,77,93,3,nan,nan,0.00
9/5/2024 23:50:04,1.17.0,Bandit,0,3.92,nan,30,20,80,LeftDuringDispense,Right,101,77,93,3,nan,nan,0.05
9/5/2024 23:50:04,1.17.0,Bandit,0,3.92,nan,30,20,80,LeftDuringDispense,Right,101,77,93,3,nan,nan,0.42
9/5/2024 23:50:09,1.17.0,Bandit,0,3.92,nan,30,20,80,LeftDuringDispense,Right,101,77,93,3,nan,nan,0.55
9/5/2024 23:50:43,1.17.0,Bandit,0,3.92,nan,30,20,80,RightDuringDispense,Right,101,77,93,3,nan,nan,0.50
9/5/2024 23:50:49,1.17.0,Bandit,0,3.92,nan,30,20,80,RightDuringDispense,Right,101,77,93,3,nan,nan,0.06
9/5/2024 23:50:54,1.17.0,Bandit,0,3.92,nan,30,20,80,LeftDuringDispense,Right,101,77,93,3,nan,nan,0.34
9/5/2024 23:50:55,1.17.0,Bandit,0,3.92,nan,30,20,80,LeftDuringDispense,Right,101,77,93,3,nan,nan,0.76
9/5/2024 23:50:58,1.17.0,Bandit,0,3.92,nan,30,20,80,LeftDuringDispense,Right,101,77,93,3,nan,nan,0.30
9/5/2024 23:51:00,1.17.0,Bandit,0,3.92,nan,30,20,80,LeftDuringDispense,Right,101,77,93,3,nan,nan,0.08
9/5/2024 23:51:00,1.17.0,Bandit,0,3.91,nan,30,20,80,LeftDuringDispense,Right,101,77,93,3,nan,nan,0.08
9/5/2024 23:54:56,1.17.0,Bandit,0,3.92,nan,30,20,80,RightDuringDispense,Right,101,77,93,3,nan,nan,0.62
9/6/2024 1:37:13,1.17.0,Bandit,0,3.87,nan,30,20,80,LeftDuringDispense,Right,101,77,93,3,nan,nan,0.22
9/6/2024 1:37:17,1.17.0,Bandit,0,3.87,nan,30,20,80,LeftDuringDispense,Right,101,77,93,3,nan,nan,0.59
9/6/2024 1:37:38,1.17.0,Bandit,0,3.87,nan,30,20,80,LeftDuringDispense,Right,101,77,93,3,nan,nan,0.14
9/6/2024 1:37:54,1.17.0,Bandit,0,3.87,nan,30,20,80,LeftDuringDispense,Right,101,77,93,3,nan,nan,0.11
9/6/2024 1:37:56,1.17.0,Bandit,0,3.87,nan,30,20,80,LeftDuringDispense,Right,101,77,93,3,nan,nan,0.02
9/6/2024 1:38:15,1.17.0,Bandit,0,3.87,nan,30,20,80,LeftDuringDispense,Right,101,77,93,3,nan,nan,0.52
9/6/2024 1:38:36,1.17.0,Bandit,0,3.87,nan,30,20,80,LeftDuringDispense,Right,101,77,93,3,nan,nan,0.67
9/6/2024 1:44:22,1.17.0,Bandit,0,3.87,nan,30,20,80,LeftDuringDispense,Right,101,77,93,3,nan,nan,0.02
9/6/2024 1:46:46,1.17.0,Bandit,0,3.87,nan,30,20,80,RightWithPellet,Right,101,78,93,3,nan,nan,0.09
9/6/2024 1:47:35,1.17.0,Bandit,0,3.87,nan,30,20,80,LeftWithPellet,Right,101,78,93,3,nan,nan,0.36
9/6/2024 1:48:04,1.17.0,Bandit,0,3.87,nan,30,20,80,LeftWithPellet,Right,101,78,93,3,nan,nan,0.11
9/6/2024 1:48:15,1.17.0,Bandit,0,3.87,nan,30,20,80,LeftWithPellet,Right,101,78,93,3,nan,nan,0.11
9/6/2024 1:48:26,1.17.0,Bandit,0,3.87,nan,30,20,80,RightWithPellet,Right,101,78,93,3,nan,nan,0.20
9/6/2024 1:48:39,1.17.0,Bandit,0,3.87,nan,30,20,80,RightWithPellet,Right,101,78,93,3,nan,nan,0.00
9/6/2024 1:49:36,1.17.0,Bandit,0,3.87,nan,30,20,80,RightWithPellet,Right,101,78,93,3,nan,nan,0.14
9/6/2024 1:50:55,1.17.0,Bandit,0,3.87,nan,30,20,80,LeftWithPellet,Right,101,78,93,3,nan,nan,0.01
9/6/2024 1:51:33,1.17.0,Bandit,0,3.87,nan,30,20,80,RightWithPellet,Right,101,78,93,3,nan,nan,0.09
9/6/2024 1:51:47,1.17.0,Bandit,0,3.88,nan,30,20,80,LeftWithPellet,Right,101,78,93,3,nan,nan,0.15
9/6/2024 1:54:41,1.17.0,Bandit,0,3.86,nan,30,20,80,LeftWithPellet,Right,101,78,93,3,nan,nan,0.13
9/6/2024 1:54:52,1.17.0,Bandit,0,3.87,nan,30,20,80,LeftWithPellet,Right,101,78,93,3,nan,nan,0.04
9/6/2024 1:55:30,1.17.0,Bandit,0,3.87,nan,30,20,80,LeftWithPellet,Right,101,78,93,3,nan,nan,0.10
9/6/2024 1:57:27,1.17.0,Bandit,0,3.87,nan,30,20,80,LeftWithPellet,Right,101,78,93,3,nan,nan,0.15
9/6/2024 1:58:12,1.17.0,Bandit,0,3.87,2564,30,20,80,Pellet,Right,101,78,94,3,Timed_out,8493,nan
9/6/2024 1:58:23,1.17.0,Bandit,0,3.87,nan,30,20,80,Left,Right,102,78,94,4,nan,nan,0.46
9/6/2024 1:58:25,1.17.0,Bandit,0,3.87,nan,30,20,80,LeftinTimeOut,Right,102,78,94,4,nan,nan,nan
9/6/2024 1:59:06,1.17.0,Bandit,0,3.87,nan,30,20,80,Right,Right,102,79,94,4,nan,nan,0.04
9/6/2024 1:59:16,1.17.0,Bandit,0,3.87,5,30,20,80,Pellet,Right,102,79,95,4,0.06,64,nan
9/6/2024 1:59:19,1.17.0,Bandit,0,3.87,nan,30,20,80,Right,Right,102,80,95,5,nan,nan,0.58
9/6/2024 1:59:45,1.17.0,Bandit,0,3.87,nan,30,20,80,LeftDuringDispense,Right,102,80,95,5,nan,nan,0.10
9/6/2024 1:59:46,1.17.0,Bandit,0,3.87,nan,30,20,80,LeftDuringDispense,Right,102,80,95,5,nan,nan,0.55
9/6/2024 1:59:47,1.17.0,Bandit,0,3.87,nan,30,20,80,LeftDuringDispense,Right,102,80,95,5,nan,nan,0.08
9/6/2024 1:59:51,1.17.0,Bandit,0,3.87,nan,30,20,80,LeftDuringDispense,Right,102,80,95,5,nan,nan,0.22
9/6/2024 1:59:57,1.17.0,Bandit,0,3.87,nan,30,20,80,LeftDuringDispense,Right,102,80,95,5,nan,nan,0.60
9/6/2024 1:59:57,1.17.0,Bandit,0,3.87,nan,30,20,80,LeftDuringDispense,Right,102,80,95,5,nan,nan,0.30
9/6/2024 2:00:01,1.17.0,Bandit,0,3.87,nan,30,20,80,LeftDuringDispense,Right,102,80,95,5,nan,nan,0.10
9/6/2024 2:00:01,1.17.0,Bandit,0,3.87,nan,30,20,80,LeftDuringDispense,Right,102,80,95,5,nan,nan,0.25
9/6/2024 2:00:26,1.17.0,Bandit,0,3.87,nan,30,20,80,LeftDuringDispense,Right,102,80,95,5,nan,nan,0.96
9/6/2024 2:00:28,1.17.0,Bandit,0,3.87,nan,30,20,80,LeftDuringDispense,Right,102,80,95,5,nan,nan,0.45
9/6/2024 2:00:48,1.17.0,Bandit,0,3.87,nan,30,20,80,LeftDuringDispense,Right,102,80,95,5,nan,nan,0.01
9/6/2024 2:00:51,1.17.0,Bandit,0,3.87,nan,30,20,80,LeftDuringDispense,Right,102,80,95,5,nan,nan,0.45
9/6/2024 2:00:54,1.17.0,Bandit,0,3.87,nan,30,20,80,LeftDuringDispense,Right,102,80,95,5,nan,nan,0.11
9/6/2024 2:01:10,1.17.0,Bandit,0,3.87,nan,30,20,80,RightDuringDispense,Right,102,80,95,5,nan,nan,0.16
9/6/2024 2:03:27,1.17.0,Bandit,0,3.87,nan,30,20,80,RightDuringDispense,Right,102,80,95,5,nan,nan,0.19
9/6/2024 2:07:10,1.17.0,Bandit,0,3.87,nan,30,20,80,RightDuringDispense,Right,102,80,95,5,nan,nan,0.01
9/6/2024 2:08:31,1.17.0,Bandit,0,3.87,nan,30,20,80,RightDuringDispense,Right,102,80,95,5,nan,nan,0.04
9/6/2024 2:08:32,1.17.0,Bandit,0,3.87,nan,30,20,80,RightDuringDispense,Right,102,80,95,5,nan,nan,0.00
9/6/2024 2:11:06,1.17.0,Bandit,0,3.86,nan,30,20,80,LeftDuringDispense,Right,102,80,95,5,nan,nan,0.04
9/6/2024 2:12:40,1.17.0,Bandit,0,3.87,nan,30,20,80,RightDuringDispense,Right,102,80,95,5,nan,nan,0.00
9/6/2024 2:13:47,1.17.0,Bandit,0,3.87,nan,30,20,80,LeftDuringDispense,Right,102,80,95,5,nan,nan,0.10
9/6/2024 2:13:47,1.17.0,Bandit,0,3.87,nan,30,20,80,LeftDuringDispense,Right,102,80,95,5,nan,nan,0.26
9/6/2024 2:14:12,1.17.0,Bandit,0,3.86,nan,30,20,80,RightDuringDispense,Right,102,80,95,5,nan,nan,0.99
9/6/2024 2:14:20,1.17.0,Bandit,0,3.86,nan,30,20,80,LeftDuringDispense,Right,102,80,95,5,nan,nan,0.12
9/6/2024 2:14:20,1.17.0,Bandit,0,3.87,nan,30,20,80,LeftDuringDispense,Right,102,80,95,5,nan,nan,0.18
9/6/2024 2:15:31,1.17.0,Bandit,0,3.86,nan,30,20,80,RightDuringDispense,Right,102,80,95,5,nan,nan,0.00
9/6/2024 2:16:00,1.17.0,Bandit,0,3.87,nan,30,20,80,RightDuringDispense,Right,102,80,95,5,nan,nan,0.13
9/6/2024 2:18:11,1.17.0,Bandit,0,3.87,nan,30,20,80,LeftDuringDispense,Right,102,80,95,5,nan,nan,0.01
9/6/2024 2:18:16,1.17.0,Bandit,0,3.86,nan,30,20,80,LeftDuringDispense,Right,102,80,95,5,nan,nan,0.15
9/6/2024 2:18:18,1.17.0,Bandit,0,3.86,nan,30,20,80,LeftDuringDispense,Right,102,80,95,5,nan,nan,0.12
9/6/2024 2:21:32,1.17.0,Bandit,0,3.86,nan,30,20,80,RightDuringDispense,Right,102,80,95,5,nan,nan,0.03
9/6/2024 2:22:49,1.17.0,Bandit,0,3.86,nan,30,20,80,RightDuringDispense,Right,102,80,95,5,nan,nan,0.07
9/6/2024 2:22:50,1.17.0,Bandit,0,3.86,nan,30,20,80,RightDuringDispense,Right,102,80,95,5,nan,nan,0.02
9/6/2024 2:22:51,1.17.0,Bandit,0,3.85,nan,30,20,80,RightDuringDispense,Right,102,80,95,5,nan,nan,0.08
9/6/2024 2:22:57,1.17.0,Bandit,0,3.86,nan,30,20,80,LeftDuringDispense,Right,102,80,95,5,nan,nan,0.29
9/6/2024 2:25:00,1.17.0,Bandit,0,3.86,nan,30,20,80,LeftDuringDispense,Right,102,80,95,5,nan,nan,0.03
9/6/2024 2:25:02,1.17.0,Bandit,0,3.86,nan,30,20,80,LeftDuringDispense,Right,102,80,95,5,nan,nan,0.05
9/6/2024 2:27:54,1.17.0,Bandit,0,3.86,nan,30,20,80,RightDuringDispense,Right,102,80,95,5,nan,nan,0.06
9/6/2024 2:28:35,1.17.0,Bandit,0,3.86,nan,30,20,80,RightDuringDispense,Right,102,80,95,5,nan,nan,0.13
9/6/2024 2:29:35,1.17.0,Bandit,0,3.86,nan,30,20,80,RightWithPellet,Right,102,81,95,5,nan,nan,0.11
9/6/2024 2:30:30,1.17.0,Bandit,0,3.86,nan,30,20,80,RightWithPellet,Right,102,81,95,5,nan,nan,0.04
9/6/2024 2:32:03,1.17.0,Bandit,0,3.86,nan,30,20,80,LeftWithPellet,Right,102,81,95,5,nan,nan,0.22
9/6/2024 2:32:18,1.17.0,Bandit,0,3.86,nan,30,20,80,LeftWithPellet,Right,102,81,95,5,nan,nan,0.05
9/6/2024 2:32:19,1.17.0,Bandit,0,3.86,nan,30,20,80,LeftWithPellet,Right,102,81,95,5,nan,nan,0.13
9/6/2024 2:42:24,1.17.0,Bandit,0,3.86,nan,30,20,80,LeftWithPellet,Right,102,81,95,5,nan,nan,0.04
9/6/2024 2:42:27,1.17.0,Bandit,0,3.86,nan,30,20,80,LeftWithPellet,Right,102,81,95,5,nan,nan,0.12
9/6/2024 2:42:36,1.17.0,Bandit,0,3.87,nan,30,20,80,LeftWithPellet,Right,102,81,95,5,nan,nan,0.17
9/6/2024 2:42:41,1.17.0,Bandit,0,3.86,nan,30,20,80,LeftWithPellet,Right,102,81,95,5,nan,nan,0.14
9/6/2024 2:43:33,1.17.0,Bandit,0,3.86,nan,30,20,80,RightWithPellet,Right,102,81,95,5,nan,nan,0.14
9/6/2024 2:44:06,1.17.0,Bandit,0,3.86,nan,30,20,80,RightWithPellet,Right,102,81,95,5,nan,nan,0.63
9/6/2024 2:44:15,1.17.0,Bandit,0,3.86,nan,30,20,80,RightWithPellet,Right,102,81,95,5,nan,nan,0.16
9/6/2024 2:44:28,1.17.0,Bandit,0,3.86,nan,30,20,80,RightWithPellet,Right,102,81,95,5,nan,nan,0.00
9/6/2024 2:44:44,1.17.0,Bandit,0,3.86,nan,30,20,80,LeftWithPellet,Right,102,81,95,5,nan,nan,0.11
9/6/2024 2:45:08,1.17.0,Bandit,0,3.86,nan,30,20,80,LeftWithPellet,Right,102,81,95,5,nan,nan,0.51
9/6/2024 2:45:58,1.17.0,Bandit,0,3.85,nan,30,20,80,RightWithPellet,Right,102,81,95,5,nan,nan,0.02
9/6/2024 2:48:02,1.17.0,Bandit,0,3.87,nan,30,20,80,RightWithPellet,Right,102,81,95,5,nan,nan,0.01
9/6/2024 2:48:23,1.17.0,Bandit,0,3.86,nan,30,20,80,RightWithPellet,Right,102,81,95,5,nan,nan,0.02
9/6/2024 2:50:24,1.17.0,Bandit,0,3.86,nan,30,20,80,RightWithPellet,Right,102,81,95,5,nan,nan,0.56
9/6/2024 2:50:31,1.17.0,Bandit,0,3.86,nan,30,20,80,LeftWithPellet,Right,102,81,95,5,nan,nan,0.23
9/6/2024 2:50:35,1.17.0,Bandit,0,3.86,nan,30,20,80,LeftWithPellet,Right,102,81,95,5,nan,nan,0.41
9/6/2024 2:50:38,1.17.0,Bandit,0,3.86,nan,30,20,80,LeftWithPellet,Right,102,81,95,5,nan,nan,0.83
9/6/2024 2:58:19,1.17.0,Bandit,0,3.86,nan,30,20,80,RightWithPellet,Right,102,81,95,5,nan,nan,0.95
9/6/2024 2:58:26,1.17.0,Bandit,0,3.86,nan,30,20,80,LeftWithPellet,Right,102,81,95,5,nan,nan,0.56
9/6/2024 2:58:29,1.17.0,Bandit,0,3.86,nan,30,20,80,LeftWithPellet,Right,102,81,95,5,nan,nan,0.21
9/6/2024 3:04:52,1.17.0,Bandit,0,3.86,nan,30,20,80,LeftWithPellet,Right,102,81,95,5,nan,nan,0.57
9/6/2024 3:04:55,1.17.0,Bandit,0,3.86,nan,30,20,80,LeftWithPellet,Right,102,81,95,5,nan,nan,0.21
9/6/2024 3:05:08,1.17.0,Bandit,0,3.86,nan,30,20,80,LeftWithPellet,Right,102,81,95,5,nan,nan,0.11
9/6/2024 3:05:10,1.17.0,Bandit,0,3.85,nan,30,20,80,LeftWithPellet,Right,102,81,95,5,nan,nan,0.06
9/6/2024 3:05:11,1.17.0,Bandit,0,3.86,nan,30,20,80,LeftWithPellet,Right,102,81,95,5,nan,nan,0.42
9/6/2024 3:15:17,1.17.0,Bandit,0,3.85,nan,30,20,80,RightWithPellet,Right,102,81,95,5,nan,nan,0.66
9/6/2024 3:19:00,1.17.0,Bandit,0,3.85,nan,30,20,80,LeftWithPellet,Right,102,81,95,5,nan,nan,0.43
9/6/2024 3:19:24,1.17.0,Bandit,0,3.87,nan,30,20,80,LeftWithPellet,Right,102,81,95,5,nan,nan,0.05
9/6/2024 4:59:23,1.17.0,Bandit,0,3.86,nan,30,20,80,LeftWithPellet,Right,102,81,95,5,nan,nan,0.50
9/6/2024 4:59:26,1.17.0,Bandit,0,3.86,nan,30,20,80,LeftWithPellet,Right,102,81,95,5,nan,nan,0.49
9/6/2024 4:59:38,1.17.0,Bandit,0,3.85,nan,30,20,80,LeftWithPellet,Right,102,81,95,5,nan,nan,0.09
9/6/2024 4:59:38,1.17.0,Bandit,0,3.85,nan,30,20,80,LeftWithPellet,Right,102,81,95,5,nan,nan,0.10
9/6/2024 4:59:41,1.17.0,Bandit,0,3.86,nan,30,20,80,LeftWithPellet,Right,102,81,95,5,nan,nan,0.29
9/6/2024 5:00:20,1.17.0,Bandit,0,3.86,nan,30,20,80,RightWithPellet,Right,102,81,95,5,nan,nan,1.14
9/6/2024 5:00:36,1.17.0,Bandit,0,3.86,nan,30,20,80,LeftWithPellet,Right,102,81,95,5,nan,nan,0.46
9/6/2024 5:00:41,1.17.0,Bandit,0,3.85,nan,30,20,80,LeftWithPellet,Right,102,81,95,5,nan,nan,0.51
9/6/2024 5:00:44,1.17.0,Bandit,0,3.85,nan,30,20,80,LeftWithPellet,Right,102,81,95,5,nan,nan,0.15
9/6/2024 5:00:45,1.17.0,Bandit,0,3.86,nan,30,20,80,LeftWithPellet,Right,102,81,95,5,nan,nan,0.17
9/6/2024 5:00:59,1.17.0,Bandit,0,3.86,nan,30,20,80,LeftWithPellet,Right,102,81,95,5,nan,nan,0.07
9/6/2024 5:01:04,1.17.0,Bandit,0,3.85,nan,30,20,80,RightWithPellet,Right,102,81,95,5,nan,nan,0.71
9/6/2024 5:01:10,1.17.0,Bandit,0,3.85,nan,30,20,80,RightWithPellet,Right,102,81,95,5,nan,nan,0.04
9/6/2024 5:01:15,1.17.0,Bandit,0,3.85,nan,30,20,80,LeftWithPellet,Right,102,81,95,5,nan,nan,0.33
9/6/2024 5:01:16,1.17.0,Bandit,0,3.85,nan,30,20,80,LeftWithPellet,Right,102,81,95,5,nan,nan,0.28
9/6/2024 5:04:20,1.17.0,Bandit,0,3.85,nan,30,20,80,RightWithPellet,Right,102,81,95,5,nan,nan,0.07
9/6/2024 5:04:46,1.17.0,Bandit,0,3.86,nan,30,20,80,LeftWithPellet,Right,102,81,95,5,nan,nan,0.39
9/6/2024 5:04:53,1.17.0,Bandit,0,3.85,nan,30,20,80,LeftWithPellet,Right,102,81,95,5,nan,nan,0.06
9/6/2024 5:04:55,1.17.0,Bandit,0,3.85,nan,30,20,80,LeftWithPellet,Right,102,81,95,5,nan,nan,0.12
9/6/2024 5:04:57,1.17.0,Bandit,0,3.86,nan,30,20,80,LeftWithPellet,Right,102,81,95,5,nan,nan,0.31
9/6/2024 5:06:37,1.17.0,Bandit,0,3.85,nan,30,20,80,LeftWithPellet,Right,102,81,95,5,nan,nan,0.40
9/6/2024 5:06:41,1.17.0,Bandit,0,3.84,nan,30,20,80,LeftWithPellet,Right,102,81,95,5,nan,nan,0.49
9/6/2024 5:06:48,1.17.0,Bandit,0,3.85,nan,30,20,80,LeftWithPellet,Right,102,81,95,5,nan,nan,0.09
9/6/2024 5:08:50,1.17.0,Bandit,0,3.86,nan,30,20,80,LeftWithPellet,Right,102,81,95,5,nan,nan,0.60
9/6/2024 5:08:52,1.17.0,Bandit,0,3.86,nan,30,20,80,LeftWithPellet,Right,102,81,95,5,nan,nan,0.31
9/6/2024 5:08:54,1.17.0,Bandit,0,3.86,nan,30,20,80,LeftWithPellet,Right,102,81,95,5,nan,nan,0.28
9/6/2024 5:09:23,1.17.0,Bandit,0,3.85,nan,30,20,80,LeftWithPellet,Right,102,81,95,5,nan,nan,0.07
9/6/2024 5:09:51,1.17.0,Bandit,0,3.86,nan,30,20,80,RightWithPellet,Right,102,81,95,5,nan,nan,0.05
9/6/2024 5:11:40,1.17.0,Bandit,0,3.85,nan,30,20,80,LeftWithPellet,Right,102,81,95,5,nan,nan,0.04
9/6/2024 5:11:41,1.17.0,Bandit,0,3.86,nan,30,20,80,LeftWithPellet,Right,102,81,95,5,nan,nan,0.04
9/6/2024 5:11:49,1.17.0,Bandit,0,3.86,nan,30,20,80,LeftWithPellet,Right,102,81,95,5,nan,nan,0.04
9/6/2024 5:12:01,1.17.0,Bandit,0,3.85,nan,30,20,80,LeftWithPellet,Right,102,81,95,5,nan,nan,0.08
9/6/2024 5:12:50,1.17.0,Bandit,0,3.85,nan,30,20,80,LeftWithPellet,Right,102,81,95,5,nan,nan,0.07
9/6/2024 5:13:19,1.17.0,Bandit,0,3.86,nan,30,20,80,RightWithPellet,Right,102,81,95,5,nan,nan,0.04
9/6/2024 5:13:20,1.17.0,Bandit,0,3.86,nan,30,20,80,RightWithPellet,Right,102,81,95,5,nan,nan,0.08
9/6/2024 5:13:40,1.17.0,Bandit,0,3.85,nan,30,20,80,LeftWithPellet,Right,102,81,95,5,nan,nan,0.37
9/6/2024 5:13:42,1.17.0,Bandit,0,3.85,nan,30,20,80,LeftWithPellet,Right,102,81,95,5,nan,nan,0.11
9/6/2024 5:15:36,1.17.0,Bandit,0,3.86,nan,30,20,80,LeftWithPellet,Right,102,81,95,5,nan,nan,0.15
9/6/2024 5:19:37,1.17.0,Bandit,0,3.85,nan,30,20,80,LeftWithPellet,Right,102,81,95,5,nan,nan,0.14
9/6/2024 5:19:48,1.17.0,Bandit,0,3.85,nan,30,20,80,RightWithPellet,Right,102,81,95,5,nan,nan,0.87
9/6/2024 5:21:16,1.17.0,Bandit,0,3.85,nan,30,20,80,LeftWithPellet,Right,102,81,95,5,nan,nan,0.08
9/6/2024 5:21:41,1.17.0,Bandit,0,3.85,nan,30,20,80,RightWithPellet,Right,102,81,95,5,nan,nan,0.03
9/6/2024 5:21:48,1.17.0,Bandit,0,3.86,nan,30,20,80,RightWithPellet,Right,102,81,95,5,nan,nan,0.51
9/6/2024 5:21:51,1.17.0,Bandit,0,3.85,nan,30,20,80,LeftWithPellet,Right,102,81,95,5,nan,nan,0.16
9/6/2024 5:21:53,1.17.0,Bandit,0,3.86,nan,30,20,80,LeftWithPellet,Right,102,81,95,5,nan,nan,0.18
9/6/2024 5:21:54,1.17.0,Bandit,0,3.85,nan,30,20,80,LeftWithPellet,Right,102,81,95,5,nan,nan,0.70
9/6/2024 5:26:00,1.17.0,Bandit,0,3.86,nan,30,20,80,RightWithPellet,Right,102,81,95,5,nan,nan,0.00
9/6/2024 5:32:09,1.17.0,Bandit,0,3.85,nan,30,20,80,RightWithPellet,Right,102,81,95,5,nan,nan,0.03
9/6/2024 5:33:24,1.17.0,Bandit,0,3.86,nan,30,20,80,LeftWithPellet,Right,102,81,95,5,nan,nan,0.00
9/6/2024 5:33:26,1.17.0,Bandit,0,3.85,nan,30,20,80,LeftWithPellet,Right,102,81,95,5,nan,nan,0.42
9/6/2024 5:33:37,1.17.0,Bandit,0,3.86,nan,30,20,80,LeftWithPellet,Right,102,81,95,5,nan,nan,0.11
9/6/2024 5:33:57,1.17.0,Bandit,0,3.85,nan,30,20,80,LeftWithPellet,Right,102,81,95,5,nan,nan,0.07
9/6/2024 5:40:56,1.17.0,Bandit,0,3.85,nan,30,20,80,LeftWithPellet,Right,102,81,95,5,nan,nan,0.19
9/6/2024 5:40:59,1.17.0,Bandit,0,3.85,nan,30,20,80,LeftWithPellet,Right,102,81,95,5,nan,nan,0.58
9/6/2024 5:48:48,1.17.0,Bandit,0,3.85,nan,30,20,80,LeftWithPellet,Right,102,81,95,5,nan,nan,0.19
9/6/2024 5:54:19,1.17.0,Bandit,0,3.85,nan,30,20,80,LeftWithPellet,Right,102,81,95,5,nan,nan,0.26
9/6/2024 5:54:20,1.17.0,Bandit,0,3.85,nan,30,20,80,LeftWithPellet,Right,102,81,95,5,nan,nan,0.07
9/6/2024 5:54:23,1.17.0,Bandit,0,3.85,nan,30,20,80,LeftWithPellet,Right,102,81,95,5,nan,nan,0.49
9/6/2024 5:54:39,1.17.0,Bandit,0,3.85,nan,30,20,80,RightWithPellet,Right,102,81,95,5,nan,nan,0.33
9/6/2024 5:54:40,1.17.0,Bandit,0,3.85,nan,30,20,80,RightWithPellet,Right,102,81,95,5,nan,nan,0.16
9/6/2024 7:33:57,1.17.0,Bandit,0,3.85,nan,30,20,80,LeftWithPellet,Right,102,81,95,5,nan,nan,0.26
9/6/2024 7:34:00,1.17.0,Bandit,0,3.85,nan,30,20,80,LeftWithPellet,Right,102,81,95,5,nan,nan,0.55
9/6/2024 7:34:12,1.17.0,Bandit,0,3.85,nan,30,20,80,RightWithPellet,Right,102,81,95,5,nan,nan,1.18
9/6/2024 7:34:16,1.17.0,Bandit,0,3.85,nan,30,20,80,LeftWithPellet,Right,102,81,95,5,nan,nan,0.32
9/6/2024 7:34:24,1.17.0,Bandit,0,3.85,nan,30,20,80,LeftWithPellet,Right,102,81,95,5,nan,nan,0.02
9/6/2024 7:34:29,1.17.0,Bandit,0,3.85,nan,30,20,80,LeftWithPellet,Right,102,81,95,5,nan,nan,0.44
9/6/2024 7:36:05,1.17.0,Bandit,0,3.85,nan,30,20,80,LeftWithPellet,Right,102,81,95,5,nan,nan,0.34
9/6/2024 7:36:11,1.17.0,Bandit,0,3.85,nan,30,20,80,LeftWithPellet,Right,102,81,95,5,nan,nan,0.33
9/6/2024 7:41:00,1.17.0,Bandit,0,3.85,nan,30,20,80,LeftWithPellet,Right,102,81,95,5,nan,nan,0.40
9/6/2024 7:41:02,1.17.0,Bandit,0,3.85,nan,30,20,80,LeftWithPellet,Right,102,81,95,5,nan,nan,0.78
9/6/2024 7:41:06,1.17.0,Bandit,0,3.85,nan,30,20,80,LeftWithPellet,Right,102,81,95,5,nan,nan,0.67
9/6/2024 7:41:08,1.17.0,Bandit,0,3.85,nan,30,20,80,LeftWithPellet,Right,102,81,95,5,nan,nan,0.15
9/6/2024 7:41:11,1.17.0,Bandit,0,3.85,nan,30,20,80,LeftWithPellet,Right,102,81,95,5,nan,nan,0.30
9/6/2024 7:41:20,1.17.0,Bandit,0,3.84,nan,30,20,80,LeftWithPellet,Right,102,81,95,5,nan,nan,0.13
9/6/2024 7:44:17,1.17.0,Bandit,0,3.85,nan,30,20,80,RightWithPellet,Right,102,81,95,5,nan,nan,0.59
9/6/2024 7:45:35,1.17.0,Bandit,0,3.85,nan,30,20,80,LeftWithPellet,Right,102,81,95,5,nan,nan,0.17
9/6/2024 7:45:38,1.17.0,Bandit,0,3.85,nan,30,20,80,LeftWithPellet,Right,102,81,95,5,nan,nan,0.20
9/6/2024 7:45:44,1.17.0,Bandit,0,3.85,nan,30,20,80,LeftWithPellet,Right,102,81,95,5,nan,nan,0.26
9/6/2024 7:45:50,1.17.0,Bandit,0,3.85,nan,30,20,80,LeftWithPellet,Right,102,81,95,5,nan,nan,0.32
9/6/2024 7:45:53,1.17.0,Bandit,0,3.85,nan,30,20,80,LeftWithPellet,Right,102,81,95,5,nan,nan,0.50
9/6/2024 7:46:02,1.17.0,Bandit,0,3.85,nan,30,20,80,LeftWithPellet,Right,102,81,95,5,nan,nan,0.84
9/6/2024 7:46:34,1.17.0,Bandit,0,3.85,nan,30,20,80,LeftWithPellet,Right,102,81,95,5,nan,nan,0.39
9/6/2024 9:34:42,1.17.0,Bandit,0,3.85,nan,30,20,80,LeftWithPellet,Right,102,81,95,5,nan,nan,0.04
9/6/2024 9:34:43,1.17.0,Bandit,0,3.85,nan,30,20,80,LeftWithPellet,Right,102,81,95,5,nan,nan,0.05
9/6/2024 9:34:48,1.17.0,Bandit,0,3.85,nan,30,20,80,LeftWithPellet,Right,102,81,95,5,nan,nan,0.38
9/6/2024 9:35:16,1.17.0,Bandit,0,3.85,nan,30,20,80,RightWithPellet,Right,102,81,95,5,nan,nan,0.80
9/6/2024 9:35:19,1.17.0,Bandit,0,3.84,nan,30,20,80,RightWithPellet,Right,102,81,95,5,nan,nan,0.74
9/6/2024 9:35:34,1.17.0,Bandit,0,3.85,nan,30,20,80,LeftWithPellet,Right,102,81,95,5,nan,nan,1.23
9/6/2024 9:35:37,1.17.0,Bandit,0,3.85,nan,30,20,80,LeftWithPellet,Right,102,81,95,5,nan,nan,0.36
9/6/2024 9:37:18,1.17.0,Bandit,0,3.85,nan,30,20,80,LeftWithPellet,Right,102,81,95,5,nan,nan,0.16
9/6/2024 9:37:22,1.17.0,Bandit,0,3.85,nan,30,20,80,LeftWithPellet,Right,102,81,95,5,nan,nan,0.74
9/6/2024 9:37:25,1.17.0,Bandit,0,3.85,nan,30,20,80,LeftWithPellet,Right,102,81,95,5,nan,nan,0.07
9/6/2024 9:40:55,1.17.0,Bandit,0,3.85,nan,30,20,80,RightWithPellet,Right,102,81,95,5,nan,nan,0.21
9/6/2024 9:41:18,1.17.0,Bandit,0,3.85,nan,30,20,80,LeftWithPellet,Right,102,81,95,5,nan,nan,0.05
9/6/2024 9:41:27,1.17.0,Bandit,0,3.83,nan,30,20,80,LeftWithPellet,Right,102,81,95,5,nan,nan,0.07
9/6/2024 9:41:37,1.17.0,Bandit,0,3.85,nan,30,20,80,LeftWithPellet,Right,102,81,95,5,nan,nan,0.47
9/6/2024 11:19:41,1.17.0,Bandit,0,3.84,nan,30,20,80,LeftWithPellet,Right,102,81,95,5,nan,nan,0.16
9/6/2024 11:20:07,1.17.0,Bandit,0,3.84,nan,30,20,80,RightWithPellet,Right,102,81,95,5,nan,nan,0.63
9/6/2024 11:20:13,1.17.0,Bandit,0,3.85,nan,30,20,80,LeftWithPellet,Right,102,81,95,5,nan,nan,0.45
9/6/2024 11:20:16,1.17.0,Bandit,0,3.83,nan,30,20,80,LeftWithPellet,Right,102,81,95,5,nan,nan,0.37
9/6/2024 11:20:23,1.17.0,Bandit,0,3.84,nan,30,20,80,LeftWithPellet,Right,102,81,95,5,nan,nan,0.24
9/6/2024 11:20:39,1.17.0,Bandit,0,3.84,nan,30,20,80,LeftWithPellet,Right,102,81,95,5,nan,nan,0.87
9/6/2024 11:20:43,1.17.0,Bandit,0,3.84,nan,30,20,80,LeftWithPellet,Right,102,81,95,5,nan,nan,0.97
9/6/2024 11:20:49,1.17.0,Bandit,0,3.85,nan,30,20,80,LeftWithPellet,Right,102,81,95,5,nan,nan,0.37
9/6/2024 11:20:51,1.17.0,Bandit,0,3.84,nan,30,20,80,LeftWithPellet,Right,102,81,95,5,nan,nan,0.46
9/6/2024 11:20:54,1.17.0,Bandit,0,3.84,nan,30,20,80,LeftWithPellet,Right,102,81,95,5,nan,nan,0.09
9/6/2024 11:20:56,1.17.0,Bandit,0,3.84,nan,30,20,80,LeftWithPellet,Right,102,81,95,5,nan,nan,0.92
9/6/2024 11:20:58,1.17.0,Bandit,0,3.84,nan,30,20,80,LeftWithPellet,Right,102,81,95,5,nan,nan,0.17
9/6/2024 11:21:06,1.17.0,Bandit,0,3.84,nan,30,20,80,LeftWithPellet,Right,102,81,95,5,nan,nan,0.03
9/6/2024 11:21:33,1.17.0,Bandit,0,3.84,nan,30,20,80,RightWithPellet,Right,102,81,95,5,nan,nan,0.04
9/6/2024 11:23:00,1.17.0,Bandit,0,3.84,nan,30,20,80,LeftWithPellet,Right,102,81,95,5,nan,nan,0.37
9/6/2024 11:23:04,1.17.0,Bandit,0,3.84,nan,30,20,80,LeftWithPellet,Right,102,81,95,5,nan,nan,0.24
9/6/2024 11:23:56,1.17.0,Bandit,0,3.85,nan,30,20,80,LeftWithPellet,Right,102,81,95,5,nan,nan,0.01
9/6/2024 11:24:52,1.17.0,Bandit,0,3.84,nan,30,20,80,LeftWithPellet,Right,102,81,95,5,nan,nan,0.06
9/6/2024 11:25:18,1.17.0,Bandit,0,3.84,nan,30,20,80,LeftWithPellet,Right,102,81,95,5,nan,nan,0.04
9/6/2024 11:25:45,1.17.0,Bandit,0,3.84,nan,30,20,80,LeftWithPellet,Right,102,81,95,5,nan,nan,0.08
9/6/2024 11:27:06,1.17.0,Bandit,0,3.84,nan,30,20,80,RightWithPellet,Right,102,81,95,5,nan,nan,0.07
9/6/2024 11:29:18,1.17.0,Bandit,0,3.85,nan,30,20,80,LeftWithPellet,Right,102,81,95,5,nan,nan,0.06
9/6/2024 11:30:54,1.17.0,Bandit,0,3.85,nan,30,20,80,RightWithPellet,Right,102,81,95,5,nan,nan,0.24
9/6/2024 11:33:47,1.17.0,Bandit,0,3.84,nan,30,20,80,LeftWithPellet,Right,102,81,95,5,nan,nan,0.29
9/6/2024 11:33:49,1.17.0,Bandit,0,3.84,nan,30,20,80,LeftWithPellet,Right,102,81,95,5,nan,nan,0.28
9/6/2024 11:34:03,1.17.0,Bandit,0,3.84,nan,30,20,80,LeftWithPellet,Right,102,81,95,5,nan,nan,0.44
9/6/2024 11:34:12,1.17.0,Bandit,0,3.85,nan,30,20,80,RightWithPellet,Right,102,81,95,5,nan,nan,0.25
9/6/2024 11:39:40,1.17.0,Bandit,0,3.84,nan,30,20,80,LeftWithPellet,Right,102,81,95,5,nan,nan,0.14
9/6/2024 11:39:44,1.17.0,Bandit,0,3.85,nan,30,20,80,LeftWithPellet,Right,102,81,95,5,nan,nan,0.20
9/6/2024 13:38:15,1.17.0,Bandit,0,3.83,nan,30,20,80,LeftWithPellet,Right,102,81,95,5,nan,nan,0.32
9/6/2024 13:38:23,1.17.0,Bandit,0,3.84,nan,30,20,80,LeftWithPellet,Right,102,81,95,5,nan,nan,0.98
9/6/2024 13:38:26,1.17.0,Bandit,0,3.83,nan,30,20,80,LeftWithPellet,Right,102,81,95,5,nan,nan,0.50
9/6/2024 13:38:34,1.17.0,Bandit,0,3.83,nan,30,20,80,RightWithPellet,Right,102,81,95,5,nan,nan,0.63
9/6/2024 13:38:38,1.17.0,Bandit,0,3.84,nan,30,20,80,RightWithPellet,Right,102,81,95,5,nan,nan,0.62
9/6/2024 13:38:50,1.17.0,Bandit,0,3.83,nan,30,20,80,LeftWithPellet,Right,102,81,95,5,nan,nan,0.46
9/6/2024 13:38:53,1.17.0,Bandit,0,3.84,nan,30,20,80,LeftWithPellet,Right,102,81,95,5,nan,nan,0.32
9/6/2024 13:39:12,1.17.0,Bandit,0,3.84,nan,30,20,80,LeftWithPellet,Right,102,81,95,5,nan,nan,0.71
9/6/2024 13:39:15,1.17.0,Bandit,0,3.84,nan,30,20,80,LeftWithPellet,Right,102,81,95,5,nan,nan,0.71
9/6/2024 13:39:15,1.17.0,Bandit,0,3.84,nan,30,20,80,LeftWithPellet,Right,102,81,95,5,nan,nan,0.06
9/6/2024 13:39:18,1.17.0,Bandit,0,3.84,nan,30,20,80,LeftWithPellet,Right,102,81,95,5,nan,nan,0.43
9/6/2024 13:39:19,1.17.0,Bandit,0,3.83,nan,30,20,80,LeftWithPellet,Right,102,81,95,5,nan,nan,0.01
9/6/2024 13:39:23,1.17.0,Bandit,0,3.84,nan,30,20,80,LeftWithPellet,Right,102,81,95,5,nan,nan,0.16
9/6/2024 13:39:27,1.17.0,Bandit,0,3.84,nan,30,20,80,LeftWithPellet,Right,102,81,95,5,nan,nan,0.07
9/6/2024 13:39:37,1.17.0,Bandit,0,3.84,nan,30,20,80,RightWithPellet,Right,102,81,95,5,nan,nan,0.17
9/6/2024 13:40:03,1.17.0,Bandit,0,3.84,nan,30,20,80,LeftWithPellet,Right,102,81,95,5,nan,nan,0.13
9/6/2024 13:40:32,1.17.0,Bandit,0,3.84,nan,30,20,80,LeftWithPellet,Right,102,81,95,5,nan,nan,0.39
9/6/2024 13:40:55,1.17.0,Bandit,0,3.84,nan,30,20,80,LeftWithPellet,Right,102,81,95,5,nan,nan,0.23
9/6/2024 13:48:01,1.17.0,Bandit,0,3.84,nan,30,20,80,LeftWithPellet,Right,102,81,95,5,nan,nan,0.17
9/6/2024 13:48:04,1.17.0,Bandit,0,3.84,nan,30,20,80,LeftWithPellet,Right,102,81,95,5,nan,nan,0.29
9/6/2024 13:48:07,1.17.0,Bandit,0,3.84,nan,30,20,80,LeftWithPellet,Right,102,81,95,5,nan,nan,0.16
9/6/2024 13:48:11,1.17.0,Bandit,0,3.83,nan,30,20,80,LeftWithPellet,Right,102,81,95,5,nan,nan,0.20
9/6/2024 13:48:15,1.17.0,Bandit,0,3.84,nan,30,20,80,LeftWithPellet,Right,102,81,95,5,nan,nan,0.16
9/6/2024 13:48:23,1.17.0,Bandit,0,3.84,nan,30,20,80,LeftWithPellet,Right,102,81,95,5,nan,nan,0.05
9/6/2024 13:48:24,1.17.0,Bandit,0,3.84,nan,30,20,80,LeftWithPellet,Right,102,81,95,5,nan,nan,0.06
9/6/2024 15:33:59,1.17.0,Bandit,0,3.83,nan,30,20,80,LeftWithPellet,Right,102,81,95,5,nan,nan,0.11
9/6/2024 15:34:02,1.17.0,Bandit,0,3.83,nan,30,20,80,LeftWithPellet,Right,102,81,95,5,nan,nan,0.31
9/6/2024 15:34:03,1.17.0,Bandit,0,3.83,nan,30,20,80,LeftWithPellet,Right,102,81,95,5,nan,nan,0.32
9/6/2024 15:34:07,1.17.0,Bandit,0,3.83,nan,30,20,80,LeftWithPellet,Right,102,81,95,5,nan,nan,0.07
9/6/2024 15:34:08,1.17.0,Bandit,0,3.83,nan,30,20,80,LeftWithPellet,Right,102,81,95,5,nan,nan,0.11
9/6/2024 15:34:10,1.17.0,Bandit,0,3.83,nan,30,20,80,LeftWithPellet,Right,102,81,95,5,nan,nan,0.13
9/6/2024 15:34:18,1.17.0,Bandit,0,3.82,nan,30,20,80,LeftWithPellet,Right,102,81,95,5,nan,nan,0.11
9/6/2024 15:34:21,1.17.0,Bandit,0,3.83,nan,30,20,80,LeftWithPellet,Right,102,81,95,5,nan,nan,0.49
9/6/2024 15:35:40,1.17.0,Bandit,0,3.83,nan,30,20,80,LeftWithPellet,Right,102,81,95,5,nan,nan,0.11
9/6/2024 15:35:41,1.17.0,Bandit,0,3.83,nan,30,20,80,LeftWithPellet,Right,102,81,95,5,nan,nan,0.09
9/6/2024 15:35:46,1.17.0,Bandit,0,3.83,nan,30,20,80,LeftWithPellet,Right,102,81,95,5,nan,nan,0.63
9/6/2024 15:36:08,1.17.0,Bandit,0,3.83,nan,30,20,80,LeftWithPellet,Right,102,81,95,5,nan,nan,0.15
9/6/2024 15:36:10,1.17.0,Bandit,0,3.83,nan,30,20,80,LeftWithPellet,Right,102,81,95,5,nan,nan,0.98
9/6/2024 15:36:13,1.17.0,Bandit,0,3.83,nan,30,20,80,LeftWithPellet,Right,102,81,95,5,nan,nan,0.62
9/6/2024 15:36:21,1.17.0,Bandit,0,3.83,nan,30,20,80,LeftWithPellet,Right,102,81,95,5,nan,nan,0.03
9/6/2024 15:36:25,1.17.0,Bandit,0,3.83,nan,30,20,80,LeftWithPellet,Right,102,81,95,5,nan,nan,0.12
9/6/2024 15:36:26,1.17.0,Bandit,0,3.83,nan,30,20,80,LeftWithPellet,Right,102,81,95,5,nan,nan,0.32
9/6/2024 15:37:06,1.17.0,Bandit,0,3.83,nan,30,20,80,LeftWithPellet,Right,102,81,95,5,nan,nan,0.38
9/6/2024 15:38:11,1.17.0,Bandit,0,3.83,nan,30,20,80,LeftWithPellet,Right,102,81,95,5,nan,nan,0.13
9/6/2024 15:38:14,1.17.0,Bandit,0,3.83,nan,30,20,80,LeftWithPellet,Right,102,81,95,5,nan,nan,0.40
9/6/2024 15:38:19,1.17.0,Bandit,0,3.83,nan,30,20,80,LeftWithPellet,Right,102,81,95,5,nan,nan,0.22
9/6/2024 15:38:21,1.17.0,Bandit,0,3.83,nan,30,20,80,LeftWithPellet,Right,102,81,95,5,nan,nan,0.26
9/6/2024 15:42:17,1.17.0,Bandit,0,3.84,nan,30,20,80,LeftWithPellet,Right,102,81,95,5,nan,nan,0.19
9/6/2024 15:42:20,1.17.0,Bandit,0,3.83,nan,30,20,80,LeftWithPellet,Right,102,81,95,5,nan,nan,0.15
9/6/2024 15:43:44,1.17.0,Bandit,0,3.83,nan,30,20,80,RightWithPellet,Right,102,81,95,5,nan,nan,0.33
9/6/2024 15:43:47,1.17.0,Bandit,0,3.83,nan,30,20,80,RightWithPellet,Right,102,81,95,5,nan,nan,0.10
9/6/2024 15:43:49,1.17.0,Bandit,0,3.83,nan,30,20,80,RightWithPellet,Right,102,81,95,5,nan,nan,0.80
9/6/2024 15:44:33,1.17.0,Bandit,0,3.83,nan,30,20,80,LeftWithPellet,Right,102,81,95,5,nan,nan,0.19
9/6/2024 15:44:46,1.17.0,Bandit,0,3.83,nan,30,20,80,LeftWithPellet,Right,102,81,95,5,nan,nan,0.55
9/6/2024 15:44:50,1.17.0,Bandit,0,3.83,nan,30,20,80,LeftWithPellet,Right,102,81,95,5,nan,nan,0.12
9/6/2024 15:44:54,1.17.0,Bandit,0,3.83,nan,30,20,80,LeftWithPellet,Right,102,81,95,5,nan,nan,0.09
9/6/2024 15:45:45,1.17.0,Bandit,0,3.83,nan,30,20,80,LeftWithPellet,Right,102,81,95,5,nan,nan,0.05
9/6/2024 15:46:18,1.17.0,Bandit,0,3.83,nan,30,20,80,RightWithPellet,Right,102,81,95,5,nan,nan,0.43
9/6/2024 15:46:56,1.17.0,Bandit,0,3.83,nan,30,20,80,LeftWithPellet,Right,102,81,95,5,nan,nan,0.60
9/6/2024 17:35:08,1.17.0,Bandit,0,3.83,nan,30,20,80,LeftWithPellet,Right,102,81,95,5,nan,nan,0.77
9/6/2024 17:35:16,1.17.0,Bandit,0,3.83,nan,30,20,80,LeftWithPellet,Right,102,81,95,5,nan,nan,0.12
9/6/2024 17:35:28,1.17.0,Bandit,0,3.83,nan,30,20,80,RightWithPellet,Right,102,81,95,5,nan,nan,0.53
9/6/2024 17:35:32,1.17.0,Bandit,0,3.82,nan,30,20,80,RightWithPellet,Right,102,81,95,5,nan,nan,0.05
9/6/2024 17:37:27,1.17.0,Bandit,0,3.83,nan,30,20,80,LeftWithPellet,Right,102,81,95,5,nan,nan,0.05
9/6/2024 17:43:10,1.17.0,Bandit,0,3.83,nan,30,20,80,LeftWithPellet,Right,102,81,95,5,nan,nan,0.16
9/6/2024 17:43:14,1.17.0,Bandit,0,3.83,nan,30,20,80,LeftWithPellet,Right,102,81,95,5,nan,nan,0.27
9/6/2024 17:43:16,1.17.0,Bandit,0,3.83,nan,30,20,80,LeftWithPellet,Right,102,81,95,5,nan,nan,0.17
9/6/2024 17:43:30,1.17.0,Bandit,0,3.83,nan,30,20,80,LeftWithPellet,Right,102,81,95,5,nan,nan,0.15
9/6/2024 17:44:11,1.17.0,Bandit,0,3.83,nan,30,20,80,LeftWithPellet,Right,102,81,95,5,nan,nan,0.03
9/6/2024 17:44:12,1.17.0,Bandit,0,3.83,nan,30,20,80,LeftWithPellet,Right,102,81,95,5,nan,nan,0.57
9/6/2024 17:45:28,1.17.0,Bandit,0,3.83,nan,30,20,80,LeftWithPellet,Right,102,81,95,5,nan,nan,0.16
9/6/2024 17:46:36,1.17.0,Bandit,0,3.82,nan,30,20,80,LeftWithPellet,Right,102,81,95,5,nan,nan,0.14
9/6/2024 17:47:42,1.17.0,Bandit,0,3.83,nan,30,20,80,RightWithPellet,Right,102,81,95,5,nan,nan,0.11
9/6/2024 17:47:44,1.17.0,Bandit,0,3.83,nan,30,20,80,RightWithPellet,Right,102,81,95,5,nan,nan,0.91
9/6/2024 17:49:42,1.17.0,Bandit,0,3.83,nan,30,20,80,LeftWithPellet,Right,102,81,95,5,nan,nan,0.10
9/6/2024 17:49:44,1.17.0,Bandit,0,3.83,nan,30,20,80,LeftWithPellet,Right,102,81,95,5,nan,nan,0.21
