MM:DD:YYYY hh:mm:ss,Library_Version,Session_type,Device_Number,Battery_Voltage,Motor_Turns,PelletsToSwitch,Prob_left,Prob_right,Event,High_prob_poke,Left_Poke_Count,Right_Poke_Count,Pellet_Count,Block_Pellet_Count,Retrieval_Time,InterPelletInterval,Poke_Time
7/14/2025 13:11:23,1.17.0,Bandit80,11,4.18,nan,20,20,80,Right,Right,0,1,0,0,nan,nan,0.49
7/14/2025 13:18:45,1.17.0,Bandit80,11,4.18,nan,20,20,80,LeftWithPellet,Right,0,1,0,0,nan,nan,0.04
7/14/2025 13:18:53,1.17.0,Bandit80,11,4.18,nan,20,20,80,RightWithPellet,Right,0,1,0,0,nan,nan,0.26
7/14/2025 13:21:37,1.17.0,Bandit80,11,4.18,nan,20,20,80,RightWithPellet,Right,0,1,0,0,nan,nan,0.15
7/14/2025 13:21:54,1.17.0,Bandit80,11,4.18,nan,20,20,80,RightWithPellet,Right,0,1,0,0,nan,nan,0.47
7/14/2025 13:22:07,1.17.0,Bandit80,11,4.18,nan,20,20,80,RightWithPellet,Right,0,1,0,0,nan,nan,0.06
7/14/2025 13:22:36,1.17.0,Bandit80,11,4.18,nan,20,20,80,LeftWithPellet,Right,0,1,0,0,nan,nan,0.62
7/14/2025 13:22:48,1.17.0,Bandit80,11,4.18,nan,20,20,80,RightWithPellet,Right,0,1,0,0,nan,nan,0.52
7/14/2025 13:22:51,1.17.0,Bandit80,11,4.18,nan,20,20,80,LeftWithPellet,Right,0,1,0,0,nan,nan,0.85
7/14/2025 13:23:02,1.17.0,Bandit80,11,4.19,nan,20,20,80,RightWithPellet,Right,0,1,0,0,nan,nan,0.23
7/14/2025 13:23:17,1.17.0,Bandit80,11,4.18,nan,20,20,80,RightWithPellet,Right,0,1,0,0,nan,nan,0.35
7/14/2025 13:23:24,1.17.0,Bandit80,11,4.18,nan,20,20,80,LeftWithPellet,Right,0,1,0,0,nan,nan,0.57
7/14/2025 13:23:32,1.17.0,Bandit80,11,4.19,nan,20,20,80,LeftWithPellet,Right,0,1,0,0,nan,nan,0.03
7/14/2025 13:23:37,1.17.0,Bandit80,11,4.18,nan,20,20,80,RightWithPellet,Right,0,1,0,0,nan,nan,0.17
7/14/2025 13:24:05,1.17.0,Bandit80,11,4.18,nan,20,20,80,LeftWithPellet,Right,0,1,0,0,nan,nan,0.41
7/14/2025 13:24:08,1.17.0,Bandit80,11,4.18,nan,20,20,80,RightWithPellet,Right,0,1,0,0,nan,nan,0.21
7/14/2025 13:24:14,1.17.0,Bandit80,11,4.18,nan,20,20,80,LeftWithPellet,Right,0,1,0,0,nan,nan,0.17
7/14/2025 13:24:15,1.17.0,Bandit80,11,4.18,nan,20,20,80,LeftWithPellet,Right,0,1,0,0,nan,nan,0.10
7/14/2025 13:24:17,1.17.0,Bandit80,11,4.18,nan,20,20,80,LeftWithPellet,Right,0,1,0,0,nan,nan,0.45
7/14/2025 13:27:26,1.17.0,Bandit80,11,4.18,nan,20,20,80,RightWithPellet,Right,0,1,0,0,nan,nan,0.27
7/14/2025 13:27:28,1.17.0,Bandit80,11,4.18,nan,20,20,80,RightWithPellet,Right,0,1,0,0,nan,nan,0.11
7/14/2025 13:27:30,1.17.0,Bandit80,11,4.18,nan,20,20,80,RightWithPellet,Right,0,1,0,0,nan,nan,0.23
7/14/2025 13:27:34,1.17.0,Bandit80,11,4.18,nan,20,20,80,LeftWithPellet,Right,0,1,0,0,nan,nan,0.24
7/14/2025 13:27:40,1.17.0,Bandit80,11,4.18,nan,20,20,80,RightWithPellet,Right,0,1,0,0,nan,nan,0.14
7/14/2025 13:28:12,1.17.0,Bandit80,11,4.18,nan,20,20,80,RightWithPellet,Right,0,1,0,0,nan,nan,0.31
7/14/2025 13:28:13,1.17.0,Bandit80,11,4.18,nan,20,20,80,RightWithPellet,Right,0,1,0,0,nan,nan,0.28
7/14/2025 13:28:14,1.17.0,Bandit80,11,4.18,nan,20,20,80,RightWithPellet,Right,0,1,0,0,nan,nan,0.08
7/14/2025 13:28:15,1.17.0,Bandit80,11,4.18,nan,20,20,80,RightWithPellet,Right,0,1,0,0,nan,nan,0.20
7/14/2025 13:28:24,1.17.0,Bandit80,11,4.18,nan,20,20,80,RightWithPellet,Right,0,1,0,0,nan,nan,0.04
7/14/2025 13:28:59,1.17.0,Bandit80,11,4.18,nan,20,20,80,LeftWithPellet,Right,0,1,0,0,nan,nan,0.24
7/14/2025 13:29:01,1.17.0,Bandit80,11,4.18,nan,20,20,80,LeftWithPellet,Right,0,1,0,0,nan,nan,0.07
7/14/2025 13:29:11,1.17.0,Bandit80,11,4.18,nan,20,20,80,LeftWithPellet,Right,0,1,0,0,nan,nan,0.03
7/14/2025 13:29:18,1.17.0,Bandit80,11,4.18,nan,20,20,80,LeftWithPellet,Right,0,1,0,0,nan,nan,0.25
7/14/2025 13:29:24,1.17.0,Bandit80,11,4.18,nan,20,20,80,RightWithPellet,Right,0,1,0,0,nan,nan,0.06
7/14/2025 13:29:52,1.17.0,Bandit80,11,4.18,nan,20,20,80,LeftWithPellet,Right,0,1,0,0,nan,nan,0.13
7/14/2025 13:29:54,1.17.0,Bandit80,11,4.18,nan,20,20,80,LeftWithPellet,Right,0,1,0,0,nan,nan,0.81
7/14/2025 13:29:57,1.17.0,Bandit80,11,4.18,nan,20,20,80,RightWithPellet,Right,0,1,0,0,nan,nan,0.06
7/14/2025 13:30:12,1.17.0,Bandit80,11,4.18,nan,20,20,80,LeftWithPellet,Right,0,1,0,0,nan,nan,0.27
7/14/2025 13:30:14,1.17.0,Bandit80,11,4.18,nan,20,20,80,LeftWithPellet,Right,0,1,0,0,nan,nan,0.69
7/14/2025 13:31:25,1.17.0,Bandit80,11,4.18,nan,20,20,80,RightWithPellet,Right,0,1,0,0,nan,nan,0.35
7/14/2025 13:31:37,1.17.0,Bandit80,11,4.18,nan,20,20,80,LeftWithPellet,Right,0,1,0,0,nan,nan,0.06
7/14/2025 13:32:09,1.17.0,Bandit80,11,4.18,nan,20,20,80,LeftWithPellet,Right,0,1,0,0,nan,nan,0.17
7/14/2025 13:32:14,1.17.0,Bandit80,11,4.18,nan,20,20,80,LeftWithPellet,Right,0,1,0,0,nan,nan,0.10
7/14/2025 13:32:16,1.17.0,Bandit80,11,4.18,nan,20,20,80,RightWithPellet,Right,0,1,0,0,nan,nan,0.27
7/14/2025 13:32:19,1.17.0,Bandit80,11,4.18,nan,20,20,80,RightWithPellet,Right,0,1,0,0,nan,nan,0.29
7/14/2025 13:32:36,1.17.0,Bandit80,11,4.18,nan,20,20,80,LeftWithPellet,Right,0,1,0,0,nan,nan,0.63
7/14/2025 13:32:39,1.17.0,Bandit80,11,4.18,nan,20,20,80,LeftWithPellet,Right,0,1,0,0,nan,nan,0.23
7/14/2025 13:32:47,1.17.0,Bandit80,11,4.18,nan,20,20,80,RightWithPellet,Right,0,1,0,0,nan,nan,0.59
7/14/2025 13:32:54,1.17.0,Bandit80,11,4.18,nan,20,20,80,RightWithPellet,Right,0,1,0,0,nan,nan,0.16
7/14/2025 13:32:58,1.17.0,Bandit80,11,4.18,nan,20,20,80,RightWithPellet,Right,0,1,0,0,nan,nan,0.13
7/14/2025 13:33:04,1.17.0,Bandit80,11,4.18,3,20,20,80,Pellet,Right,0,1,1,0,Timed_out,nan,nan
7/14/2025 13:33:13,1.17.0,Bandit80,11,4.18,nan,20,20,80,Left,Right,1,1,1,1,nan,nan,0.61
7/14/2025 13:33:15,1.17.0,Bandit80,11,4.18,nan,20,20,80,RightinTimeout,Right,1,1,1,1,nan,nan,0.00
7/14/2025 13:33:18,1.17.0,Bandit80,11,4.18,nan,20,20,80,RightinTimeout,Right,1,1,1,1,nan,nan,0.00
7/14/2025 13:33:18,1.17.0,Bandit80,11,4.18,nan,20,20,80,RightinTimeout,Right,1,1,1,1,nan,nan,0.00
7/14/2025 13:33:18,1.17.0,Bandit80,11,4.18,nan,20,20,80,RightinTimeout,Right,1,1,1,1,nan,nan,0.00
7/14/2025 13:33:37,1.17.0,Bandit80,11,4.18,nan,20,20,80,Right,Right,1,2,1,1,nan,nan,0.10
7/14/2025 13:34:07,1.17.0,Bandit80,11,4.18,nan,20,20,80,RightWithPellet,Right,1,3,1,1,nan,nan,0.02
7/14/2025 13:34:16,1.17.0,Bandit80,11,4.19,nan,20,20,80,RightWithPellet,Right,1,4,1,1,nan,nan,0.53
7/14/2025 13:34:18,1.17.0,Bandit80,11,4.18,nan,20,20,80,RightWithPellet,Right,1,5,1,1,nan,nan,0.01
7/14/2025 13:34:32,1.17.0,Bandit80,11,4.19,nan,20,20,80,RightWithPellet,Right,1,6,1,1,nan,nan,0.01
7/14/2025 13:34:34,1.17.0,Bandit80,11,4.18,nan,20,20,80,RightWithPellet,Right,1,7,1,1,nan,nan,0.32
7/14/2025 13:34:48,1.17.0,Bandit80,11,4.19,nan,20,20,80,RightWithPellet,Right,1,7,1,1,nan,nan,0.05
7/14/2025 13:35:11,1.17.0,Bandit80,11,4.18,nan,20,20,80,RightWithPellet,Right,1,7,1,1,nan,nan,0.44
7/14/2025 13:35:12,1.17.0,Bandit80,11,4.18,nan,20,20,80,RightWithPellet,Right,1,7,1,1,nan,nan,0.25
7/14/2025 13:35:15,1.17.0,Bandit80,11,4.18,nan,20,20,80,LeftWithPellet,Right,1,7,1,1,nan,nan,0.02
7/14/2025 13:35:24,1.17.0,Bandit80,11,4.18,nan,20,20,80,RightWithPellet,Right,1,7,1,1,nan,nan,0.62
7/14/2025 13:35:39,1.17.0,Bandit80,11,4.18,nan,20,20,80,RightWithPellet,Right,1,7,1,1,nan,nan,0.30
7/14/2025 13:36:22,1.17.0,Bandit80,11,4.18,nan,20,20,80,RightWithPellet,Right,1,7,1,1,nan,nan,0.08
7/14/2025 13:36:32,1.17.0,Bandit80,11,4.18,nan,20,20,80,RightWithPellet,Right,1,7,1,1,nan,nan,0.01
7/14/2025 13:36:46,1.17.0,Bandit80,11,4.18,nan,20,20,80,RightWithPellet,Right,1,7,1,1,nan,nan,0.18
7/14/2025 13:36:54,1.17.0,Bandit80,11,4.18,nan,20,20,80,RightWithPellet,Right,1,7,1,1,nan,nan,0.16
7/14/2025 13:37:03,1.17.0,Bandit80,11,4.18,nan,20,20,80,LeftWithPellet,Right,1,7,1,1,nan,nan,0.17
7/14/2025 13:37:06,1.17.0,Bandit80,11,4.18,nan,20,20,80,LeftWithPellet,Right,1,7,1,1,nan,nan,0.38
7/14/2025 13:37:08,1.17.0,Bandit80,11,4.18,nan,20,20,80,LeftWithPellet,Right,1,7,1,1,nan,nan,0.08
7/14/2025 13:37:10,1.17.0,Bandit80,11,4.18,nan,20,20,80,RightWithPellet,Right,1,7,1,1,nan,nan,0.36
7/14/2025 13:37:26,1.17.0,Bandit80,11,4.19,nan,20,20,80,LeftWithPellet,Right,1,7,1,1,nan,nan,0.26
7/14/2025 13:37:31,1.17.0,Bandit80,11,4.18,nan,20,20,80,RightWithPellet,Right,1,7,1,1,nan,nan,0.07
7/14/2025 13:37:34,1.17.0,Bandit80,11,4.18,nan,20,20,80,RightWithPellet,Right,1,7,1,1,nan,nan,0.54
7/14/2025 13:37:39,1.17.0,Bandit80,11,4.18,nan,20,20,80,RightWithPellet,Right,1,7,1,1,nan,nan,0.08
7/14/2025 13:37:44,1.17.0,Bandit80,11,4.19,nan,20,20,80,LeftWithPellet,Right,1,7,1,1,nan,nan,0.07
7/14/2025 13:37:48,1.17.0,Bandit80,11,4.18,nan,20,20,80,LeftWithPellet,Right,1,7,1,1,nan,nan,0.22
7/14/2025 13:37:56,1.17.0,Bandit80,11,4.18,nan,20,20,80,LeftWithPellet,Right,1,7,1,1,nan,nan,0.01
7/14/2025 13:38:02,1.17.0,Bandit80,11,4.18,nan,20,20,80,LeftWithPellet,Right,1,7,1,1,nan,nan,0.81
7/14/2025 13:38:07,1.17.0,Bandit80,11,4.18,nan,20,20,80,LeftWithPellet,Right,1,7,1,1,nan,nan,0.05
7/14/2025 13:38:18,1.17.0,Bandit80,11,4.18,nan,20,20,80,LeftWithPellet,Right,1,7,1,1,nan,nan,0.05
7/14/2025 13:38:20,1.17.0,Bandit80,11,4.18,nan,20,20,80,LeftWithPellet,Right,1,7,1,1,nan,nan,0.14
7/14/2025 13:38:46,1.17.0,Bandit80,11,4.18,nan,20,20,80,LeftWithPellet,Right,1,7,1,1,nan,nan,0.15
7/14/2025 13:39:24,1.17.0,Bandit80,11,4.18,nan,20,20,80,LeftWithPellet,Right,1,7,1,1,nan,nan,0.36
7/14/2025 13:39:31,1.17.0,Bandit80,11,4.18,nan,20,20,80,RightWithPellet,Right,1,7,1,1,nan,nan,0.12
7/14/2025 13:39:39,1.17.0,Bandit80,11,4.18,nan,20,20,80,RightWithPellet,Right,1,7,1,1,nan,nan,0.24
7/14/2025 13:40:13,1.17.0,Bandit80,11,4.18,nan,20,20,80,RightWithPellet,Right,1,7,1,1,nan,nan,0.07
7/14/2025 13:41:07,1.17.0,Bandit80,11,4.18,nan,20,20,80,LeftWithPellet,Right,1,7,1,1,nan,nan,0.07
7/14/2025 13:41:26,1.17.0,Bandit80,11,4.18,nan,20,20,80,LeftWithPellet,Right,1,7,1,1,nan,nan,0.14
7/14/2025 13:41:34,1.17.0,Bandit80,11,4.18,nan,20,20,80,RightWithPellet,Right,1,7,1,1,nan,nan,0.26
7/14/2025 13:41:45,1.17.0,Bandit80,11,4.18,nan,20,20,80,LeftWithPellet,Right,1,7,1,1,nan,nan,0.10
7/14/2025 13:41:48,1.17.0,Bandit80,11,4.18,nan,20,20,80,LeftWithPellet,Right,1,7,1,1,nan,nan,0.53
7/14/2025 13:41:53,1.17.0,Bandit80,11,4.19,nan,20,20,80,LeftWithPellet,Right,1,7,1,1,nan,nan,0.16
7/14/2025 13:42:15,1.17.0,Bandit80,11,4.18,nan,20,20,80,LeftWithPellet,Right,1,7,1,1,nan,nan,0.16
7/14/2025 13:42:18,1.17.0,Bandit80,11,4.18,nan,20,20,80,LeftWithPellet,Right,1,7,1,1,nan,nan,0.19
7/14/2025 13:42:26,1.17.0,Bandit80,11,4.19,nan,20,20,80,RightWithPellet,Right,1,7,1,1,nan,nan,0.11
7/14/2025 13:42:43,1.17.0,Bandit80,11,4.18,nan,20,20,80,LeftWithPellet,Right,1,7,1,1,nan,nan,0.10
7/14/2025 13:42:46,1.17.0,Bandit80,11,4.18,nan,20,20,80,LeftWithPellet,Right,1,7,1,1,nan,nan,0.80
7/14/2025 13:42:47,1.17.0,Bandit80,11,4.18,nan,20,20,80,LeftWithPellet,Right,1,7,1,1,nan,nan,0.02
7/14/2025 13:42:50,1.17.0,Bandit80,11,4.18,nan,20,20,80,LeftWithPellet,Right,1,7,1,1,nan,nan,0.51
7/14/2025 13:42:51,1.17.0,Bandit80,11,4.18,nan,20,20,80,LeftWithPellet,Right,1,7,1,1,nan,nan,0.09
7/14/2025 13:43:02,1.17.0,Bandit80,11,4.18,nan,20,20,80,RightWithPellet,Right,1,7,1,1,nan,nan,0.02
7/14/2025 13:43:26,1.17.0,Bandit80,11,4.18,nan,20,20,80,RightWithPellet,Right,1,7,1,1,nan,nan,0.43
7/14/2025 13:44:39,1.17.0,Bandit80,11,4.18,nan,20,20,80,RightWithPellet,Right,1,7,1,1,nan,nan,0.07
7/14/2025 13:44:55,1.17.0,Bandit80,11,4.18,nan,20,20,80,LeftWithPellet,Right,1,7,1,1,nan,nan,0.10
7/14/2025 13:44:57,1.17.0,Bandit80,11,4.18,nan,20,20,80,LeftWithPellet,Right,1,7,1,1,nan,nan,0.05
7/14/2025 13:47:34,1.17.0,Bandit80,11,4.18,nan,20,20,80,RightWithPellet,Right,1,7,1,1,nan,nan,0.12
7/14/2025 13:47:36,1.17.0,Bandit80,11,4.18,nan,20,20,80,RightWithPellet,Right,1,7,1,1,nan,nan,0.08
7/14/2025 13:47:43,1.17.0,Bandit80,11,4.18,nan,20,20,80,RightWithPellet,Right,1,7,1,1,nan,nan,0.45
7/14/2025 13:47:48,1.17.0,Bandit80,11,4.18,nan,20,20,80,LeftWithPellet,Right,1,7,1,1,nan,nan,0.31
7/14/2025 13:47:57,1.17.0,Bandit80,11,4.18,nan,20,20,80,RightWithPellet,Right,1,7,1,1,nan,nan,0.20
7/14/2025 13:48:02,1.17.0,Bandit80,11,4.18,nan,20,20,80,LeftWithPellet,Right,1,7,1,1,nan,nan,0.03
7/14/2025 13:48:08,1.17.0,Bandit80,11,4.18,nan,20,20,80,LeftWithPellet,Right,1,7,1,1,nan,nan,0.25
7/14/2025 13:48:15,1.17.0,Bandit80,11,4.18,nan,20,20,80,LeftWithPellet,Right,1,7,1,1,nan,nan,0.03
7/14/2025 13:48:19,1.17.0,Bandit80,11,4.18,nan,20,20,80,LeftWithPellet,Right,1,7,1,1,nan,nan,0.14
7/14/2025 13:48:27,1.17.0,Bandit80,11,4.18,nan,20,20,80,RightWithPellet,Right,1,7,1,1,nan,nan,0.04
7/14/2025 13:48:31,1.17.0,Bandit80,11,4.18,nan,20,20,80,RightWithPellet,Right,1,7,1,1,nan,nan,0.04
7/14/2025 13:48:32,1.17.0,Bandit80,11,4.18,nan,20,20,80,RightWithPellet,Right,1,7,1,1,nan,nan,0.04
7/14/2025 13:48:35,1.17.0,Bandit80,11,4.18,nan,20,20,80,RightWithPellet,Right,1,7,1,1,nan,nan,0.05
7/14/2025 13:48:58,1.17.0,Bandit80,11,4.18,nan,20,20,80,LeftWithPellet,Right,1,7,1,1,nan,nan,0.06
7/14/2025 13:48:59,1.17.0,Bandit80,11,4.18,nan,20,20,80,LeftWithPellet,Right,1,7,1,1,nan,nan,0.03
7/14/2025 13:49:05,1.17.0,Bandit80,11,4.18,nan,20,20,80,LeftWithPellet,Right,1,7,1,1,nan,nan,0.18
7/14/2025 13:49:29,1.17.0,Bandit80,11,4.18,nan,20,20,80,LeftWithPellet,Right,1,7,1,1,nan,nan,0.19
7/14/2025 13:53:07,1.17.0,Bandit80,11,4.18,nan,20,20,80,RightWithPellet,Right,1,7,1,1,nan,nan,0.38
7/14/2025 13:53:09,1.17.0,Bandit80,11,4.18,nan,20,20,80,RightWithPellet,Right,1,7,1,1,nan,nan,0.19
7/14/2025 13:53:10,1.17.0,Bandit80,11,4.18,nan,20,20,80,RightWithPellet,Right,1,7,1,1,nan,nan,0.19
7/14/2025 13:53:15,1.17.0,Bandit80,11,4.18,nan,20,20,80,LeftWithPellet,Right,1,7,1,1,nan,nan,0.12
7/14/2025 13:53:31,1.17.0,Bandit80,11,4.19,nan,20,20,80,RightWithPellet,Right,1,7,1,1,nan,nan,0.46
7/14/2025 13:54:12,1.17.0,Bandit80,11,4.18,nan,20,20,80,LeftWithPellet,Right,1,7,1,1,nan,nan,0.39
7/14/2025 13:54:26,1.17.0,Bandit80,11,4.18,nan,20,20,80,LeftWithPellet,Right,1,7,1,1,nan,nan,0.24
7/14/2025 13:54:31,1.17.0,Bandit80,11,4.18,nan,20,20,80,RightWithPellet,Right,1,7,1,1,nan,nan,0.14
7/14/2025 13:54:36,1.17.0,Bandit80,11,4.18,nan,20,20,80,RightWithPellet,Right,1,7,1,1,nan,nan,0.09
7/14/2025 13:54:40,1.17.0,Bandit80,11,4.18,nan,20,20,80,RightWithPellet,Right,1,7,1,1,nan,nan,0.04
7/14/2025 13:54:45,1.17.0,Bandit80,11,4.18,nan,20,20,80,LeftWithPellet,Right,1,7,1,1,nan,nan,0.21
7/14/2025 13:54:47,1.17.0,Bandit80,11,4.18,nan,20,20,80,LeftWithPellet,Right,1,7,1,1,nan,nan,0.04
7/14/2025 13:54:49,1.17.0,Bandit80,11,4.18,nan,20,20,80,LeftWithPellet,Right,1,7,1,1,nan,nan,0.11
7/14/2025 13:54:49,1.17.0,Bandit80,11,4.18,nan,20,20,80,LeftWithPellet,Right,1,7,1,1,nan,nan,0.13
7/14/2025 13:55:11,1.17.0,Bandit80,11,4.18,nan,20,20,80,LeftWithPellet,Right,1,7,1,1,nan,nan,0.13
7/14/2025 13:55:17,1.17.0,Bandit80,11,4.19,nan,20,20,80,RightWithPellet,Right,1,7,1,1,nan,nan,0.13
7/14/2025 13:55:43,1.17.0,Bandit80,11,4.18,nan,20,20,80,RightWithPellet,Right,1,7,1,1,nan,nan,0.12
7/14/2025 13:56:10,1.17.0,Bandit80,11,4.18,nan,20,20,80,LeftWithPellet,Right,1,7,1,1,nan,nan,0.35
7/14/2025 13:56:16,1.17.0,Bandit80,11,4.18,nan,20,20,80,LeftWithPellet,Right,1,7,1,1,nan,nan,0.60
7/14/2025 13:56:18,1.17.0,Bandit80,11,4.18,nan,20,20,80,LeftWithPellet,Right,1,7,1,1,nan,nan,0.91
7/14/2025 13:56:49,1.17.0,Bandit80,11,4.18,nan,20,20,80,LeftWithPellet,Right,1,7,1,1,nan,nan,1.40
7/14/2025 13:57:16,1.17.0,Bandit80,11,4.18,nan,20,20,80,RightWithPellet,Right,1,7,1,1,nan,nan,0.30
7/14/2025 13:57:18,1.17.0,Bandit80,11,4.18,nan,20,20,80,RightWithPellet,Right,1,7,1,1,nan,nan,0.05
7/14/2025 13:57:27,1.17.0,Bandit80,11,4.18,nan,20,20,80,RightWithPellet,Right,1,7,1,1,nan,nan,0.23
7/14/2025 13:57:42,1.17.0,Bandit80,11,4.18,nan,20,20,80,LeftWithPellet,Right,1,7,1,1,nan,nan,0.08
7/14/2025 13:57:53,1.17.0,Bandit80,11,4.18,nan,20,20,80,LeftWithPellet,Right,1,7,1,1,nan,nan,0.02
7/14/2025 13:57:57,1.17.0,Bandit80,11,4.18,nan,20,20,80,LeftWithPellet,Right,1,7,1,1,nan,nan,0.90
7/14/2025 13:58:05,1.17.0,Bandit80,11,4.18,nan,20,20,80,RightWithPellet,Right,1,7,1,1,nan,nan,0.30
7/14/2025 13:58:13,1.17.0,Bandit80,11,4.18,nan,20,20,80,LeftWithPellet,Right,1,7,1,1,nan,nan,0.33
7/14/2025 13:59:17,1.17.0,Bandit80,11,4.18,nan,20,20,80,LeftWithPellet,Right,1,7,1,1,nan,nan,0.17
7/14/2025 13:59:21,1.17.0,Bandit80,11,4.18,nan,20,20,80,LeftWithPellet,Right,1,7,1,1,nan,nan,0.07
7/14/2025 14:01:34,1.17.0,Bandit80,11,4.18,nan,20,20,80,LeftWithPellet,Right,1,7,1,1,nan,nan,0.54
7/14/2025 14:02:43,1.17.0,Bandit80,11,4.18,nan,20,20,80,RightWithPellet,Right,1,7,1,1,nan,nan,0.07
7/14/2025 14:02:47,1.17.0,Bandit80,11,4.18,nan,20,20,80,LeftWithPellet,Right,1,7,1,1,nan,nan,0.09
7/14/2025 14:03:03,1.17.0,Bandit80,11,4.18,nan,20,20,80,RightWithPellet,Right,1,7,1,1,nan,nan,0.37
7/14/2025 14:03:06,1.17.0,Bandit80,11,4.18,nan,20,20,80,LeftWithPellet,Right,1,7,1,1,nan,nan,0.15
7/14/2025 14:03:08,1.17.0,Bandit80,11,4.18,nan,20,20,80,LeftWithPellet,Right,1,7,1,1,nan,nan,0.15
7/14/2025 14:05:16,1.17.0,Bandit80,11,4.18,nan,20,20,80,RightWithPellet,Right,1,7,1,1,nan,nan,0.17
7/14/2025 14:05:27,1.17.0,Bandit80,11,4.18,nan,20,20,80,RightWithPellet,Right,1,7,1,1,nan,nan,0.16
7/14/2025 14:05:30,1.17.0,Bandit80,11,4.18,nan,20,20,80,LeftWithPellet,Right,1,7,1,1,nan,nan,0.01
7/14/2025 14:05:31,1.17.0,Bandit80,11,4.18,nan,20,20,80,LeftWithPellet,Right,1,7,1,1,nan,nan,0.07
7/14/2025 14:06:32,1.17.0,Bandit80,11,4.18,nan,20,20,80,RightWithPellet,Right,1,7,1,1,nan,nan,0.08
7/14/2025 14:06:43,1.17.0,Bandit80,11,4.18,nan,20,20,80,RightWithPellet,Right,1,7,1,1,nan,nan,0.08
7/14/2025 14:07:24,1.17.0,Bandit80,11,4.18,nan,20,20,80,LeftWithPellet,Right,1,7,1,1,nan,nan,0.24
7/14/2025 14:07:42,1.17.0,Bandit80,11,4.18,nan,20,20,80,LeftWithPellet,Right,1,7,1,1,nan,nan,0.10
7/14/2025 14:07:49,1.17.0,Bandit80,11,4.18,nan,20,20,80,RightWithPellet,Right,1,7,1,1,nan,nan,0.64
7/14/2025 14:07:51,1.17.0,Bandit80,11,4.18,nan,20,20,80,RightWithPellet,Right,1,7,1,1,nan,nan,0.09
7/14/2025 14:07:56,1.17.0,Bandit80,11,4.18,nan,20,20,80,RightWithPellet,Right,1,7,1,1,nan,nan,0.08
7/14/2025 14:07:58,1.17.0,Bandit80,11,4.18,nan,20,20,80,RightWithPellet,Right,1,7,1,1,nan,nan,0.20
7/14/2025 14:08:00,1.17.0,Bandit80,11,4.18,nan,20,20,80,RightWithPellet,Right,1,7,1,1,nan,nan,0.34
7/14/2025 14:09:24,1.17.0,Bandit80,11,4.18,nan,20,20,80,RightWithPellet,Right,1,7,1,1,nan,nan,0.33
7/14/2025 14:09:44,1.17.0,Bandit80,11,4.18,nan,20,20,80,RightWithPellet,Right,1,7,1,1,nan,nan,0.09
7/14/2025 14:10:01,1.17.0,Bandit80,11,4.18,nan,20,20,80,LeftWithPellet,Right,1,7,1,1,nan,nan,0.23
7/14/2025 14:11:55,1.17.0,Bandit80,11,4.18,nan,20,20,80,RightWithPellet,Right,1,7,1,1,nan,nan,0.05
7/14/2025 14:12:01,1.17.0,Bandit80,11,4.18,nan,20,20,80,LeftWithPellet,Right,1,7,1,1,nan,nan,0.03
7/14/2025 14:12:09,1.17.0,Bandit80,11,4.18,nan,20,20,80,RightWithPellet,Right,1,7,1,1,nan,nan,0.30
7/14/2025 14:16:46,1.17.0,Bandit80,11,4.18,nan,20,20,80,LeftWithPellet,Right,1,7,1,1,nan,nan,0.08
7/14/2025 14:47:40,1.17.0,Bandit80,11,4.18,nan,20,20,80,LeftWithPellet,Right,1,7,1,1,nan,nan,0.15
7/14/2025 16:07:22,1.17.0,Bandit80,11,4.18,nan,20,20,80,RightWithPellet,Right,1,7,1,1,nan,nan,1.50
7/14/2025 16:07:48,1.17.0,Bandit80,11,4.18,nan,20,20,80,RightWithPellet,Right,1,7,1,1,nan,nan,0.48
7/14/2025 16:07:54,1.17.0,Bandit80,11,4.18,nan,20,20,80,RightWithPellet,Right,1,7,1,1,nan,nan,0.02
7/14/2025 16:07:56,1.17.0,Bandit80,11,4.17,nan,20,20,80,RightWithPellet,Right,1,7,1,1,nan,nan,0.14
7/14/2025 16:08:04,1.17.0,Bandit80,11,4.17,nan,20,20,80,LeftWithPellet,Right,1,7,1,1,nan,nan,0.09
7/14/2025 16:08:09,1.17.0,Bandit80,11,4.18,nan,20,20,80,LeftWithPellet,Right,1,7,1,1,nan,nan,0.06
7/14/2025 16:08:18,1.17.0,Bandit80,11,4.17,nan,20,20,80,RightWithPellet,Right,1,7,1,1,nan,nan,0.33
7/14/2025 16:08:48,1.17.0,Bandit80,11,4.18,nan,20,20,80,LeftWithPellet,Right,1,7,1,1,nan,nan,0.37
7/14/2025 16:09:05,1.17.0,Bandit80,11,4.18,nan,20,20,80,LeftWithPellet,Right,1,7,1,1,nan,nan,0.22
7/14/2025 16:09:08,1.17.0,Bandit80,11,4.18,nan,20,20,80,LeftWithPellet,Right,1,7,1,1,nan,nan,0.50
7/14/2025 16:09:20,1.17.0,Bandit80,11,4.17,nan,20,20,80,RightWithPellet,Right,1,7,1,1,nan,nan,0.10
7/14/2025 16:09:23,1.17.0,Bandit80,11,4.18,nan,20,20,80,RightWithPellet,Right,1,7,1,1,nan,nan,0.07
7/14/2025 16:09:32,1.17.0,Bandit80,11,4.17,nan,20,20,80,RightWithPellet,Right,1,7,1,1,nan,nan,0.59
7/14/2025 16:09:35,1.17.0,Bandit80,11,4.17,nan,20,20,80,RightWithPellet,Right,1,7,1,1,nan,nan,0.02
7/14/2025 16:09:38,1.17.0,Bandit80,11,4.17,nan,20,20,80,LeftWithPellet,Right,1,7,1,1,nan,nan,1.21
7/14/2025 16:09:41,1.17.0,Bandit80,11,4.18,nan,20,20,80,LeftWithPellet,Right,1,7,1,1,nan,nan,1.30
7/14/2025 16:10:12,1.17.0,Bandit80,11,4.18,nan,20,20,80,LeftWithPellet,Right,1,7,1,1,nan,nan,0.35
7/14/2025 16:10:17,1.17.0,Bandit80,11,4.17,nan,20,20,80,LeftWithPellet,Right,1,7,1,1,nan,nan,0.08
7/14/2025 16:10:19,1.17.0,Bandit80,11,4.17,nan,20,20,80,LeftWithPellet,Right,1,7,1,1,nan,nan,0.60
7/14/2025 16:11:10,1.17.0,Bandit80,11,4.17,nan,20,20,80,LeftWithPellet,Right,1,7,1,1,nan,nan,0.43
7/14/2025 16:11:16,1.17.0,Bandit80,11,4.17,nan,20,20,80,LeftWithPellet,Right,1,7,1,1,nan,nan,0.09
7/14/2025 16:11:17,1.17.0,Bandit80,11,4.18,nan,20,20,80,LeftWithPellet,Right,1,7,1,1,nan,nan,0.22
7/14/2025 16:17:00,1.17.0,Bandit80,11,4.17,nan,20,20,80,LeftWithPellet,Right,1,7,1,1,nan,nan,0.27
7/14/2025 16:17:05,1.17.0,Bandit80,11,4.18,nan,20,20,80,RightWithPellet,Right,1,7,1,1,nan,nan,0.31
7/14/2025 16:18:49,1.17.0,Bandit80,11,4.18,nan,20,20,80,LeftWithPellet,Right,1,7,1,1,nan,nan,0.13
7/14/2025 16:18:52,1.17.0,Bandit80,11,4.17,nan,20,20,80,LeftWithPellet,Right,1,7,1,1,nan,nan,0.48
7/14/2025 16:18:55,1.17.0,Bandit80,11,4.18,nan,20,20,80,LeftWithPellet,Right,1,7,1,1,nan,nan,0.10
7/14/2025 16:19:01,1.17.0,Bandit80,11,4.17,nan,20,20,80,LeftWithPellet,Right,1,7,1,1,nan,nan,0.30
7/14/2025 16:19:12,1.17.0,Bandit80,11,4.17,nan,20,20,80,LeftWithPellet,Right,1,7,1,1,nan,nan,0.13
7/14/2025 16:20:28,1.17.0,Bandit80,11,4.18,nan,20,20,80,RightWithPellet,Right,1,7,1,1,nan,nan,0.29
7/14/2025 16:21:22,1.17.0,Bandit80,11,4.17,nan,20,20,80,LeftWithPellet,Right,1,7,1,1,nan,nan,0.09
7/14/2025 16:21:47,1.17.0,Bandit80,11,4.17,nan,20,20,80,LeftWithPellet,Right,1,7,1,1,nan,nan,0.12
7/14/2025 16:21:52,1.17.0,Bandit80,11,4.17,nan,20,20,80,RightWithPellet,Right,1,7,1,1,nan,nan,0.12
7/14/2025 16:21:53,1.17.0,Bandit80,11,4.17,nan,20,20,80,RightWithPellet,Right,1,7,1,1,nan,nan,0.11
7/14/2025 16:21:55,1.17.0,Bandit80,11,4.17,nan,20,20,80,RightWithPellet,Right,1,7,1,1,nan,nan,0.11
7/14/2025 16:22:47,1.17.0,Bandit80,11,4.18,nan,20,20,80,LeftWithPellet,Right,1,7,1,1,nan,nan,0.34
7/14/2025 16:22:54,1.17.0,Bandit80,11,4.17,nan,20,20,80,LeftWithPellet,Right,1,7,1,1,nan,nan,0.03
7/14/2025 16:22:57,1.17.0,Bandit80,11,4.18,nan,20,20,80,RightWithPellet,Right,1,7,1,1,nan,nan,0.22
7/14/2025 16:23:00,1.17.0,Bandit80,11,4.17,nan,20,20,80,RightWithPellet,Right,1,7,1,1,nan,nan,0.03
7/14/2025 16:23:07,1.17.0,Bandit80,11,4.17,nan,20,20,80,LeftWithPellet,Right,1,7,1,1,nan,nan,0.25
7/14/2025 16:30:25,1.17.0,Bandit80,11,4.18,nan,20,20,80,RightWithPellet,Right,1,7,1,1,nan,nan,0.03
7/14/2025 16:30:28,1.17.0,Bandit80,11,4.17,nan,20,20,80,RightWithPellet,Right,1,7,1,1,nan,nan,0.60
7/14/2025 16:30:35,1.17.0,Bandit80,11,4.17,nan,20,20,80,RightWithPellet,Right,1,7,1,1,nan,nan,0.09
7/14/2025 16:30:37,1.17.0,Bandit80,11,4.17,nan,20,20,80,RightWithPellet,Right,1,7,1,1,nan,nan,0.16
7/14/2025 16:30:45,1.17.0,Bandit80,11,4.17,nan,20,20,80,LeftWithPellet,Right,1,7,1,1,nan,nan,0.31
7/14/2025 16:30:52,1.17.0,Bandit80,11,4.17,nan,20,20,80,RightWithPellet,Right,1,7,1,1,nan,nan,0.52
7/14/2025 16:31:06,1.17.0,Bandit80,11,4.17,nan,20,20,80,LeftWithPellet,Right,1,7,1,1,nan,nan,0.06
7/14/2025 16:31:59,1.17.0,Bandit80,11,4.17,nan,20,20,80,LeftWithPellet,Right,1,7,1,1,nan,nan,0.06
7/14/2025 16:32:03,1.17.0,Bandit80,11,4.17,nan,20,20,80,LeftWithPellet,Right,1,7,1,1,nan,nan,0.12
7/14/2025 16:32:08,1.17.0,Bandit80,11,4.18,nan,20,20,80,RightWithPellet,Right,1,7,1,1,nan,nan,0.32
7/14/2025 16:32:09,1.17.0,Bandit80,11,4.18,nan,20,20,80,LeftWithPellet,Right,1,7,1,1,nan,nan,0.07
7/14/2025 16:38:24,1.17.0,Bandit80,11,4.17,nan,20,20,80,RightWithPellet,Right,1,7,1,1,nan,nan,0.08
7/14/2025 16:38:34,1.17.0,Bandit80,11,4.18,nan,20,20,80,LeftWithPellet,Right,1,7,1,1,nan,nan,0.15
7/14/2025 16:38:42,1.17.0,Bandit80,11,4.17,nan,20,20,80,RightWithPellet,Right,1,7,1,1,nan,nan,0.43
7/14/2025 16:38:46,1.17.0,Bandit80,11,4.17,nan,20,20,80,LeftWithPellet,Right,1,7,1,1,nan,nan,0.38
7/14/2025 16:38:47,1.17.0,Bandit80,11,4.17,nan,20,20,80,LeftWithPellet,Right,1,7,1,1,nan,nan,0.10
7/14/2025 16:38:59,1.17.0,Bandit80,11,4.17,nan,20,20,80,LeftWithPellet,Right,1,7,1,1,nan,nan,0.19
7/14/2025 16:39:00,1.17.0,Bandit80,11,4.18,nan,20,20,80,LeftWithPellet,Right,1,7,1,1,nan,nan,0.07
7/14/2025 16:39:22,1.17.0,Bandit80,11,4.18,nan,20,20,80,RightWithPellet,Right,1,7,1,1,nan,nan,0.01
7/14/2025 16:39:24,1.17.0,Bandit80,11,4.17,nan,20,20,80,RightWithPellet,Right,1,7,1,1,nan,nan,0.08
7/14/2025 16:40:32,1.17.0,Bandit80,11,4.17,nan,20,20,80,LeftWithPellet,Right,1,7,1,1,nan,nan,0.17
7/14/2025 16:41:44,1.17.0,Bandit80,11,4.17,nan,20,20,80,LeftWithPellet,Right,1,7,1,1,nan,nan,0.01
7/14/2025 16:41:54,1.17.0,Bandit80,11,4.17,nan,20,20,80,LeftWithPellet,Right,1,7,1,1,nan,nan,0.06
7/14/2025 16:41:55,1.17.0,Bandit80,11,4.17,nan,20,20,80,LeftWithPellet,Right,1,7,1,1,nan,nan,0.25
7/14/2025 16:42:02,1.17.0,Bandit80,11,4.17,nan,20,20,80,RightWithPellet,Right,1,7,1,1,nan,nan,0.02
7/14/2025 16:42:22,1.17.0,Bandit80,11,4.17,nan,20,20,80,LeftWithPellet,Right,1,7,1,1,nan,nan,0.31
7/14/2025 17:33:28,1.17.0,Bandit80,11,4.16,nan,20,20,80,LeftWithPellet,Right,1,7,1,1,nan,nan,0.25
7/14/2025 17:33:30,1.17.0,Bandit80,11,4.16,nan,20,20,80,LeftWithPellet,Right,1,7,1,1,nan,nan,0.25
7/14/2025 17:33:57,1.17.0,Bandit80,11,4.16,nan,20,20,80,LeftWithPellet,Right,1,7,1,1,nan,nan,0.04
7/14/2025 17:34:01,1.17.0,Bandit80,11,4.17,nan,20,20,80,RightWithPellet,Right,1,7,1,1,nan,nan,0.09
7/14/2025 17:39:55,1.17.0,Bandit80,11,4.17,nan,20,20,80,LeftWithPellet,Right,1,7,1,1,nan,nan,0.10
7/14/2025 17:39:58,1.17.0,Bandit80,11,4.16,nan,20,20,80,LeftWithPellet,Right,1,7,1,1,nan,nan,0.40
7/14/2025 17:40:03,1.17.0,Bandit80,11,4.17,nan,20,20,80,LeftWithPellet,Right,1,7,1,1,nan,nan,0.05
7/14/2025 17:41:43,1.17.0,Bandit80,11,4.17,nan,20,20,80,LeftWithPellet,Right,1,7,1,1,nan,nan,0.36
7/14/2025 17:41:47,1.17.0,Bandit80,11,4.17,nan,20,20,80,LeftWithPellet,Right,1,7,1,1,nan,nan,0.20
7/14/2025 17:41:57,1.17.0,Bandit80,11,4.16,nan,20,20,80,RightWithPellet,Right,1,7,1,1,nan,nan,0.20
7/14/2025 17:42:01,1.17.0,Bandit80,11,4.17,nan,20,20,80,LeftWithPellet,Right,1,7,1,1,nan,nan,0.12
7/14/2025 17:43:54,1.17.0,Bandit80,11,4.17,nan,20,20,80,RightWithPellet,Right,1,7,1,1,nan,nan,0.17
7/14/2025 17:44:28,1.17.0,Bandit80,11,4.16,nan,20,20,80,RightWithPellet,Right,1,7,1,1,nan,nan,0.06
7/14/2025 17:44:45,1.17.0,Bandit80,11,4.16,nan,20,20,80,RightWithPellet,Right,1,7,1,1,nan,nan,0.08
7/14/2025 17:44:53,1.17.0,Bandit80,11,4.17,nan,20,20,80,RightWithPellet,Right,1,7,1,1,nan,nan,0.81
7/14/2025 17:44:57,1.17.0,Bandit80,11,4.17,nan,20,20,80,RightWithPellet,Right,1,7,1,1,nan,nan,0.81
7/14/2025 17:44:59,1.17.0,Bandit80,11,4.17,nan,20,20,80,RightWithPellet,Right,1,7,1,1,nan,nan,0.19
7/14/2025 17:45:02,1.17.0,Bandit80,11,4.17,1,20,20,80,Pellet,Right,1,7,2,1,Timed_out,15118,nan
7/14/2025 17:45:11,1.17.0,Bandit80,11,4.17,nan,20,20,80,Left,Right,2,7,2,2,nan,nan,0.68
7/14/2025 17:45:46,1.17.0,Bandit80,11,4.17,nan,20,20,80,RightWithPellet,Right,2,8,2,2,nan,nan,0.40
7/14/2025 17:46:01,1.17.0,Bandit80,11,4.17,nan,20,20,80,LeftWithPellet,Right,2,8,2,2,nan,nan,0.03
7/14/2025 17:46:08,1.17.0,Bandit80,11,4.17,nan,20,20,80,RightWithPellet,Right,2,9,2,2,nan,nan,0.18
7/14/2025 17:46:09,1.17.0,Bandit80,11,4.17,nan,20,20,80,RightWithPellet,Right,2,10,2,2,nan,nan,0.13
7/14/2025 17:46:13,1.17.0,Bandit80,11,4.16,nan,20,20,80,LeftWithPellet,Right,2,10,2,2,nan,nan,0.38
7/14/2025 17:46:18,1.17.0,Bandit80,11,4.16,nan,20,20,80,LeftWithPellet,Right,2,10,2,2,nan,nan,0.01
7/14/2025 17:46:19,1.17.0,Bandit80,11,4.17,nan,20,20,80,LeftWithPellet,Right,2,10,2,2,nan,nan,0.00
7/14/2025 17:46:20,1.17.0,Bandit80,11,4.16,nan,20,20,80,LeftWithPellet,Right,2,10,2,2,nan,nan,0.55
7/14/2025 17:46:21,1.17.0,Bandit80,11,4.17,nan,20,20,80,LeftWithPellet,Right,2,10,2,2,nan,nan,0.38
7/14/2025 17:46:36,1.17.0,Bandit80,11,4.17,nan,20,20,80,RightWithPellet,Right,2,10,2,2,nan,nan,0.01
7/14/2025 17:46:38,1.17.0,Bandit80,11,4.17,nan,20,20,80,RightWithPellet,Right,2,10,2,2,nan,nan,0.42
7/14/2025 17:46:41,1.17.0,Bandit80,11,4.17,nan,20,20,80,RightWithPellet,Right,2,10,2,2,nan,nan,1.23
7/14/2025 17:46:44,1.17.0,Bandit80,11,4.16,nan,20,20,80,RightWithPellet,Right,2,10,2,2,nan,nan,1.31
7/14/2025 17:46:48,1.17.0,Bandit80,11,4.16,nan,20,20,80,RightWithPellet,Right,2,10,2,2,nan,nan,0.84
7/14/2025 17:46:50,1.17.0,Bandit80,11,4.16,nan,20,20,80,RightWithPellet,Right,2,10,2,2,nan,nan,0.24
7/14/2025 17:46:51,1.17.0,Bandit80,11,4.17,nan,20,20,80,RightWithPellet,Right,2,10,2,2,nan,nan,1.03
7/14/2025 17:46:53,1.17.0,Bandit80,11,4.17,nan,20,20,80,RightWithPellet,Right,2,10,2,2,nan,nan,0.55
7/14/2025 17:46:59,1.17.0,Bandit80,11,4.17,nan,20,20,80,RightWithPellet,Right,2,10,2,2,nan,nan,0.37
7/14/2025 17:47:02,1.17.0,Bandit80,11,4.17,nan,20,20,80,RightWithPellet,Right,2,10,2,2,nan,nan,0.00
7/14/2025 17:47:05,1.17.0,Bandit80,11,4.16,nan,20,20,80,RightWithPellet,Right,2,10,2,2,nan,nan,0.33
7/14/2025 17:47:09,1.17.0,Bandit80,11,4.17,nan,20,20,80,LeftWithPellet,Right,2,10,2,2,nan,nan,0.10
7/14/2025 17:47:10,1.17.0,Bandit80,11,4.16,nan,20,20,80,LeftWithPellet,Right,2,10,2,2,nan,nan,0.12
7/14/2025 17:47:14,1.17.0,Bandit80,11,4.17,nan,20,20,80,LeftWithPellet,Right,2,10,2,2,nan,nan,0.07
7/14/2025 17:47:41,1.17.0,Bandit80,11,4.17,nan,20,20,80,LeftWithPellet,Right,2,10,2,2,nan,nan,0.18
7/14/2025 17:47:44,1.17.0,Bandit80,11,4.16,nan,20,20,80,LeftWithPellet,Right,2,10,2,2,nan,nan,0.54
7/14/2025 17:47:46,1.17.0,Bandit80,11,4.17,nan,20,20,80,LeftWithPellet,Right,2,10,2,2,nan,nan,0.44
7/14/2025 17:47:48,1.17.0,Bandit80,11,4.17,nan,20,20,80,RightWithPellet,Right,2,10,2,2,nan,nan,0.04
7/14/2025 17:47:59,1.17.0,Bandit80,11,4.17,nan,20,20,80,LeftWithPellet,Right,2,10,2,2,nan,nan,0.33
7/14/2025 17:48:03,1.17.0,Bandit80,11,4.17,nan,20,20,80,RightWithPellet,Right,2,10,2,2,nan,nan,0.04
7/14/2025 17:48:06,1.17.0,Bandit80,11,4.16,nan,20,20,80,LeftWithPellet,Right,2,10,2,2,nan,nan,0.28
7/14/2025 17:48:08,1.17.0,Bandit80,11,4.16,nan,20,20,80,LeftWithPellet,Right,2,10,2,2,nan,nan,0.02
7/14/2025 17:48:20,1.17.0,Bandit80,11,4.17,nan,20,20,80,LeftWithPellet,Right,2,10,2,2,nan,nan,0.37
7/14/2025 17:48:44,1.17.0,Bandit80,11,4.16,nan,20,20,80,LeftWithPellet,Right,2,10,2,2,nan,nan,0.13
7/14/2025 17:49:07,1.17.0,Bandit80,11,4.16,nan,20,20,80,LeftWithPellet,Right,2,10,2,2,nan,nan,0.21
7/14/2025 17:49:09,1.17.0,Bandit80,11,4.17,nan,20,20,80,LeftWithPellet,Right,2,10,2,2,nan,nan,0.48
7/14/2025 17:49:11,1.17.0,Bandit80,11,4.17,nan,20,20,80,RightWithPellet,Right,2,10,2,2,nan,nan,0.25
7/14/2025 17:49:13,1.17.0,Bandit80,11,4.17,nan,20,20,80,RightWithPellet,Right,2,10,2,2,nan,nan,0.11
7/14/2025 17:49:18,1.17.0,Bandit80,11,4.17,nan,20,20,80,RightWithPellet,Right,2,10,2,2,nan,nan,0.08
7/14/2025 17:49:24,1.17.0,Bandit80,11,4.16,nan,20,20,80,RightWithPellet,Right,2,10,2,2,nan,nan,0.19
7/14/2025 17:50:39,1.17.0,Bandit80,11,4.16,nan,20,20,80,RightWithPellet,Right,2,10,2,2,nan,nan,0.05
7/14/2025 17:51:36,1.17.0,Bandit80,11,4.16,nan,20,20,80,LeftWithPellet,Right,2,10,2,2,nan,nan,0.12
7/14/2025 17:51:38,1.17.0,Bandit80,11,4.16,nan,20,20,80,RightWithPellet,Right,2,10,2,2,nan,nan,0.03
7/14/2025 18:01:43,1.17.0,Bandit80,11,4.17,nan,20,20,80,RightWithPellet,Right,2,10,2,2,nan,nan,0.08
7/14/2025 18:15:16,1.17.0,Bandit80,11,4.16,nan,20,20,80,RightWithPellet,Right,2,10,2,2,nan,nan,0.43
7/14/2025 18:27:38,1.17.0,Bandit80,11,4.16,nan,20,20,80,LeftWithPellet,Right,2,10,2,2,nan,nan,0.24
7/14/2025 18:28:14,1.17.0,Bandit80,11,4.16,nan,20,20,80,LeftWithPellet,Right,2,10,2,2,nan,nan,0.02
7/14/2025 18:54:52,1.17.0,Bandit80,11,4.16,nan,20,20,80,LeftWithPellet,Right,2,10,2,2,nan,nan,0.05
7/14/2025 18:55:38,1.17.0,Bandit80,11,4.16,nan,20,20,80,RightWithPellet,Right,2,10,2,2,nan,nan,0.21
7/14/2025 19:01:23,1.17.0,Bandit80,11,4.16,nan,20,20,80,RightWithPellet,Right,2,10,2,2,nan,nan,0.26
7/14/2025 19:01:25,1.17.0,Bandit80,11,4.16,nan,20,20,80,RightWithPellet,Right,2,10,2,2,nan,nan,0.11
7/14/2025 19:45:27,1.17.0,Bandit80,11,4.16,nan,20,20,80,RightWithPellet,Right,2,10,2,2,nan,nan,0.26
7/14/2025 19:59:26,1.17.0,Bandit80,11,4.16,nan,20,20,80,RightWithPellet,Right,2,10,2,2,nan,nan,0.14
7/14/2025 20:43:04,1.17.0,Bandit80,11,4.16,nan,20,20,80,LeftWithPellet,Right,2,10,2,2,nan,nan,0.07
7/14/2025 20:43:52,1.17.0,Bandit80,11,4.16,nan,20,20,80,RightWithPellet,Right,2,10,2,2,nan,nan,0.46
7/14/2025 22:30:55,1.17.0,Bandit80,11,4.15,nan,20,20,80,RightWithPellet,Right,2,10,2,2,nan,nan,0.05
7/15/2025 5:59:26,1.17.0,Bandit80,11,4.12,nan,20,20,80,RightWithPellet,Right,2,10,2,2,nan,nan,0.14
7/15/2025 6:06:59,1.17.0,Bandit80,11,4.12,nan,20,20,80,RightWithPellet,Right,2,10,2,2,nan,nan,0.09
7/15/2025 6:13:51,1.17.0,Bandit80,11,4.13,nan,20,20,80,RightWithPellet,Right,2,10,2,2,nan,nan,0.44
7/15/2025 13:46:02,1.17.0,Bandit80,11,4.11,nan,20,20,80,LeftWithPellet,Right,2,10,2,2,nan,nan,0.56
7/15/2025 13:46:39,1.17.0,Bandit80,11,4.11,nan,20,20,80,RightWithPellet,Right,2,10,2,2,nan,nan,0.05
7/15/2025 13:46:39,1.17.0,Bandit80,11,4.11,nan,20,20,80,RightWithPellet,Right,2,10,2,2,nan,nan,0.01
7/15/2025 13:47:05,1.17.0,Bandit80,11,4.11,nan,20,20,80,LeftWithPellet,Right,2,10,2,2,nan,nan,0.02
7/15/2025 13:47:08,1.17.0,Bandit80,11,4.11,nan,20,20,80,LeftWithPellet,Right,2,10,2,2,nan,nan,0.13
7/15/2025 13:47:20,1.17.0,Bandit80,11,4.11,nan,20,20,80,LeftWithPellet,Right,2,10,2,2,nan,nan,0.04
7/15/2025 13:47:31,1.17.0,Bandit80,11,4.11,nan,20,20,80,RightWithPellet,Right,2,10,2,2,nan,nan,0.06
7/15/2025 13:47:38,1.17.0,Bandit80,11,4.11,nan,20,20,80,RightWithPellet,Right,2,10,2,2,nan,nan,0.23
7/15/2025 13:47:54,1.17.0,Bandit80,11,4.11,nan,20,20,80,LeftWithPellet,Right,2,10,2,2,nan,nan,0.04
7/15/2025 13:47:58,1.17.0,Bandit80,11,4.11,nan,20,20,80,LeftWithPellet,Right,2,10,2,2,nan,nan,0.10
7/15/2025 13:47:59,1.17.0,Bandit80,11,4.11,nan,20,20,80,LeftWithPellet,Right,2,10,2,2,nan,nan,0.04
7/15/2025 13:48:02,1.17.0,Bandit80,11,4.11,nan,20,20,80,LeftWithPellet,Right,2,10,2,2,nan,nan,0.76
7/15/2025 13:48:15,1.17.0,Bandit80,11,4.11,nan,20,20,80,RightWithPellet,Right,2,10,2,2,nan,nan,0.46
7/15/2025 13:52:51,1.17.0,Bandit80,11,4.11,nan,20,20,80,RightWithPellet,Right,2,10,2,2,nan,nan,0.04
7/15/2025 13:56:35,1.17.0,Bandit80,11,4.11,nan,20,20,80,LeftWithPellet,Right,2,10,2,2,nan,nan,0.12
7/15/2025 13:58:54,1.17.0,Bandit80,11,4.11,nan,20,20,80,LeftWithPellet,Right,2,10,2,2,nan,nan,0.19
7/15/2025 14:00:09,1.17.0,Bandit80,11,4.11,nan,20,20,80,RightWithPellet,Right,2,10,2,2,nan,nan,0.29
7/15/2025 15:46:29,1.17.0,Bandit80,11,4.11,nan,20,20,80,LeftWithPellet,Right,2,10,2,2,nan,nan,0.19
7/15/2025 15:51:02,1.17.0,Bandit80,11,4.10,nan,20,20,80,LeftWithPellet,Right,2,10,2,2,nan,nan,0.40
7/15/2025 15:53:19,1.17.0,Bandit80,11,4.11,nan,20,20,80,RightWithPellet,Right,2,10,2,2,nan,nan,0.29
7/15/2025 15:53:20,1.17.0,Bandit80,11,4.11,nan,20,20,80,RightWithPellet,Right,2,10,2,2,nan,nan,0.04
7/15/2025 15:53:24,1.17.0,Bandit80,11,4.11,nan,20,20,80,LeftWithPellet,Right,2,10,2,2,nan,nan,0.07
7/15/2025 16:58:56,1.17.0,Bandit80,11,4.10,nan,20,20,80,RightWithPellet,Right,2,10,2,2,nan,nan,0.05
7/15/2025 16:59:54,1.17.0,Bandit80,11,4.11,nan,20,20,80,LeftWithPellet,Right,2,10,2,2,nan,nan,0.20
7/15/2025 17:08:06,1.17.0,Bandit80,11,4.11,nan,20,20,80,RightWithPellet,Right,2,10,2,2,nan,nan,0.27
7/15/2025 17:11:03,1.17.0,Bandit80,11,4.11,nan,20,20,80,LeftWithPellet,Right,2,10,2,2,nan,nan,0.06
7/15/2025 17:11:14,1.17.0,Bandit80,11,4.11,nan,20,20,80,LeftWithPellet,Right,2,10,2,2,nan,nan,0.47
7/15/2025 17:11:15,1.17.0,Bandit80,11,4.10,nan,20,20,80,LeftWithPellet,Right,2,10,2,2,nan,nan,0.53
7/15/2025 17:11:41,1.17.0,Bandit80,11,4.10,nan,20,20,80,LeftWithPellet,Right,2,10,2,2,nan,nan,0.59
7/15/2025 17:12:22,1.17.0,Bandit80,11,4.10,nan,20,20,80,LeftWithPellet,Right,2,10,2,2,nan,nan,0.26
7/15/2025 17:13:07,1.17.0,Bandit80,11,4.10,nan,20,20,80,LeftWithPellet,Right,2,10,2,2,nan,nan,0.41
7/15/2025 17:13:13,1.17.0,Bandit80,11,4.11,nan,20,20,80,LeftWithPellet,Right,2,10,2,2,nan,nan,0.56
7/15/2025 17:13:18,1.17.0,Bandit80,11,4.10,nan,20,20,80,RightWithPellet,Right,2,10,2,2,nan,nan,0.45
7/15/2025 17:14:49,1.17.0,Bandit80,11,4.10,nan,20,20,80,LeftWithPellet,Right,2,10,2,2,nan,nan,0.01
7/15/2025 17:31:23,1.17.0,Bandit80,11,4.10,nan,20,20,80,RightWithPellet,Right,2,10,2,2,nan,nan,0.35
7/15/2025 17:31:29,1.17.0,Bandit80,11,4.10,nan,20,20,80,LeftWithPellet,Right,2,10,2,2,nan,nan,0.15
7/15/2025 17:32:40,1.17.0,Bandit80,11,4.10,nan,20,20,80,LeftWithPellet,Right,2,10,2,2,nan,nan,0.16
7/15/2025 17:44:31,1.17.0,Bandit80,11,4.10,nan,20,20,80,LeftWithPellet,Right,2,10,2,2,nan,nan,0.08
7/15/2025 17:44:38,1.17.0,Bandit80,11,4.10,nan,20,20,80,LeftWithPellet,Right,2,10,2,2,nan,nan,0.45
7/15/2025 18:11:22,1.17.0,Bandit80,11,4.11,nan,20,20,80,LeftWithPellet,Right,2,10,2,2,nan,nan,0.16
7/15/2025 18:12:41,1.17.0,Bandit80,11,4.10,nan,20,20,80,LeftWithPellet,Right,2,10,2,2,nan,nan,0.47
7/15/2025 18:12:43,1.17.0,Bandit80,11,4.10,nan,20,20,80,RightWithPellet,Right,2,10,2,2,nan,nan,0.02
7/15/2025 18:19:13,1.17.0,Bandit80,11,4.10,nan,20,20,80,LeftWithPellet,Right,2,10,2,2,nan,nan,0.20
7/15/2025 18:20:11,1.17.0,Bandit80,11,4.10,nan,20,20,80,LeftWithPellet,Right,2,10,2,2,nan,nan,0.08
7/15/2025 18:20:46,1.17.0,Bandit80,11,4.10,nan,20,20,80,LeftWithPellet,Right,2,10,2,2,nan,nan,0.20
7/15/2025 18:24:05,1.17.0,Bandit80,11,4.10,nan,20,20,80,LeftWithPellet,Right,2,10,2,2,nan,nan,0.09
7/15/2025 18:24:37,1.17.0,Bandit80,11,4.11,nan,20,20,80,LeftWithPellet,Right,2,10,2,2,nan,nan,0.05
7/15/2025 18:27:07,1.17.0,Bandit80,11,4.10,nan,20,20,80,LeftWithPellet,Right,2,10,2,2,nan,nan,0.02
7/15/2025 18:27:44,1.17.0,Bandit80,11,4.10,nan,20,20,80,RightWithPellet,Right,2,10,2,2,nan,nan,0.24
7/15/2025 18:27:46,1.17.0,Bandit80,11,4.10,nan,20,20,80,LeftWithPellet,Right,2,10,2,2,nan,nan,0.21
7/15/2025 18:27:50,1.17.0,Bandit80,11,4.09,nan,20,20,80,LeftWithPellet,Right,2,10,2,2,nan,nan,0.09
7/15/2025 18:27:55,1.17.0,Bandit80,11,4.10,nan,20,20,80,LeftWithPellet,Right,2,10,2,2,nan,nan,0.04
7/15/2025 18:27:56,1.17.0,Bandit80,11,4.10,nan,20,20,80,LeftWithPellet,Right,2,10,2,2,nan,nan,0.17
7/15/2025 18:27:57,1.17.0,Bandit80,11,4.10,nan,20,20,80,LeftWithPellet,Right,2,10,2,2,nan,nan,0.24
7/15/2025 18:28:00,1.17.0,Bandit80,11,4.10,nan,20,20,80,LeftWithPellet,Right,2,10,2,2,nan,nan,0.05
7/15/2025 18:28:03,1.17.0,Bandit80,11,4.10,nan,20,20,80,RightWithPellet,Right,2,10,2,2,nan,nan,0.07
7/15/2025 18:29:23,1.17.0,Bandit80,11,4.11,nan,20,20,80,RightWithPellet,Right,2,10,2,2,nan,nan,0.07
7/15/2025 18:30:05,1.17.0,Bandit80,11,4.10,nan,20,20,80,RightWithPellet,Right,2,10,2,2,nan,nan,0.13
7/15/2025 18:30:09,1.17.0,Bandit80,11,4.11,nan,20,20,80,LeftWithPellet,Right,2,10,2,2,nan,nan,0.11
7/15/2025 18:41:26,1.17.0,Bandit80,11,4.10,nan,20,20,80,LeftWithPellet,Right,2,10,2,2,nan,nan,0.16
7/15/2025 18:47:30,1.17.0,Bandit80,11,4.10,nan,20,20,80,LeftWithPellet,Right,2,10,2,2,nan,nan,0.27
7/15/2025 18:47:48,1.17.0,Bandit80,11,4.10,nan,20,20,80,RightWithPellet,Right,2,10,2,2,nan,nan,0.14
7/15/2025 18:48:08,1.17.0,Bandit80,11,4.10,nan,20,20,80,RightWithPellet,Right,2,10,2,2,nan,nan,0.22
7/15/2025 18:48:11,1.17.0,Bandit80,11,4.10,nan,20,20,80,RightWithPellet,Right,2,10,2,2,nan,nan,0.02
7/15/2025 18:48:11,1.17.0,Bandit80,11,4.09,nan,20,20,80,RightWithPellet,Right,2,10,2,2,nan,nan,0.08
7/15/2025 18:48:31,1.17.0,Bandit80,11,4.10,nan,20,20,80,RightWithPellet,Right,2,10,2,2,nan,nan,0.06
7/15/2025 18:50:27,1.17.0,Bandit80,11,4.09,nan,20,20,80,RightWithPellet,Right,2,10,2,2,nan,nan,0.00
7/15/2025 18:51:10,1.17.0,Bandit80,11,4.10,nan,20,20,80,LeftWithPellet,Right,2,10,2,2,nan,nan,0.22
7/15/2025 18:52:31,1.17.0,Bandit80,11,4.10,nan,20,20,80,RightWithPellet,Right,2,10,2,2,nan,nan,0.26
7/15/2025 18:52:36,1.17.0,Bandit80,11,4.10,nan,20,20,80,RightWithPellet,Right,2,10,2,2,nan,nan,0.10
7/15/2025 18:53:45,1.17.0,Bandit80,11,4.10,nan,20,20,80,RightWithPellet,Right,2,10,2,2,nan,nan,0.01
7/15/2025 19:06:40,1.17.0,Bandit80,11,4.10,nan,20,20,80,RightWithPellet,Right,2,10,2,2,nan,nan,0.10
7/15/2025 19:10:49,1.17.0,Bandit80,11,4.10,nan,20,20,80,RightWithPellet,Right,2,10,2,2,nan,nan,0.03
7/15/2025 19:11:50,1.17.0,Bandit80,11,4.10,nan,20,20,80,RightWithPellet,Right,2,10,2,2,nan,nan,0.04
7/15/2025 19:15:52,1.17.0,Bandit80,11,4.09,nan,20,20,80,RightWithPellet,Right,2,10,2,2,nan,nan,0.03
7/15/2025 19:28:33,1.17.0,Bandit80,11,4.10,nan,20,20,80,RightWithPellet,Right,2,10,2,2,nan,nan,0.15
7/15/2025 19:36:22,1.17.0,Bandit80,11,4.10,nan,20,20,80,RightWithPellet,Right,2,10,2,2,nan,nan,0.04
7/15/2025 19:46:26,1.17.0,Bandit80,11,4.10,nan,20,20,80,RightWithPellet,Right,2,10,2,2,nan,nan,0.05
7/15/2025 19:46:49,1.17.0,Bandit80,11,4.09,nan,20,20,80,LeftWithPellet,Right,2,10,2,2,nan,nan,0.21
7/15/2025 19:46:51,1.17.0,Bandit80,11,4.09,nan,20,20,80,LeftWithPellet,Right,2,10,2,2,nan,nan,0.30
7/15/2025 19:46:52,1.17.0,Bandit80,11,4.09,nan,20,20,80,LeftWithPellet,Right,2,10,2,2,nan,nan,0.26
7/15/2025 19:46:56,1.17.0,Bandit80,11,4.09,nan,20,20,80,RightWithPellet,Right,2,10,2,2,nan,nan,0.33
7/15/2025 20:03:34,1.17.0,Bandit80,11,4.09,nan,20,20,80,RightWithPellet,Right,2,10,2,2,nan,nan,0.21
7/15/2025 20:03:35,1.17.0,Bandit80,11,4.10,nan,20,20,80,RightWithPellet,Right,2,10,2,2,nan,nan,0.05
7/15/2025 20:21:00,1.17.0,Bandit80,11,4.09,nan,20,20,80,LeftWithPellet,Right,2,10,2,2,nan,nan,0.13
7/15/2025 20:35:12,1.17.0,Bandit80,11,4.09,nan,20,20,80,LeftWithPellet,Right,2,10,2,2,nan,nan,0.19
7/15/2025 20:43:10,1.17.0,Bandit80,11,4.09,nan,20,20,80,LeftWithPellet,Right,2,10,2,2,nan,nan,0.01
7/15/2025 20:45:37,1.17.0,Bandit80,11,4.09,nan,20,20,80,LeftWithPellet,Right,2,10,2,2,nan,nan,0.28
7/15/2025 20:46:14,1.17.0,Bandit80,11,4.09,nan,20,20,80,LeftWithPellet,Right,2,10,2,2,nan,nan,0.01
7/15/2025 20:47:42,1.17.0,Bandit80,11,4.09,nan,20,20,80,RightWithPellet,Right,2,10,2,2,nan,nan,0.05
7/15/2025 21:19:07,1.17.0,Bandit80,11,4.09,nan,20,20,80,LeftWithPellet,Right,2,10,2,2,nan,nan,0.05
7/15/2025 21:38:15,1.17.0,Bandit80,11,4.09,nan,20,20,80,RightWithPellet,Right,2,10,2,2,nan,nan,0.17
7/15/2025 21:40:23,1.17.0,Bandit80,11,4.09,nan,20,20,80,LeftWithPellet,Right,2,10,2,2,nan,nan,0.15
7/15/2025 21:41:39,1.17.0,Bandit80,11,4.09,nan,20,20,80,RightWithPellet,Right,2,10,2,2,nan,nan,0.30
7/15/2025 23:19:06,1.17.0,Bandit80,11,4.09,nan,20,20,80,LeftWithPellet,Right,2,10,2,2,nan,nan,0.02
7/15/2025 23:19:12,1.17.0,Bandit80,11,4.08,nan,20,20,80,LeftWithPellet,Right,2,10,2,2,nan,nan,0.12
7/15/2025 23:19:58,1.17.0,Bandit80,11,4.09,nan,20,20,80,RightWithPellet,Right,2,10,2,2,nan,nan,0.10
7/15/2025 23:20:03,1.17.0,Bandit80,11,4.09,nan,20,20,80,RightWithPellet,Right,2,10,2,2,nan,nan,0.13
7/15/2025 23:20:15,1.17.0,Bandit80,11,4.09,nan,20,20,80,LeftWithPellet,Right,2,10,2,2,nan,nan,0.01
7/15/2025 23:20:19,1.17.0,Bandit80,11,4.08,nan,20,20,80,RightWithPellet,Right,2,10,2,2,nan,nan,0.14
7/15/2025 23:25:11,1.17.0,Bandit80,11,4.09,nan,20,20,80,RightWithPellet,Right,2,10,2,2,nan,nan,0.00
7/15/2025 23:25:44,1.17.0,Bandit80,11,4.09,nan,20,20,80,RightWithPellet,Right,2,10,2,2,nan,nan,0.03
7/15/2025 23:38:22,1.17.0,Bandit80,11,4.09,nan,20,20,80,LeftWithPellet,Right,2,10,2,2,nan,nan,0.05
7/15/2025 23:38:23,1.17.0,Bandit80,11,4.09,nan,20,20,80,LeftWithPellet,Right,2,10,2,2,nan,nan,0.08
7/16/2025 0:28:35,1.17.0,Bandit80,11,4.09,nan,20,20,80,LeftWithPellet,Right,2,10,2,2,nan,nan,0.30
7/16/2025 0:49:04,1.17.0,Bandit80,11,4.09,nan,20,20,80,LeftWithPellet,Right,2,10,2,2,nan,nan,0.16
7/16/2025 1:05:03,1.17.0,Bandit80,11,4.09,nan,20,20,80,LeftWithPellet,Right,2,10,2,2,nan,nan,0.10
7/16/2025 1:05:10,1.17.0,Bandit80,11,4.09,nan,20,20,80,LeftWithPellet,Right,2,10,2,2,nan,nan,5.91
7/16/2025 1:05:11,1.17.0,Bandit80,11,4.09,nan,20,20,80,LeftWithPellet,Right,2,10,2,2,nan,nan,0.46
7/16/2025 1:05:48,1.17.0,Bandit80,11,4.09,nan,20,20,80,LeftWithPellet,Right,2,10,2,2,nan,nan,0.03
7/16/2025 1:05:58,1.17.0,Bandit80,11,4.09,nan,20,20,80,LeftWithPellet,Right,2,10,2,2,nan,nan,6.59
7/16/2025 1:11:55,1.17.0,Bandit80,11,4.09,nan,20,20,80,LeftWithPellet,Right,2,10,2,2,nan,nan,0.02
7/16/2025 1:12:20,1.17.0,Bandit80,11,4.09,nan,20,20,80,LeftWithPellet,Right,2,10,2,2,nan,nan,0.28
7/16/2025 1:12:23,1.17.0,Bandit80,11,4.09,nan,20,20,80,LeftWithPellet,Right,2,10,2,2,nan,nan,0.07
7/16/2025 1:13:36,1.17.0,Bandit80,11,4.09,nan,20,20,80,LeftWithPellet,Right,2,10,2,2,nan,nan,0.15
7/16/2025 1:13:37,1.17.0,Bandit80,11,4.08,nan,20,20,80,LeftWithPellet,Right,2,10,2,2,nan,nan,0.09
7/16/2025 1:14:03,1.17.0,Bandit80,11,4.09,nan,20,20,80,LeftWithPellet,Right,2,10,2,2,nan,nan,0.06
7/16/2025 1:14:03,1.17.0,Bandit80,11,4.09,nan,20,20,80,LeftWithPellet,Right,2,10,2,2,nan,nan,0.10
7/16/2025 1:16:08,1.17.0,Bandit80,11,4.08,nan,20,20,80,LeftWithPellet,Right,2,10,2,2,nan,nan,0.15
7/16/2025 1:24:49,1.17.0,Bandit80,11,4.09,nan,20,20,80,LeftWithPellet,Right,2,10,2,2,nan,nan,0.06
7/16/2025 1:24:55,1.17.0,Bandit80,11,4.09,nan,20,20,80,LeftWithPellet,Right,2,10,2,2,nan,nan,5.99
7/16/2025 1:25:00,1.17.0,Bandit80,11,4.08,nan,20,20,80,LeftWithPellet,Right,2,10,2,2,nan,nan,0.11
7/16/2025 1:25:03,1.17.0,Bandit80,11,4.09,nan,20,20,80,LeftWithPellet,Right,2,10,2,2,nan,nan,0.02
7/16/2025 1:26:26,1.17.0,Bandit80,11,4.09,nan,20,20,80,LeftWithPellet,Right,2,10,2,2,nan,nan,0.02
7/16/2025 1:33:33,1.17.0,Bandit80,11,4.08,nan,20,20,80,LeftWithPellet,Right,2,10,2,2,nan,nan,0.11
7/16/2025 1:38:50,1.17.0,Bandit80,11,4.09,nan,20,20,80,RightWithPellet,Right,2,10,2,2,nan,nan,0.15
7/16/2025 1:54:09,1.17.0,Bandit80,11,4.09,nan,20,20,80,RightWithPellet,Right,2,10,2,2,nan,nan,0.06
7/16/2025 1:54:16,1.17.0,Bandit80,11,4.08,nan,20,20,80,RightWithPellet,Right,2,10,2,2,nan,nan,0.04
7/16/2025 2:01:09,1.17.0,Bandit80,11,4.08,nan,20,20,80,LeftWithPellet,Right,2,10,2,2,nan,nan,0.06
7/16/2025 2:09:44,1.17.0,Bandit80,11,4.09,nan,20,20,80,LeftWithPellet,Right,2,10,2,2,nan,nan,0.10
7/16/2025 2:12:07,1.17.0,Bandit80,11,4.08,nan,20,20,80,LeftWithPellet,Right,2,10,2,2,nan,nan,0.10
7/16/2025 2:16:02,1.17.0,Bandit80,11,4.08,nan,20,20,80,LeftWithPellet,Right,2,10,2,2,nan,nan,0.08
7/16/2025 2:16:04,1.17.0,Bandit80,11,4.08,nan,20,20,80,LeftWithPellet,Right,2,10,2,2,nan,nan,0.09
7/16/2025 2:28:41,1.17.0,Bandit80,11,4.09,nan,20,20,80,LeftWithPellet,Right,2,10,2,2,nan,nan,0.06
7/16/2025 2:29:01,1.17.0,Bandit80,11,4.08,nan,20,20,80,LeftWithPellet,Right,2,10,2,2,nan,nan,0.04
7/16/2025 2:34:48,1.17.0,Bandit80,11,4.08,nan,20,20,80,LeftWithPellet,Right,2,10,2,2,nan,nan,0.10
7/16/2025 2:37:20,1.17.0,Bandit80,11,4.07,nan,20,20,80,RightWithPellet,Right,2,10,2,2,nan,nan,0.09
7/16/2025 2:37:26,1.17.0,Bandit80,11,4.08,nan,20,20,80,RightWithPellet,Right,2,10,2,2,nan,nan,0.26
7/16/2025 2:37:34,1.17.0,Bandit80,11,4.08,nan,20,20,80,LeftWithPellet,Right,2,10,2,2,nan,nan,0.09
7/16/2025 2:37:55,1.17.0,Bandit80,11,4.09,nan,20,20,80,LeftWithPellet,Right,2,10,2,2,nan,nan,0.01
7/16/2025 2:37:56,1.17.0,Bandit80,11,4.08,nan,20,20,80,RightWithPellet,Right,2,10,2,2,nan,nan,0.08
7/16/2025 2:38:48,1.17.0,Bandit80,11,4.08,nan,20,20,80,LeftWithPellet,Right,2,10,2,2,nan,nan,0.33
7/16/2025 2:39:21,1.17.0,Bandit80,11,4.08,nan,20,20,80,RightWithPellet,Right,2,10,2,2,nan,nan,0.20
7/16/2025 2:39:24,1.17.0,Bandit80,11,4.08,nan,20,20,80,RightWithPellet,Right,2,10,2,2,nan,nan,0.14
7/16/2025 2:39:25,1.17.0,Bandit80,11,4.08,nan,20,20,80,RightWithPellet,Right,2,10,2,2,nan,nan,0.06
7/16/2025 2:39:29,1.17.0,Bandit80,11,4.08,nan,20,20,80,RightWithPellet,Right,2,10,2,2,nan,nan,0.62
7/16/2025 2:40:15,1.17.0,Bandit80,11,4.08,nan,20,20,80,LeftWithPellet,Right,2,10,2,2,nan,nan,0.17
7/16/2025 7:25:38,1.17.0,Bandit80,11,4.07,nan,20,20,80,LeftWithPellet,Right,2,10,2,2,nan,nan,0.65
7/16/2025 7:37:22,1.17.0,Bandit80,11,4.07,nan,20,20,80,RightWithPellet,Right,2,10,2,2,nan,nan,0.18
7/16/2025 11:18:06,1.17.0,Bandit80,11,4.07,nan,20,20,80,RightWithPellet,Right,2,10,2,2,nan,nan,0.95
7/16/2025 11:28:33,1.17.0,Bandit80,11,4.07,nan,20,20,80,LeftWithPellet,Right,2,10,2,2,nan,nan,0.29
7/16/2025 13:05:14,1.17.0,Bandit80,11,4.06,nan,20,20,80,RightWithPellet,Right,2,10,2,2,nan,nan,0.40
7/16/2025 13:05:18,1.17.0,Bandit80,11,4.07,nan,20,20,80,LeftWithPellet,Right,2,10,2,2,nan,nan,0.49
7/16/2025 13:05:43,1.17.0,Bandit80,11,4.06,1,20,20,80,Pellet,Right,2,10,3,2,Timed_out,156041,nan
7/16/2025 13:05:53,1.17.0,Bandit80,11,4.07,nan,20,20,80,Right,Right,2,11,3,3,nan,nan,0.56
