MM:DD:YYYY hh:mm:ss,Library_Version,Session_type,Device_Number,Battery_Voltage,Motor_Turns,PelletsToSwitch,Prob_left,Prob_right,Event,High_prob_poke,Left_Poke_Count,Right_Poke_Count,Pellet_Count,Block_Pellet_Count,Retrieval_Time,InterPelletInterval,Poke_Time
7/14/2025 12:18:30,1.17.0,Bandit80,9,4.19,nan,20,20,80,Right,Right,0,1,0,0,nan,nan,0.63
7/14/2025 12:20:39,1.17.0,Bandit80,9,4.19,nan,20,20,80,RightWithPellet,Right,0,1,0,0,nan,nan,0.28
7/14/2025 12:20:41,1.17.0,Bandit80,9,4.19,4,20,20,80,Pellet,Right,0,1,1,0,Timed_out,nan,nan
7/14/2025 12:21:31,1.17.0,Bandit80,9,4.18,nan,20,20,80,Left,Right,1,1,1,1,nan,nan,0.07
7/14/2025 12:21:37,1.17.0,Bandit80,9,4.19,nan,20,20,80,LeftinTimeOut,Right,1,1,1,1,nan,nan,nan
7/14/2025 12:21:47,1.17.0,Bandit80,9,4.18,nan,20,20,80,RightinTimeout,Right,1,1,1,1,nan,nan,0.00
7/14/2025 12:21:49,1.17.0,Bandit80,9,4.19,nan,20,20,80,RightinTimeout,Right,1,1,1,1,nan,nan,0.00
7/14/2025 12:22:12,1.17.0,Bandit80,9,4.18,nan,20,20,80,Right,Right,1,2,1,1,nan,nan,0.13
7/14/2025 12:22:15,1.17.0,Bandit80,9,4.18,nan,20,20,80,RightinTimeout,Right,1,2,1,1,nan,nan,0.00
7/14/2025 12:22:15,1.17.0,Bandit80,9,4.18,nan,20,20,80,RightinTimeout,Right,1,2,1,1,nan,nan,0.00
7/14/2025 12:22:17,1.17.0,Bandit80,9,4.19,nan,20,20,80,RightinTimeout,Right,1,2,1,1,nan,nan,0.00
7/14/2025 12:22:53,1.17.0,Bandit80,9,4.18,nan,20,20,80,Left,Right,2,2,1,1,nan,nan,0.04
7/14/2025 12:22:53,1.17.0,Bandit80,9,4.18,nan,20,20,80,LeftinTimeOut,Right,2,2,1,1,nan,nan,nan
7/14/2025 12:22:53,1.17.0,Bandit80,9,4.18,nan,20,20,80,LeftinTimeOut,Right,2,2,1,1,nan,nan,nan
7/14/2025 12:22:54,1.17.0,Bandit80,9,4.19,nan,20,20,80,LeftinTimeOut,Right,2,2,1,1,nan,nan,nan
7/14/2025 12:23:26,1.17.0,Bandit80,9,4.19,nan,20,20,80,Left,Right,3,2,1,1,nan,nan,0.27
7/14/2025 12:23:44,1.17.0,Bandit80,9,4.18,nan,20,20,80,Right,Right,3,3,1,1,nan,nan,0.20
7/14/2025 12:23:48,1.17.0,Bandit80,9,4.18,2,20,20,80,Pellet,Right,3,3,2,1,1.07,187,nan
7/14/2025 12:24:03,1.17.0,Bandit80,9,4.18,nan,20,20,80,Right,Right,3,4,2,2,nan,nan,0.04
7/14/2025 12:24:04,1.17.0,Bandit80,9,4.19,1,20,20,80,Pellet,Right,3,4,3,2,0.82,16,nan
7/14/2025 12:24:18,1.17.0,Bandit80,9,4.19,nan,20,20,80,Left,Right,4,4,3,3,nan,nan,0.01
7/14/2025 12:24:20,1.17.0,Bandit80,9,4.18,nan,20,20,80,LeftinTimeOut,Right,4,4,3,3,nan,nan,nan
7/14/2025 12:24:22,1.17.0,Bandit80,9,4.18,nan,20,20,80,LeftinTimeOut,Right,4,4,3,3,nan,nan,nan
7/14/2025 12:24:22,1.17.0,Bandit80,9,4.18,nan,20,20,80,LeftinTimeOut,Right,4,4,3,3,nan,nan,nan
7/14/2025 12:24:22,1.17.0,Bandit80,9,4.19,nan,20,20,80,LeftinTimeOut,Right,4,4,3,3,nan,nan,nan
7/14/2025 12:24:22,1.17.0,Bandit80,9,4.19,nan,20,20,80,LeftinTimeOut,Right,4,4,3,3,nan,nan,nan
7/14/2025 12:24:25,1.17.0,Bandit80,9,4.18,nan,20,20,80,RightinTimeout,Right,4,4,3,3,nan,nan,0.00
7/14/2025 12:24:27,1.17.0,Bandit80,9,4.18,nan,20,20,80,LeftinTimeOut,Right,4,4,3,3,nan,nan,nan
7/14/2025 12:24:28,1.17.0,Bandit80,9,4.19,nan,20,20,80,LeftinTimeOut,Right,4,4,3,3,nan,nan,nan
7/14/2025 12:24:28,1.17.0,Bandit80,9,4.18,nan,20,20,80,LeftinTimeOut,Right,4,4,3,3,nan,nan,nan
7/14/2025 12:24:31,1.17.0,Bandit80,9,4.18,nan,20,20,80,LeftinTimeOut,Right,4,4,3,3,nan,nan,nan
7/14/2025 12:24:31,1.17.0,Bandit80,9,4.19,nan,20,20,80,LeftinTimeOut,Right,4,4,3,3,nan,nan,nan
7/14/2025 12:24:31,1.17.0,Bandit80,9,4.18,nan,20,20,80,LeftinTimeOut,Right,4,4,3,3,nan,nan,nan
7/14/2025 12:24:33,1.17.0,Bandit80,9,4.18,nan,20,20,80,LeftinTimeOut,Right,4,4,3,3,nan,nan,nan
7/14/2025 12:24:35,1.17.0,Bandit80,9,4.18,nan,20,20,80,LeftinTimeOut,Right,4,4,3,3,nan,nan,nan
7/14/2025 12:24:51,1.17.0,Bandit80,9,4.18,nan,20,20,80,Left,Right,5,4,3,3,nan,nan,0.08
7/14/2025 12:24:54,1.17.0,Bandit80,9,4.19,nan,20,20,80,RightinTimeout,Right,5,4,3,3,nan,nan,0.00
7/14/2025 12:24:56,1.17.0,Bandit80,9,4.18,nan,20,20,80,RightinTimeout,Right,5,4,3,3,nan,nan,0.00
7/14/2025 12:24:59,1.17.0,Bandit80,9,4.19,nan,20,20,80,LeftinTimeOut,Right,5,4,3,3,nan,nan,nan
7/14/2025 12:25:05,1.17.0,Bandit80,9,4.18,nan,20,20,80,LeftinTimeOut,Right,5,4,3,3,nan,nan,nan
7/14/2025 12:25:10,1.17.0,Bandit80,9,4.19,nan,20,20,80,LeftinTimeOut,Right,5,4,3,3,nan,nan,nan
7/14/2025 12:25:50,1.17.0,Bandit80,9,4.18,nan,20,20,80,Right,Right,5,5,3,3,nan,nan,0.02
7/14/2025 12:25:51,1.17.0,Bandit80,9,4.18,nan,20,20,80,RightDuringDispense,Right,5,5,3,3,nan,nan,0.39
7/14/2025 12:25:56,1.17.0,Bandit80,9,4.18,2,20,20,80,Pellet,Right,5,5,4,3,1.77,111,nan
7/14/2025 12:26:05,1.17.0,Bandit80,9,4.18,nan,20,20,80,Right,Right,5,6,4,4,nan,nan,0.23
7/14/2025 12:26:06,1.17.0,Bandit80,9,4.18,nan,20,20,80,RightDuringDispense,Right,5,6,4,4,nan,nan,0.12
7/14/2025 12:26:11,1.17.0,Bandit80,9,4.18,2,20,20,80,Pellet,Right,5,6,5,4,2.91,16,nan
7/14/2025 12:26:21,1.17.0,Bandit80,9,4.18,nan,20,20,80,Right,Right,5,7,5,5,nan,nan,0.05
7/14/2025 12:26:22,1.17.0,Bandit80,9,4.18,1,20,20,80,Pellet,Right,5,7,6,5,0.44,11,nan
7/14/2025 12:26:34,1.17.0,Bandit80,9,4.18,nan,20,20,80,Right,Right,5,8,6,6,nan,nan,0.10
7/14/2025 12:26:34,1.17.0,Bandit80,9,4.19,nan,20,20,80,RightDuringDispense,Right,5,8,6,6,nan,nan,0.03
7/14/2025 12:26:37,1.17.0,Bandit80,9,4.18,nan,20,20,80,RightDuringDispense,Right,5,8,6,6,nan,nan,0.11
7/14/2025 12:26:38,1.17.0,Bandit80,9,4.18,2,20,20,80,Pellet,Right,5,8,7,6,0.82,16,nan
7/14/2025 12:26:50,1.17.0,Bandit80,9,4.18,nan,20,20,80,Right,Right,5,9,7,7,nan,nan,0.22
7/14/2025 12:26:52,1.17.0,Bandit80,9,4.18,1,20,20,80,Pellet,Right,5,9,8,7,1.32,14,nan
7/14/2025 12:27:08,1.17.0,Bandit80,9,4.18,nan,20,20,80,Left,Right,6,9,8,8,nan,nan,0.09
7/14/2025 12:27:36,1.17.0,Bandit80,9,4.18,nan,20,20,80,Right,Right,6,10,8,8,nan,nan,0.15
7/14/2025 12:27:38,1.17.0,Bandit80,9,4.18,1,20,20,80,Pellet,Right,6,10,9,8,1.13,46,nan
7/14/2025 12:27:50,1.17.0,Bandit80,9,4.18,nan,20,20,80,Left,Right,7,10,9,9,nan,nan,0.06
7/14/2025 12:28:51,1.17.0,Bandit80,9,4.18,nan,20,20,80,Right,Right,7,11,9,9,nan,nan,0.31
7/14/2025 12:28:52,1.17.0,Bandit80,9,4.19,1,20,20,80,Pellet,Right,7,11,10,9,0.63,74,nan
7/14/2025 12:29:08,1.17.0,Bandit80,9,4.18,nan,20,20,80,Right,Right,7,12,10,10,nan,nan,0.33
7/14/2025 12:29:12,1.17.0,Bandit80,9,4.18,nan,20,20,80,LeftinTimeOut,Right,7,12,10,10,nan,nan,nan
7/14/2025 12:29:49,1.17.0,Bandit80,9,4.19,nan,20,20,80,Left,Right,8,12,10,10,nan,nan,0.11
7/14/2025 12:31:00,1.17.0,Bandit80,9,4.18,nan,20,20,80,Right,Right,8,13,10,10,nan,nan,0.13
7/14/2025 12:31:00,1.17.0,Bandit80,9,4.18,nan,20,20,80,RightDuringDispense,Right,8,13,10,10,nan,nan,0.08
7/14/2025 12:31:03,1.17.0,Bandit80,9,4.18,nan,20,20,80,RightDuringDispense,Right,8,13,10,10,nan,nan,0.10
7/14/2025 12:31:25,1.17.0,Bandit80,9,4.18,3,20,20,80,Pellet,Right,8,13,11,10,20.12,153,nan
7/14/2025 12:37:31,1.17.0,Bandit80,9,4.18,nan,20,20,80,Left,Right,9,13,11,11,nan,nan,0.28
7/14/2025 12:37:34,1.17.0,Bandit80,9,4.18,nan,20,20,80,RightinTimeout,Right,9,13,11,11,nan,nan,0.00
7/14/2025 12:38:15,1.17.0,Bandit80,9,4.18,nan,20,20,80,Right,Right,9,14,11,11,nan,nan,0.09
7/14/2025 12:38:16,1.17.0,Bandit80,9,4.18,1,20,20,80,Pellet,Right,9,14,12,11,0.50,411,nan
7/14/2025 12:42:40,1.17.0,Bandit80,9,4.19,nan,20,20,80,Left,Right,10,14,12,12,nan,nan,0.00
7/14/2025 12:42:58,1.17.0,Bandit80,9,4.18,nan,20,20,80,Left,Right,11,14,12,12,nan,nan,0.01
7/14/2025 12:43:00,1.17.0,Bandit80,9,4.18,1,20,20,80,Pellet,Right,11,14,13,12,0.94,284,nan
7/14/2025 12:44:49,1.17.0,Bandit80,9,4.18,nan,20,20,80,Left,Right,12,14,13,13,nan,nan,0.11
7/14/2025 12:45:11,1.17.0,Bandit80,9,4.18,nan,20,20,80,Left,Right,13,14,13,13,nan,nan,0.07
7/14/2025 12:45:13,1.17.0,Bandit80,9,4.18,1,20,20,80,Pellet,Right,13,14,14,13,0.82,133,nan
7/14/2025 12:46:14,1.17.0,Bandit80,9,4.18,nan,20,20,80,Left,Right,14,14,14,14,nan,nan,0.10
7/14/2025 12:46:24,1.17.0,Bandit80,9,4.18,2,20,20,80,Pellet,Right,14,14,15,14,7.41,71,nan
7/14/2025 12:46:46,1.17.0,Bandit80,9,4.18,nan,20,20,80,Left,Right,15,14,15,15,nan,nan,0.11
7/14/2025 12:46:53,1.17.0,Bandit80,9,4.18,nan,20,20,80,LeftinTimeOut,Right,15,14,15,15,nan,nan,nan
7/14/2025 12:50:07,1.17.0,Bandit80,9,4.18,nan,20,20,80,Left,Right,16,14,15,15,nan,nan,0.34
7/14/2025 13:05:23,1.17.0,Bandit80,9,4.18,nan,20,20,80,Left,Right,17,14,15,15,nan,nan,1.33
7/14/2025 13:05:28,1.17.0,Bandit80,9,4.18,nan,20,20,80,LeftinTimeOut,Right,17,14,15,15,nan,nan,nan
7/14/2025 13:05:35,1.17.0,Bandit80,9,4.18,nan,20,20,80,LeftinTimeOut,Right,17,14,15,15,nan,nan,nan
7/14/2025 13:05:58,1.17.0,Bandit80,9,4.18,nan,20,20,80,Left,Right,18,14,15,15,nan,nan,0.05
7/14/2025 13:05:59,1.17.0,Bandit80,9,4.18,nan,20,20,80,LeftinTimeOut,Right,18,14,15,15,nan,nan,nan
7/14/2025 13:06:01,1.17.0,Bandit80,9,4.18,nan,20,20,80,LeftinTimeOut,Right,18,14,15,15,nan,nan,nan
7/14/2025 13:07:23,1.17.0,Bandit80,9,4.19,nan,20,20,80,Left,Right,19,14,15,15,nan,nan,0.31
7/14/2025 13:08:10,1.17.0,Bandit80,9,4.18,nan,20,20,80,Left,Right,20,14,15,15,nan,nan,0.59
7/14/2025 13:10:29,1.17.0,Bandit80,9,4.18,nan,20,20,80,Left,Right,21,14,15,15,nan,nan,0.02
7/14/2025 13:10:33,1.17.0,Bandit80,9,4.18,nan,20,20,80,LeftinTimeOut,Right,21,14,15,15,nan,nan,nan
7/14/2025 13:10:42,1.17.0,Bandit80,9,4.18,nan,20,20,80,LeftinTimeOut,Right,21,14,15,15,nan,nan,nan
7/14/2025 13:10:43,1.17.0,Bandit80,9,4.18,nan,20,20,80,LeftinTimeOut,Right,21,14,15,15,nan,nan,nan
7/14/2025 13:10:43,1.17.0,Bandit80,9,4.18,nan,20,20,80,LeftinTimeOut,Right,21,14,15,15,nan,nan,nan
7/14/2025 13:10:44,1.17.0,Bandit80,9,4.18,nan,20,20,80,LeftinTimeOut,Right,21,14,15,15,nan,nan,nan
7/14/2025 13:10:59,1.17.0,Bandit80,9,4.18,nan,20,20,80,Left,Right,22,14,15,15,nan,nan,0.50
7/14/2025 13:43:06,1.17.0,Bandit80,9,4.18,nan,20,20,80,Left,Right,23,14,15,15,nan,nan,0.33
7/14/2025 13:43:07,1.17.0,Bandit80,9,4.18,nan,20,20,80,LeftinTimeOut,Right,23,14,15,15,nan,nan,nan
7/14/2025 13:54:02,1.17.0,Bandit80,9,4.18,nan,20,20,80,Left,Right,24,14,15,15,nan,nan,0.11
7/14/2025 13:54:08,1.17.0,Bandit80,9,4.18,1,20,20,80,Pellet,Right,24,14,16,15,5.63,4064,nan
7/14/2025 13:54:58,1.17.0,Bandit80,9,4.18,nan,20,20,80,Left,Right,25,14,16,16,nan,nan,0.39
7/14/2025 13:54:59,1.17.0,Bandit80,9,4.18,nan,20,20,80,LeftinTimeOut,Right,25,14,16,16,nan,nan,nan
7/14/2025 13:55:00,1.17.0,Bandit80,9,4.18,nan,20,20,80,LeftinTimeOut,Right,25,14,16,16,nan,nan,nan
7/14/2025 13:55:02,1.17.0,Bandit80,9,4.18,nan,20,20,80,LeftinTimeOut,Right,25,14,16,16,nan,nan,nan
7/14/2025 13:55:02,1.17.0,Bandit80,9,4.18,nan,20,20,80,LeftinTimeOut,Right,25,14,16,16,nan,nan,nan
7/14/2025 13:55:05,1.17.0,Bandit80,9,4.18,nan,20,20,80,LeftinTimeOut,Right,25,14,16,16,nan,nan,nan
7/14/2025 13:56:31,1.17.0,Bandit80,9,4.18,nan,20,20,80,Left,Right,26,14,16,16,nan,nan,0.05
7/14/2025 13:56:36,1.17.0,Bandit80,9,4.18,1,20,20,80,Pellet,Right,26,14,17,16,4.05,148,nan
7/14/2025 13:57:01,1.17.0,Bandit80,9,4.18,nan,20,20,80,Left,Right,27,14,17,17,nan,nan,0.18
7/14/2025 13:57:04,1.17.0,Bandit80,9,4.18,nan,20,20,80,LeftWithPellet,Right,27,14,17,17,nan,nan,0.09
7/14/2025 13:57:05,1.17.0,Bandit80,9,4.18,1,20,20,80,Pellet,Right,27,14,18,17,3.29,29,nan
7/14/2025 13:57:24,1.17.0,Bandit80,9,4.18,nan,20,20,80,Left,Right,28,14,18,18,nan,nan,0.02
7/14/2025 13:57:25,1.17.0,Bandit80,9,4.18,nan,20,20,80,LeftDuringDispense,Right,28,14,18,18,nan,nan,0.04
7/14/2025 13:57:29,1.17.0,Bandit80,9,4.18,2,20,20,80,Pellet,Right,28,14,19,18,1.39,24,nan
7/14/2025 13:57:53,1.17.0,Bandit80,9,4.18,nan,20,20,80,Left,Right,29,14,19,19,nan,nan,0.03
7/14/2025 13:57:55,1.17.0,Bandit80,9,4.18,1,20,20,80,Pellet,Right,29,14,20,19,0.94,26,nan
7/14/2025 13:58:08,1.17.0,Bandit80,9,4.18,nan,20,80,20,Left,Left,30,14,20,0,nan,nan,0.16
7/14/2025 13:58:09,1.17.0,Bandit80,9,4.18,1,20,80,20,Pellet,Left,30,14,21,0,0.56,14,nan
7/14/2025 13:58:31,1.17.0,Bandit80,9,4.18,nan,20,80,20,Left,Left,31,14,21,1,nan,nan,0.01
7/14/2025 13:58:32,1.17.0,Bandit80,9,4.18,1,20,80,20,Pellet,Left,31,14,22,1,0.31,23,nan
7/14/2025 13:59:50,1.17.0,Bandit80,9,4.18,nan,20,80,20,Left,Left,32,14,22,2,nan,nan,0.50
7/14/2025 13:59:52,1.17.0,Bandit80,9,4.18,1,20,80,20,Pellet,Left,32,14,23,2,0.69,79,nan
7/14/2025 14:00:23,1.17.0,Bandit80,9,4.18,nan,20,80,20,Left,Left,33,14,23,3,nan,nan,0.09
7/14/2025 14:00:24,1.17.0,Bandit80,9,4.18,nan,20,80,20,LeftWithPellet,Left,33,14,23,3,nan,nan,0.12
7/14/2025 14:00:26,1.17.0,Bandit80,9,4.18,2,20,80,20,Pellet,Left,33,14,24,3,1.85,35,nan
7/14/2025 14:02:51,1.17.0,Bandit80,9,4.18,nan,20,80,20,Left,Left,34,14,24,4,nan,nan,0.16
7/14/2025 14:05:14,1.17.0,Bandit80,9,4.18,nan,20,80,20,Left,Left,35,14,24,4,nan,nan,0.16
7/14/2025 14:05:31,1.17.0,Bandit80,9,4.18,1,20,80,20,Pellet,Left,35,14,25,4,16.37,305,nan
7/14/2025 14:05:49,1.17.0,Bandit80,9,4.18,nan,20,80,20,Left,Left,36,14,25,5,nan,nan,0.17
7/14/2025 14:05:51,1.17.0,Bandit80,9,4.18,1,20,80,20,Pellet,Left,36,14,26,5,1.07,20,nan
7/14/2025 14:06:09,1.17.0,Bandit80,9,4.18,nan,20,80,20,Left,Left,37,14,26,6,nan,nan,0.09
7/14/2025 14:06:11,1.17.0,Bandit80,9,4.18,1,20,80,20,Pellet,Left,37,14,27,6,0.82,20,nan
7/14/2025 14:15:00,1.17.0,Bandit80,9,4.18,nan,20,80,20,Left,Left,38,14,27,7,nan,nan,0.13
7/14/2025 14:15:05,1.17.0,Bandit80,9,4.18,1,20,80,20,Pellet,Left,38,14,28,7,4.68,534,nan
7/14/2025 14:15:31,1.17.0,Bandit80,9,4.18,nan,20,80,20,Left,Left,39,14,28,8,nan,nan,0.03
7/14/2025 14:15:31,1.17.0,Bandit80,9,4.18,nan,20,80,20,LeftDuringDispense,Left,39,14,28,8,nan,nan,0.03
7/14/2025 14:15:38,1.17.0,Bandit80,9,4.18,nan,20,80,20,LeftWithPellet,Left,39,14,28,8,nan,nan,0.04
7/14/2025 14:15:44,1.17.0,Bandit80,9,4.18,2,20,80,20,Pellet,Left,39,14,29,8,9.39,38,nan
7/14/2025 14:16:14,1.17.0,Bandit80,9,4.18,nan,20,80,20,Left,Left,40,14,29,9,nan,nan,0.12
7/14/2025 14:16:16,1.17.0,Bandit80,9,4.18,2,20,80,20,Pellet,Left,40,14,30,9,0.88,33,nan
7/14/2025 14:31:26,1.17.0,Bandit80,9,4.18,nan,20,80,20,Left,Left,41,14,30,10,nan,nan,0.08
7/14/2025 15:03:55,1.17.0,Bandit80,9,4.18,nan,20,80,20,Left,Left,42,14,30,10,nan,nan,0.41
7/14/2025 15:34:00,1.17.0,Bandit80,9,4.18,nan,20,80,20,Left,Left,43,14,30,10,nan,nan,0.09
7/14/2025 15:34:02,1.17.0,Bandit80,9,4.17,nan,20,80,20,LeftDuringDispense,Left,43,14,30,10,nan,nan,0.82
7/14/2025 15:34:04,1.17.0,Bandit80,9,4.17,1,20,80,20,Pellet,Left,43,14,31,10,2.08,4668,nan
7/14/2025 15:34:45,1.17.0,Bandit80,9,4.18,nan,20,80,20,Left,Left,44,14,31,11,nan,nan,0.05
7/14/2025 15:34:47,1.17.0,Bandit80,9,4.18,2,20,80,20,Pellet,Left,44,14,32,11,0.69,43,nan
7/14/2025 15:35:23,1.17.0,Bandit80,9,4.18,nan,20,80,20,Left,Left,45,14,32,12,nan,nan,0.09
7/14/2025 15:35:24,1.17.0,Bandit80,9,4.18,2,20,80,20,Pellet,Left,45,14,33,12,0.44,37,nan
7/14/2025 15:35:45,1.17.0,Bandit80,9,4.17,nan,20,80,20,Left,Left,46,14,33,13,nan,nan,0.04
7/14/2025 15:35:46,1.17.0,Bandit80,9,4.18,1,20,80,20,Pellet,Left,46,14,34,13,0.88,22,nan
7/14/2025 15:36:07,1.17.0,Bandit80,9,4.18,nan,20,80,20,Left,Left,47,14,34,14,nan,nan,0.24
7/14/2025 15:36:09,1.17.0,Bandit80,9,4.18,1,20,80,20,Pellet,Left,47,14,35,14,1.26,23,nan
7/14/2025 15:36:36,1.17.0,Bandit80,9,4.17,nan,20,80,20,Left,Left,48,14,35,15,nan,nan,0.01
7/14/2025 15:36:37,1.17.0,Bandit80,9,4.17,nan,20,80,20,LeftDuringDispense,Left,48,14,35,15,nan,nan,0.38
7/14/2025 15:36:41,1.17.0,Bandit80,9,4.18,2,20,80,20,Pellet,Left,48,14,36,15,0.50,31,nan
7/14/2025 15:37:03,1.17.0,Bandit80,9,4.17,nan,20,80,20,Left,Left,49,14,36,16,nan,nan,0.23
7/14/2025 15:37:07,1.17.0,Bandit80,9,4.18,nan,20,80,20,LeftinTimeOut,Left,49,14,36,16,nan,nan,nan
7/14/2025 15:42:59,1.17.0,Bandit80,9,4.17,nan,20,80,20,Left,Left,50,14,36,16,nan,nan,0.00
7/14/2025 15:43:01,1.17.0,Bandit80,9,4.17,nan,20,80,20,LeftWithPellet,Left,50,14,36,16,nan,nan,0.27
7/14/2025 15:43:02,1.17.0,Bandit80,9,4.17,1,20,80,20,Pellet,Left,50,14,37,16,2.90,382,nan
7/14/2025 15:43:30,1.17.0,Bandit80,9,4.17,nan,20,80,20,Left,Left,51,14,37,17,nan,nan,0.43
7/14/2025 15:43:32,1.17.0,Bandit80,9,4.18,1,20,80,20,Pellet,Left,51,14,38,17,1.26,30,nan
7/14/2025 15:43:56,1.17.0,Bandit80,9,4.18,nan,20,80,20,Left,Left,52,14,38,18,nan,nan,0.19
7/14/2025 15:44:02,1.17.0,Bandit80,9,4.18,nan,20,80,20,LeftinTimeOut,Left,52,14,38,18,nan,nan,nan
7/14/2025 15:44:29,1.17.0,Bandit80,9,4.18,nan,20,80,20,Left,Left,53,14,38,18,nan,nan,0.05
7/14/2025 15:44:29,1.17.0,Bandit80,9,4.18,nan,20,80,20,LeftDuringDispense,Left,53,14,38,18,nan,nan,0.03
7/14/2025 15:44:34,1.17.0,Bandit80,9,4.17,2,20,80,20,Pellet,Left,53,14,39,18,1.45,62,nan
7/14/2025 15:45:00,1.17.0,Bandit80,9,4.17,nan,20,80,20,Left,Left,54,14,39,19,nan,nan,0.38
7/14/2025 15:45:00,1.17.0,Bandit80,9,4.17,nan,20,80,20,LeftDuringDispense,Left,54,14,39,19,nan,nan,0.03
7/14/2025 15:45:05,1.17.0,Bandit80,9,4.17,2,20,80,20,Pellet,Left,54,14,40,19,1.39,31,nan
7/14/2025 15:45:30,1.17.0,Bandit80,9,4.18,nan,20,20,80,Left,Right,55,14,40,0,nan,nan,0.17
7/14/2025 15:45:32,1.17.0,Bandit80,9,4.17,nan,20,20,80,LeftinTimeOut,Right,55,14,40,0,nan,nan,nan
7/14/2025 15:45:32,1.17.0,Bandit80,9,4.17,nan,20,20,80,LeftinTimeOut,Right,55,14,40,0,nan,nan,nan
7/14/2025 15:45:35,1.17.0,Bandit80,9,4.17,nan,20,20,80,LeftinTimeOut,Right,55,14,40,0,nan,nan,nan
7/14/2025 15:47:33,1.17.0,Bandit80,9,4.17,nan,20,20,80,Left,Right,56,14,40,0,nan,nan,0.23
7/14/2025 15:52:19,1.17.0,Bandit80,9,4.18,nan,20,20,80,Left,Right,57,14,40,0,nan,nan,0.05
7/14/2025 15:52:19,1.17.0,Bandit80,9,4.18,nan,20,20,80,LeftinTimeOut,Right,57,14,40,0,nan,nan,nan
7/14/2025 15:57:45,1.17.0,Bandit80,9,4.17,nan,20,20,80,Left,Right,58,14,40,0,nan,nan,0.20
7/14/2025 16:17:00,1.17.0,Bandit80,9,4.17,nan,20,20,80,Left,Right,59,14,40,0,nan,nan,0.76
7/14/2025 16:48:51,1.17.0,Bandit80,9,4.17,nan,20,20,80,Left,Right,60,14,40,0,nan,nan,0.06
7/14/2025 16:48:52,1.17.0,Bandit80,9,4.17,nan,20,20,80,LeftinTimeOut,Right,60,14,40,0,nan,nan,nan
7/14/2025 16:48:55,1.17.0,Bandit80,9,4.17,nan,20,20,80,LeftinTimeOut,Right,60,14,40,0,nan,nan,nan
7/14/2025 16:48:57,1.17.0,Bandit80,9,4.17,nan,20,20,80,LeftinTimeOut,Right,60,14,40,0,nan,nan,nan
7/14/2025 17:01:51,1.17.0,Bandit80,9,4.17,nan,20,20,80,Left,Right,61,14,40,0,nan,nan,0.61
7/14/2025 17:01:52,1.17.0,Bandit80,9,4.17,nan,20,20,80,LeftinTimeOut,Right,61,14,40,0,nan,nan,nan
7/14/2025 17:01:55,1.17.0,Bandit80,9,4.16,nan,20,20,80,LeftinTimeOut,Right,61,14,40,0,nan,nan,nan
7/14/2025 17:02:50,1.17.0,Bandit80,9,4.17,nan,20,20,80,Left,Right,62,14,40,0,nan,nan,0.68
7/14/2025 17:02:53,1.17.0,Bandit80,9,4.17,nan,20,20,80,LeftWithPellet,Right,62,14,40,0,nan,nan,0.21
7/14/2025 17:02:57,1.17.0,Bandit80,9,4.17,1,20,20,80,Pellet,Right,62,14,41,0,5.50,4672,nan
7/14/2025 17:04:06,1.17.0,Bandit80,9,4.17,nan,20,20,80,Left,Right,63,14,41,1,nan,nan,0.05
7/14/2025 17:04:08,1.17.0,Bandit80,9,4.16,nan,20,20,80,LeftinTimeOut,Right,63,14,41,1,nan,nan,nan
7/14/2025 17:04:09,1.17.0,Bandit80,9,4.16,nan,20,20,80,LeftinTimeOut,Right,63,14,41,1,nan,nan,nan
7/14/2025 17:04:12,1.17.0,Bandit80,9,4.17,nan,20,20,80,LeftinTimeOut,Right,63,14,41,1,nan,nan,nan
7/14/2025 17:09:29,1.17.0,Bandit80,9,4.17,nan,20,20,80,Left,Right,64,14,41,1,nan,nan,0.19
7/14/2025 17:09:30,1.17.0,Bandit80,9,4.17,nan,20,20,80,LeftinTimeOut,Right,64,14,41,1,nan,nan,nan
7/14/2025 17:09:31,1.17.0,Bandit80,9,4.17,nan,20,20,80,LeftinTimeOut,Right,64,14,41,1,nan,nan,nan
7/14/2025 17:09:32,1.17.0,Bandit80,9,4.17,nan,20,20,80,LeftinTimeOut,Right,64,14,41,1,nan,nan,nan
7/14/2025 17:09:32,1.17.0,Bandit80,9,4.17,nan,20,20,80,LeftinTimeOut,Right,64,14,41,1,nan,nan,nan
7/14/2025 17:09:33,1.17.0,Bandit80,9,4.17,nan,20,20,80,LeftinTimeOut,Right,64,14,41,1,nan,nan,nan
7/14/2025 17:09:33,1.17.0,Bandit80,9,4.17,nan,20,20,80,LeftinTimeOut,Right,64,14,41,1,nan,nan,nan
7/14/2025 17:09:37,1.17.0,Bandit80,9,4.16,nan,20,20,80,LeftinTimeOut,Right,64,14,41,1,nan,nan,nan
7/14/2025 17:20:04,1.17.0,Bandit80,9,4.16,nan,20,20,80,Left,Right,65,14,41,1,nan,nan,0.29
7/14/2025 17:20:06,1.17.0,Bandit80,9,4.17,nan,20,20,80,LeftinTimeOut,Right,65,14,41,1,nan,nan,nan
7/14/2025 17:20:09,1.17.0,Bandit80,9,4.17,nan,20,20,80,LeftinTimeOut,Right,65,14,41,1,nan,nan,nan
7/14/2025 17:22:07,1.17.0,Bandit80,9,4.17,nan,20,20,80,Left,Right,66,14,41,1,nan,nan,0.00
7/14/2025 17:26:04,1.17.0,Bandit80,9,4.17,nan,20,20,80,Left,Right,67,14,41,1,nan,nan,0.30
7/14/2025 17:27:13,1.17.0,Bandit80,9,4.17,nan,20,20,80,Left,Right,68,14,41,1,nan,nan,0.37
7/14/2025 17:32:49,1.17.0,Bandit80,9,4.17,nan,20,20,80,Left,Right,69,14,41,1,nan,nan,0.60
7/14/2025 17:40:27,1.17.0,Bandit80,9,4.17,nan,20,20,80,Left,Right,70,14,41,1,nan,nan,0.04
7/14/2025 17:40:28,1.17.0,Bandit80,9,4.17,nan,20,20,80,LeftWithPellet,Right,70,14,41,1,nan,nan,0.02
7/14/2025 17:40:32,1.17.0,Bandit80,9,4.16,1,20,20,80,Pellet,Right,70,14,42,1,3.72,2255,nan
7/14/2025 17:40:59,1.17.0,Bandit80,9,4.17,nan,20,20,80,Left,Right,71,14,42,2,nan,nan,0.04
7/14/2025 17:41:08,1.17.0,Bandit80,9,4.16,nan,20,20,80,LeftinTimeOut,Right,71,14,42,2,nan,nan,nan
7/14/2025 17:41:08,1.17.0,Bandit80,9,4.17,nan,20,20,80,LeftinTimeOut,Right,71,14,42,2,nan,nan,nan
7/14/2025 17:41:11,1.17.0,Bandit80,9,4.16,nan,20,20,80,LeftinTimeOut,Right,71,14,42,2,nan,nan,nan
7/14/2025 17:41:13,1.17.0,Bandit80,9,4.16,nan,20,20,80,LeftinTimeOut,Right,71,14,42,2,nan,nan,nan
7/14/2025 17:41:17,1.17.0,Bandit80,9,4.16,nan,20,20,80,LeftinTimeOut,Right,71,14,42,2,nan,nan,nan
7/14/2025 17:41:21,1.17.0,Bandit80,9,4.16,nan,20,20,80,LeftinTimeOut,Right,71,14,42,2,nan,nan,nan
7/14/2025 17:41:22,1.17.0,Bandit80,9,4.17,nan,20,20,80,LeftinTimeOut,Right,71,14,42,2,nan,nan,nan
7/14/2025 17:41:24,1.17.0,Bandit80,9,4.16,nan,20,20,80,LeftinTimeOut,Right,71,14,42,2,nan,nan,nan
7/14/2025 17:41:27,1.17.0,Bandit80,9,4.17,nan,20,20,80,LeftinTimeOut,Right,71,14,42,2,nan,nan,nan
7/14/2025 17:41:29,1.17.0,Bandit80,9,4.17,nan,20,20,80,LeftinTimeOut,Right,71,14,42,2,nan,nan,nan
7/14/2025 17:41:30,1.17.0,Bandit80,9,4.16,nan,20,20,80,LeftinTimeOut,Right,71,14,42,2,nan,nan,nan
7/14/2025 17:41:33,1.17.0,Bandit80,9,4.16,nan,20,20,80,LeftinTimeOut,Right,71,14,42,2,nan,nan,nan
7/14/2025 17:41:41,1.17.0,Bandit80,9,4.17,nan,20,20,80,LeftinTimeOut,Right,71,14,42,2,nan,nan,nan
7/14/2025 17:51:46,1.17.0,Bandit80,9,4.17,nan,20,20,80,Left,Right,72,14,42,2,nan,nan,0.29
7/14/2025 17:52:08,1.17.0,Bandit80,9,4.16,nan,20,20,80,Left,Right,73,14,42,2,nan,nan,0.58
7/14/2025 17:52:09,1.17.0,Bandit80,9,4.17,nan,20,20,80,LeftinTimeOut,Right,73,14,42,2,nan,nan,nan
7/14/2025 17:52:10,1.17.0,Bandit80,9,4.17,nan,20,20,80,LeftinTimeOut,Right,73,14,42,2,nan,nan,nan
7/14/2025 17:52:12,1.17.0,Bandit80,9,4.16,nan,20,20,80,LeftinTimeOut,Right,73,14,42,2,nan,nan,nan
7/14/2025 17:52:14,1.17.0,Bandit80,9,4.16,nan,20,20,80,LeftinTimeOut,Right,73,14,42,2,nan,nan,nan
7/14/2025 17:52:16,1.17.0,Bandit80,9,4.17,nan,20,20,80,LeftinTimeOut,Right,73,14,42,2,nan,nan,nan
7/14/2025 17:52:19,1.17.0,Bandit80,9,4.17,nan,20,20,80,LeftinTimeOut,Right,73,14,42,2,nan,nan,nan
7/14/2025 17:52:21,1.17.0,Bandit80,9,4.17,nan,20,20,80,LeftinTimeOut,Right,73,14,42,2,nan,nan,nan
7/14/2025 17:52:22,1.17.0,Bandit80,9,4.17,nan,20,20,80,LeftinTimeOut,Right,73,14,42,2,nan,nan,nan
7/14/2025 17:52:23,1.17.0,Bandit80,9,4.17,nan,20,20,80,LeftinTimeOut,Right,73,14,42,2,nan,nan,nan
7/14/2025 17:52:27,1.17.0,Bandit80,9,4.17,nan,20,20,80,LeftinTimeOut,Right,73,14,42,2,nan,nan,nan
7/14/2025 17:52:28,1.17.0,Bandit80,9,4.16,nan,20,20,80,LeftinTimeOut,Right,73,14,42,2,nan,nan,nan
7/14/2025 17:52:30,1.17.0,Bandit80,9,4.17,nan,20,20,80,LeftinTimeOut,Right,73,14,42,2,nan,nan,nan
7/14/2025 17:52:35,1.17.0,Bandit80,9,4.17,nan,20,20,80,LeftinTimeOut,Right,73,14,42,2,nan,nan,nan
7/14/2025 17:52:38,1.17.0,Bandit80,9,4.16,nan,20,20,80,LeftinTimeOut,Right,73,14,42,2,nan,nan,nan
7/14/2025 17:52:42,1.17.0,Bandit80,9,4.17,nan,20,20,80,LeftinTimeOut,Right,73,14,42,2,nan,nan,nan
7/14/2025 17:52:42,1.17.0,Bandit80,9,4.16,nan,20,20,80,LeftinTimeOut,Right,73,14,42,2,nan,nan,nan
7/14/2025 17:52:42,1.17.0,Bandit80,9,4.16,nan,20,20,80,LeftinTimeOut,Right,73,14,42,2,nan,nan,nan
7/14/2025 17:52:42,1.17.0,Bandit80,9,4.17,nan,20,20,80,LeftinTimeOut,Right,73,14,42,2,nan,nan,nan
7/14/2025 17:52:43,1.17.0,Bandit80,9,4.16,nan,20,20,80,LeftinTimeOut,Right,73,14,42,2,nan,nan,nan
7/14/2025 17:52:46,1.17.0,Bandit80,9,4.17,nan,20,20,80,LeftinTimeOut,Right,73,14,42,2,nan,nan,nan
7/14/2025 17:52:46,1.17.0,Bandit80,9,4.16,nan,20,20,80,LeftinTimeOut,Right,73,14,42,2,nan,nan,nan
7/14/2025 17:52:47,1.17.0,Bandit80,9,4.16,nan,20,20,80,LeftinTimeOut,Right,73,14,42,2,nan,nan,nan
7/14/2025 17:52:47,1.17.0,Bandit80,9,4.17,nan,20,20,80,LeftinTimeOut,Right,73,14,42,2,nan,nan,nan
7/14/2025 17:52:48,1.17.0,Bandit80,9,4.16,nan,20,20,80,LeftinTimeOut,Right,73,14,42,2,nan,nan,nan
7/14/2025 17:52:49,1.17.0,Bandit80,9,4.17,nan,20,20,80,LeftinTimeOut,Right,73,14,42,2,nan,nan,nan
7/14/2025 17:52:51,1.17.0,Bandit80,9,4.17,nan,20,20,80,LeftinTimeOut,Right,73,14,42,2,nan,nan,nan
7/14/2025 17:52:52,1.17.0,Bandit80,9,4.16,nan,20,20,80,LeftinTimeOut,Right,73,14,42,2,nan,nan,nan
7/14/2025 17:52:53,1.17.0,Bandit80,9,4.17,nan,20,20,80,LeftinTimeOut,Right,73,14,42,2,nan,nan,nan
7/14/2025 17:52:53,1.17.0,Bandit80,9,4.16,nan,20,20,80,LeftinTimeOut,Right,73,14,42,2,nan,nan,nan
7/14/2025 17:52:54,1.17.0,Bandit80,9,4.17,nan,20,20,80,LeftinTimeOut,Right,73,14,42,2,nan,nan,nan
7/14/2025 17:53:17,1.17.0,Bandit80,9,4.17,nan,20,20,80,Left,Right,74,14,42,2,nan,nan,0.44
7/14/2025 17:53:21,1.17.0,Bandit80,9,4.17,nan,20,20,80,LeftinTimeOut,Right,74,14,42,2,nan,nan,nan
7/14/2025 17:53:47,1.17.0,Bandit80,9,4.16,nan,20,20,80,Right,Right,74,15,42,2,nan,nan,0.36
7/14/2025 17:53:50,1.17.0,Bandit80,9,4.17,1,20,20,80,Pellet,Right,74,15,43,2,2.21,798,nan
7/14/2025 17:54:06,1.17.0,Bandit80,9,4.16,nan,20,20,80,Right,Right,74,16,43,3,nan,nan,0.02
7/14/2025 17:54:20,1.17.0,Bandit80,9,4.17,nan,20,20,80,Left,Right,75,16,43,3,nan,nan,0.21
7/14/2025 17:54:28,1.17.0,Bandit80,9,4.16,nan,20,20,80,RightinTimeout,Right,75,16,43,3,nan,nan,0.00
7/14/2025 17:54:29,1.17.0,Bandit80,9,4.17,nan,20,20,80,RightinTimeout,Right,75,16,43,3,nan,nan,0.00
7/14/2025 17:54:29,1.17.0,Bandit80,9,4.16,nan,20,20,80,RightinTimeout,Right,75,16,43,3,nan,nan,0.00
7/14/2025 17:54:30,1.17.0,Bandit80,9,4.16,nan,20,20,80,RightinTimeout,Right,75,16,43,3,nan,nan,0.00
7/14/2025 17:54:37,1.17.0,Bandit80,9,4.17,nan,20,20,80,LeftinTimeOut,Right,75,16,43,3,nan,nan,nan
7/14/2025 17:54:39,1.17.0,Bandit80,9,4.16,nan,20,20,80,LeftinTimeOut,Right,75,16,43,3,nan,nan,nan
7/14/2025 17:54:41,1.17.0,Bandit80,9,4.16,nan,20,20,80,LeftinTimeOut,Right,75,16,43,3,nan,nan,nan
7/14/2025 17:54:44,1.17.0,Bandit80,9,4.16,nan,20,20,80,RightinTimeout,Right,75,16,43,3,nan,nan,0.00
7/14/2025 17:54:45,1.17.0,Bandit80,9,4.17,nan,20,20,80,RightinTimeout,Right,75,16,43,3,nan,nan,0.00
7/14/2025 17:54:47,1.17.0,Bandit80,9,4.17,nan,20,20,80,LeftinTimeOut,Right,75,16,43,3,nan,nan,nan
7/14/2025 17:54:48,1.17.0,Bandit80,9,4.17,nan,20,20,80,LeftinTimeOut,Right,75,16,43,3,nan,nan,nan
7/14/2025 17:54:49,1.17.0,Bandit80,9,4.17,nan,20,20,80,LeftinTimeOut,Right,75,16,43,3,nan,nan,nan
7/14/2025 17:54:55,1.17.0,Bandit80,9,4.17,nan,20,20,80,LeftinTimeOut,Right,75,16,43,3,nan,nan,nan
7/14/2025 17:55:49,1.17.0,Bandit80,9,4.16,nan,20,20,80,Left,Right,76,16,43,3,nan,nan,0.14
7/14/2025 17:57:33,1.17.0,Bandit80,9,4.17,nan,20,20,80,Left,Right,77,16,43,3,nan,nan,0.30
7/14/2025 17:57:34,1.17.0,Bandit80,9,4.16,nan,20,20,80,LeftinTimeOut,Right,77,16,43,3,nan,nan,nan
7/14/2025 18:11:42,1.17.0,Bandit80,9,4.17,nan,20,20,80,Left,Right,78,16,43,3,nan,nan,0.21
7/14/2025 18:11:43,1.17.0,Bandit80,9,4.16,nan,20,20,80,LeftinTimeOut,Right,78,16,43,3,nan,nan,nan
7/14/2025 18:12:09,1.17.0,Bandit80,9,4.16,nan,20,20,80,Left,Right,79,16,43,3,nan,nan,0.10
7/14/2025 18:12:23,1.17.0,Bandit80,9,4.17,nan,20,20,80,Right,Right,79,17,43,3,nan,nan,0.10
7/14/2025 18:12:24,1.17.0,Bandit80,9,4.16,1,20,20,80,Pellet,Right,79,17,44,3,0.75,1114,nan
7/14/2025 18:12:48,1.17.0,Bandit80,9,4.16,nan,20,20,80,Left,Right,80,17,44,4,nan,nan,0.04
7/14/2025 18:12:49,1.17.0,Bandit80,9,4.17,nan,20,20,80,LeftinTimeOut,Right,80,17,44,4,nan,nan,nan
7/14/2025 18:12:50,1.17.0,Bandit80,9,4.16,nan,20,20,80,LeftinTimeOut,Right,80,17,44,4,nan,nan,nan
7/14/2025 18:12:51,1.17.0,Bandit80,9,4.16,nan,20,20,80,LeftinTimeOut,Right,80,17,44,4,nan,nan,nan
7/14/2025 18:12:54,1.17.0,Bandit80,9,4.17,nan,20,20,80,LeftinTimeOut,Right,80,17,44,4,nan,nan,nan
7/14/2025 18:12:54,1.17.0,Bandit80,9,4.17,nan,20,20,80,LeftinTimeOut,Right,80,17,44,4,nan,nan,nan
7/14/2025 18:12:55,1.17.0,Bandit80,9,4.16,nan,20,20,80,LeftinTimeOut,Right,80,17,44,4,nan,nan,nan
7/14/2025 18:12:56,1.17.0,Bandit80,9,4.16,nan,20,20,80,LeftinTimeOut,Right,80,17,44,4,nan,nan,nan
7/14/2025 18:13:04,1.17.0,Bandit80,9,4.16,nan,20,20,80,LeftinTimeOut,Right,80,17,44,4,nan,nan,nan
7/14/2025 18:13:08,1.17.0,Bandit80,9,4.16,nan,20,20,80,RightinTimeout,Right,80,17,44,4,nan,nan,0.00
7/14/2025 18:13:08,1.17.0,Bandit80,9,4.17,nan,20,20,80,RightinTimeout,Right,80,17,44,4,nan,nan,0.00
7/14/2025 18:13:09,1.17.0,Bandit80,9,4.16,nan,20,20,80,RightinTimeout,Right,80,17,44,4,nan,nan,0.00
7/14/2025 18:13:09,1.17.0,Bandit80,9,4.16,nan,20,20,80,RightinTimeout,Right,80,17,44,4,nan,nan,0.00
7/14/2025 18:13:13,1.17.0,Bandit80,9,4.16,nan,20,20,80,LeftinTimeOut,Right,80,17,44,4,nan,nan,nan
7/14/2025 18:13:37,1.17.0,Bandit80,9,4.16,nan,20,20,80,Left,Right,81,17,44,4,nan,nan,0.21
7/14/2025 18:13:38,1.17.0,Bandit80,9,4.17,nan,20,20,80,LeftinTimeOut,Right,81,17,44,4,nan,nan,nan
7/14/2025 18:13:39,1.17.0,Bandit80,9,4.16,nan,20,20,80,LeftinTimeOut,Right,81,17,44,4,nan,nan,nan
7/14/2025 18:30:22,1.17.0,Bandit80,9,4.16,nan,20,20,80,Left,Right,82,17,44,4,nan,nan,0.11
7/14/2025 18:31:20,1.17.0,Bandit80,9,4.16,nan,20,20,80,Left,Right,83,17,44,4,nan,nan,0.10
7/14/2025 18:31:21,1.17.0,Bandit80,9,4.16,nan,20,20,80,LeftDuringDispense,Right,83,17,44,4,nan,nan,0.09
7/14/2025 18:31:24,1.17.0,Bandit80,9,4.16,2,20,20,80,Pellet,Right,83,17,45,4,0.44,1140,nan
7/14/2025 18:40:52,1.17.0,Bandit80,9,4.16,nan,20,20,80,Right,Right,83,18,45,5,nan,nan,0.07
7/14/2025 18:40:53,1.17.0,Bandit80,9,4.16,2,20,20,80,Pellet,Right,83,18,46,5,1.01,569,nan
7/14/2025 18:41:10,1.17.0,Bandit80,9,4.16,nan,20,20,80,Right,Right,83,19,46,6,nan,nan,0.07
7/14/2025 18:41:31,1.17.0,Bandit80,9,4.16,2,20,20,80,Pellet,Right,83,19,47,6,18.41,38,nan
7/14/2025 18:42:38,1.17.0,Bandit80,9,4.16,nan,20,20,80,Left,Right,84,19,47,7,nan,nan,0.09
7/14/2025 18:48:40,1.17.0,Bandit80,9,4.16,nan,20,20,80,Left,Right,85,19,47,7,nan,nan,0.01
7/14/2025 18:56:50,1.17.0,Bandit80,9,4.16,nan,20,20,80,Left,Right,86,19,47,7,nan,nan,0.02
7/14/2025 19:05:28,1.17.0,Bandit80,9,4.16,nan,20,20,80,Left,Right,87,19,47,7,nan,nan,0.08
7/14/2025 19:05:30,1.17.0,Bandit80,9,4.16,1,20,20,80,Pellet,Right,87,19,48,7,1.32,1439,nan
7/14/2025 19:05:47,1.17.0,Bandit80,9,4.16,nan,20,20,80,Left,Right,88,19,48,8,nan,nan,0.14
7/14/2025 19:05:48,1.17.0,Bandit80,9,4.16,1,20,20,80,Pellet,Right,88,19,49,8,0.31,18,nan
7/14/2025 19:05:59,1.17.0,Bandit80,9,4.16,nan,20,20,80,Left,Right,89,19,49,9,nan,nan,0.18
7/14/2025 19:06:01,1.17.0,Bandit80,9,4.16,nan,20,20,80,LeftinTimeOut,Right,89,19,49,9,nan,nan,nan
7/14/2025 19:06:04,1.17.0,Bandit80,9,4.16,nan,20,20,80,LeftinTimeOut,Right,89,19,49,9,nan,nan,nan
7/14/2025 19:06:06,1.17.0,Bandit80,9,4.16,nan,20,20,80,LeftinTimeOut,Right,89,19,49,9,nan,nan,nan
7/14/2025 19:06:08,1.17.0,Bandit80,9,4.17,nan,20,20,80,LeftinTimeOut,Right,89,19,49,9,nan,nan,nan
7/14/2025 19:06:10,1.17.0,Bandit80,9,4.17,nan,20,20,80,LeftinTimeOut,Right,89,19,49,9,nan,nan,nan
7/14/2025 19:06:10,1.17.0,Bandit80,9,4.16,nan,20,20,80,LeftinTimeOut,Right,89,19,49,9,nan,nan,nan
7/14/2025 19:10:21,1.17.0,Bandit80,9,4.17,nan,20,20,80,Left,Right,90,19,49,9,nan,nan,0.08
7/14/2025 19:25:43,1.17.0,Bandit80,9,4.16,nan,20,20,80,Left,Right,91,19,49,9,nan,nan,0.08
7/14/2025 19:26:25,1.17.0,Bandit80,9,4.16,nan,20,20,80,Right,Right,91,20,49,9,nan,nan,0.39
7/14/2025 19:26:27,1.17.0,Bandit80,9,4.16,1,20,20,80,Pellet,Right,91,20,50,9,1.83,1239,nan
7/14/2025 19:26:44,1.17.0,Bandit80,9,4.16,nan,20,20,80,Left,Right,92,20,50,10,nan,nan,0.02
7/14/2025 19:26:47,1.17.0,Bandit80,9,4.16,nan,20,20,80,RightinTimeout,Right,92,20,50,10,nan,nan,0.00
7/14/2025 19:26:49,1.17.0,Bandit80,9,4.16,nan,20,20,80,LeftinTimeOut,Right,92,20,50,10,nan,nan,nan
7/14/2025 19:27:24,1.17.0,Bandit80,9,4.16,nan,20,20,80,Right,Right,92,21,50,10,nan,nan,0.12
7/14/2025 19:27:26,1.17.0,Bandit80,9,4.16,1,20,20,80,Pellet,Right,92,21,51,10,0.63,59,nan
7/14/2025 19:27:51,1.17.0,Bandit80,9,4.16,nan,20,20,80,Right,Right,92,22,51,11,nan,nan,0.11
7/14/2025 19:27:52,1.17.0,Bandit80,9,4.16,1,20,20,80,Pellet,Right,92,22,52,11,0.19,26,nan
7/14/2025 19:28:06,1.17.0,Bandit80,9,4.16,nan,20,20,80,Right,Right,92,23,52,12,nan,nan,0.05
7/14/2025 19:31:32,1.17.0,Bandit80,9,4.16,nan,20,20,80,Left,Right,93,23,52,12,nan,nan,0.08
7/14/2025 19:44:12,1.17.0,Bandit80,9,4.16,nan,20,20,80,Left,Right,94,23,52,12,nan,nan,0.02
7/14/2025 19:44:14,1.17.0,Bandit80,9,4.16,1,20,20,80,Pellet,Right,94,23,53,12,0.88,982,nan
7/14/2025 19:44:34,1.17.0,Bandit80,9,4.16,nan,20,20,80,Left,Right,95,23,53,13,nan,nan,0.15
7/14/2025 19:44:35,1.17.0,Bandit80,9,4.16,1,20,20,80,Pellet,Right,95,23,54,13,0.44,21,nan
7/14/2025 19:44:59,1.17.0,Bandit80,9,4.16,nan,20,20,80,Left,Right,96,23,54,14,nan,nan,0.09
7/14/2025 19:45:01,1.17.0,Bandit80,9,4.16,nan,20,20,80,LeftinTimeOut,Right,96,23,54,14,nan,nan,nan
7/14/2025 19:45:03,1.17.0,Bandit80,9,4.16,nan,20,20,80,LeftinTimeOut,Right,96,23,54,14,nan,nan,nan
7/14/2025 19:46:01,1.17.0,Bandit80,9,4.16,nan,20,20,80,Right,Right,96,24,54,14,nan,nan,0.03
7/14/2025 19:46:04,1.17.0,Bandit80,9,4.16,2,20,20,80,Pellet,Right,96,24,55,14,0.31,89,nan
7/14/2025 19:46:24,1.17.0,Bandit80,9,4.16,nan,20,20,80,Left,Right,97,24,55,15,nan,nan,0.06
7/14/2025 19:52:24,1.17.0,Bandit80,9,4.16,nan,20,20,80,Left,Right,98,24,55,15,nan,nan,0.07
7/14/2025 19:52:29,1.17.0,Bandit80,9,4.16,nan,20,20,80,LeftinTimeOut,Right,98,24,55,15,nan,nan,nan
7/14/2025 19:52:30,1.17.0,Bandit80,9,4.16,nan,20,20,80,LeftinTimeOut,Right,98,24,55,15,nan,nan,nan
7/14/2025 20:07:05,1.17.0,Bandit80,9,4.16,nan,20,20,80,Left,Right,99,24,55,15,nan,nan,0.10
7/14/2025 20:07:06,1.17.0,Bandit80,9,4.16,1,20,20,80,Pellet,Right,99,24,56,15,0.25,1262,nan
7/14/2025 20:07:30,1.17.0,Bandit80,9,4.16,nan,20,20,80,Right,Right,99,25,56,16,nan,nan,0.10
7/14/2025 20:07:31,1.17.0,Bandit80,9,4.16,1,20,20,80,Pellet,Right,99,25,57,16,0.25,25,nan
7/14/2025 20:07:45,1.17.0,Bandit80,9,4.16,nan,20,20,80,Left,Right,100,25,57,17,nan,nan,0.08
7/14/2025 20:07:49,1.17.0,Bandit80,9,4.16,nan,20,20,80,RightinTimeout,Right,100,25,57,17,nan,nan,0.00
7/14/2025 20:07:52,1.17.0,Bandit80,9,4.16,nan,20,20,80,LeftinTimeOut,Right,100,25,57,17,nan,nan,nan
7/14/2025 20:07:54,1.17.0,Bandit80,9,4.16,nan,20,20,80,LeftinTimeOut,Right,100,25,57,17,nan,nan,nan
7/14/2025 20:07:55,1.17.0,Bandit80,9,4.16,nan,20,20,80,LeftinTimeOut,Right,100,25,57,17,nan,nan,nan
7/14/2025 20:11:15,1.17.0,Bandit80,9,4.16,nan,20,20,80,Left,Right,101,25,57,17,nan,nan,0.10
7/14/2025 20:11:47,1.17.0,Bandit80,9,4.16,nan,20,20,80,Left,Right,102,25,57,17,nan,nan,0.07
7/14/2025 20:14:02,1.17.0,Bandit80,9,4.16,nan,20,20,80,Right,Right,102,26,57,17,nan,nan,0.12
7/14/2025 20:14:03,1.17.0,Bandit80,9,4.16,1,20,20,80,Pellet,Right,102,26,58,17,0.37,392,nan
7/14/2025 20:14:19,1.17.0,Bandit80,9,4.16,nan,20,20,80,Right,Right,102,27,58,18,nan,nan,0.06
7/14/2025 20:14:20,1.17.0,Bandit80,9,4.16,1,20,20,80,Pellet,Right,102,27,59,18,0.31,17,nan
7/14/2025 20:14:42,1.17.0,Bandit80,9,4.16,nan,20,20,80,Right,Right,102,28,59,19,nan,nan,0.14
7/14/2025 20:14:43,1.17.0,Bandit80,9,4.16,1,20,20,80,Pellet,Right,102,28,60,19,0.12,23,nan
7/14/2025 20:15:00,1.17.0,Bandit80,9,4.16,nan,20,80,20,Right,Left,102,29,60,0,nan,nan,0.06
7/14/2025 20:15:01,1.17.0,Bandit80,9,4.16,1,20,80,20,Pellet,Left,102,29,61,0,0.82,18,nan
7/14/2025 20:15:21,1.17.0,Bandit80,9,4.16,nan,20,80,20,Right,Left,102,30,61,1,nan,nan,0.30
7/14/2025 20:21:34,1.17.0,Bandit80,9,4.16,nan,20,80,20,Left,Left,103,30,61,1,nan,nan,0.10
7/14/2025 20:21:35,1.17.0,Bandit80,9,4.16,1,20,80,20,Pellet,Left,103,30,62,1,0.25,394,nan
7/14/2025 20:21:47,1.17.0,Bandit80,9,4.16,nan,20,80,20,Left,Left,104,30,62,2,nan,nan,0.06
7/14/2025 20:21:48,1.17.0,Bandit80,9,4.16,1,20,80,20,Pellet,Left,104,30,63,2,0.19,13,nan
7/14/2025 20:22:02,1.17.0,Bandit80,9,4.16,nan,20,80,20,Left,Left,105,30,63,3,nan,nan,0.10
7/14/2025 20:22:03,1.17.0,Bandit80,9,4.16,1,20,80,20,Pellet,Left,105,30,64,3,0.19,15,nan
7/14/2025 20:22:18,1.17.0,Bandit80,9,4.16,nan,20,80,20,Left,Left,106,30,64,4,nan,nan,0.03
7/14/2025 20:22:19,1.17.0,Bandit80,9,4.16,1,20,80,20,Pellet,Left,106,30,65,4,0.25,16,nan
7/14/2025 20:22:34,1.17.0,Bandit80,9,4.16,nan,20,80,20,Left,Left,107,30,65,5,nan,nan,0.03
7/14/2025 20:22:35,1.17.0,Bandit80,9,4.16,1,20,80,20,Pellet,Left,107,30,66,5,0.25,16,nan
7/14/2025 20:22:52,1.17.0,Bandit80,9,4.16,nan,20,80,20,Left,Left,108,30,66,6,nan,nan,0.10
7/14/2025 20:22:53,1.17.0,Bandit80,9,4.16,1,20,80,20,Pellet,Left,108,30,67,6,0.18,18,nan
7/14/2025 20:23:14,1.17.0,Bandit80,9,4.16,nan,20,80,20,Left,Left,109,30,67,7,nan,nan,0.09
7/14/2025 20:23:15,1.17.0,Bandit80,9,4.16,1,20,80,20,Pellet,Left,109,30,68,7,0.25,22,nan
7/14/2025 20:23:34,1.17.0,Bandit80,9,4.15,nan,20,80,20,Left,Left,110,30,68,8,nan,nan,0.10
7/14/2025 20:23:35,1.17.0,Bandit80,9,4.16,2,20,80,20,Pellet,Left,110,30,69,8,0.06,20,nan
7/14/2025 20:23:51,1.17.0,Bandit80,9,4.16,nan,20,80,20,Left,Left,111,30,69,9,nan,nan,0.19
7/14/2025 20:23:52,1.17.0,Bandit80,9,4.16,nan,20,80,20,LeftinTimeOut,Left,111,30,69,9,nan,nan,nan
7/14/2025 20:23:54,1.17.0,Bandit80,9,4.16,nan,20,80,20,LeftinTimeOut,Left,111,30,69,9,nan,nan,nan
7/14/2025 20:23:54,1.17.0,Bandit80,9,4.16,nan,20,80,20,LeftinTimeOut,Left,111,30,69,9,nan,nan,nan
7/14/2025 20:37:05,1.17.0,Bandit80,9,4.16,nan,20,80,20,Left,Left,112,30,69,9,nan,nan,0.22
7/14/2025 20:37:06,1.17.0,Bandit80,9,4.16,1,20,80,20,Pellet,Left,112,30,70,9,0.56,811,nan
7/14/2025 20:37:20,1.17.0,Bandit80,9,4.16,nan,20,80,20,Left,Left,113,30,70,10,nan,nan,0.05
7/14/2025 20:37:21,1.17.0,Bandit80,9,4.16,1,20,80,20,Pellet,Left,113,30,71,10,0.19,15,nan
7/14/2025 20:37:37,1.17.0,Bandit80,9,4.16,nan,20,80,20,Left,Left,114,30,71,11,nan,nan,0.02
7/14/2025 20:37:38,1.17.0,Bandit80,9,4.16,1,20,80,20,Pellet,Left,114,30,72,11,0.12,17,nan
7/14/2025 20:37:59,1.17.0,Bandit80,9,4.16,nan,20,80,20,Left,Left,115,30,72,12,nan,nan,0.14
7/14/2025 20:38:00,1.17.0,Bandit80,9,4.16,nan,20,80,20,LeftinTimeOut,Left,115,30,72,12,nan,nan,nan
7/14/2025 20:38:02,1.17.0,Bandit80,9,4.16,nan,20,80,20,LeftinTimeOut,Left,115,30,72,12,nan,nan,nan
7/14/2025 20:38:04,1.17.0,Bandit80,9,4.16,nan,20,80,20,LeftinTimeOut,Left,115,30,72,12,nan,nan,nan
7/14/2025 20:38:08,1.17.0,Bandit80,9,4.16,nan,20,80,20,LeftinTimeOut,Left,115,30,72,12,nan,nan,nan
7/14/2025 20:41:55,1.17.0,Bandit80,9,4.16,nan,20,80,20,Right,Left,115,31,72,12,nan,nan,0.14
7/14/2025 21:03:58,1.17.0,Bandit80,9,4.15,nan,20,80,20,Left,Left,116,31,72,12,nan,nan,0.08
7/14/2025 21:03:59,1.17.0,Bandit80,9,4.16,1,20,80,20,Pellet,Left,116,31,73,12,0.12,1581,nan
7/14/2025 21:04:12,1.17.0,Bandit80,9,4.16,nan,20,80,20,Left,Left,117,31,73,13,nan,nan,0.06
7/14/2025 21:04:14,1.17.0,Bandit80,9,4.16,nan,20,80,20,LeftinTimeOut,Left,117,31,73,13,nan,nan,nan
7/14/2025 21:04:47,1.17.0,Bandit80,9,4.15,nan,20,80,20,Left,Left,118,31,73,13,nan,nan,0.11
7/14/2025 21:04:48,1.17.0,Bandit80,9,4.16,1,20,80,20,Pellet,Left,118,31,74,13,0.56,49,nan
7/14/2025 21:05:02,1.17.0,Bandit80,9,4.16,nan,20,80,20,Left,Left,119,31,74,14,nan,nan,0.17
7/14/2025 21:05:03,1.17.0,Bandit80,9,4.16,1,20,80,20,Pellet,Left,119,31,75,14,0.25,15,nan
7/14/2025 21:05:18,1.17.0,Bandit80,9,4.16,nan,20,80,20,Left,Left,120,31,75,15,nan,nan,0.17
7/14/2025 21:05:19,1.17.0,Bandit80,9,4.16,2,20,80,20,Pellet,Left,120,31,76,15,0.06,16,nan
7/14/2025 21:09:08,1.17.0,Bandit80,9,4.16,nan,20,80,20,Left,Left,121,31,76,16,nan,nan,0.08
7/14/2025 21:09:12,1.17.0,Bandit80,9,4.16,2,20,80,20,Pellet,Left,121,31,77,16,1.07,233,nan
7/14/2025 21:09:26,1.17.0,Bandit80,9,4.15,nan,20,80,20,Left,Left,122,31,77,17,nan,nan,0.03
7/14/2025 21:09:27,1.17.0,Bandit80,9,4.16,1,20,80,20,Pellet,Left,122,31,78,17,0.25,15,nan
7/14/2025 21:09:40,1.17.0,Bandit80,9,4.15,nan,20,80,20,Left,Left,123,31,78,18,nan,nan,0.10
7/14/2025 21:09:41,1.17.0,Bandit80,9,4.16,1,20,80,20,Pellet,Left,123,31,79,18,0.50,14,nan
7/14/2025 21:10:05,1.17.0,Bandit80,9,4.15,nan,20,80,20,Left,Left,124,31,79,19,nan,nan,0.10
7/14/2025 21:10:06,1.17.0,Bandit80,9,4.16,1,20,80,20,Pellet,Left,124,31,80,19,0.37,24,nan
7/14/2025 21:10:15,1.17.0,Bandit80,9,4.16,nan,20,20,80,Left,Right,125,31,80,0,nan,nan,0.10
7/14/2025 21:10:17,1.17.0,Bandit80,9,4.16,nan,20,20,80,LeftinTimeOut,Right,125,31,80,0,nan,nan,nan
7/14/2025 21:35:47,1.17.0,Bandit80,9,4.16,nan,20,20,80,Left,Right,126,31,80,0,nan,nan,0.13
7/14/2025 21:39:33,1.17.0,Bandit80,9,4.15,nan,20,20,80,Left,Right,127,31,80,0,nan,nan,0.30
7/14/2025 21:39:52,1.17.0,Bandit80,9,4.15,nan,20,20,80,Left,Right,128,31,80,0,nan,nan,0.30
7/14/2025 21:39:53,1.17.0,Bandit80,9,4.15,1,20,20,80,Pellet,Right,128,31,81,0,0.50,1788,nan
7/14/2025 21:40:23,1.17.0,Bandit80,9,4.15,nan,20,20,80,Left,Right,129,31,81,1,nan,nan,0.11
7/14/2025 21:40:23,1.17.0,Bandit80,9,4.16,nan,20,20,80,LeftinTimeOut,Right,129,31,81,1,nan,nan,nan
7/14/2025 21:40:25,1.17.0,Bandit80,9,4.16,nan,20,20,80,LeftinTimeOut,Right,129,31,81,1,nan,nan,nan
7/14/2025 21:41:21,1.17.0,Bandit80,9,4.15,nan,20,20,80,Left,Right,130,31,81,1,nan,nan,0.08
7/14/2025 22:04:53,1.17.0,Bandit80,9,4.16,nan,20,20,80,Left,Right,131,31,81,1,nan,nan,0.03
7/14/2025 22:04:54,1.17.0,Bandit80,9,4.16,1,20,20,80,Pellet,Right,131,31,82,1,0.37,1501,nan
7/14/2025 22:05:10,1.17.0,Bandit80,9,4.16,nan,20,20,80,Left,Right,132,31,82,2,nan,nan,0.02
7/14/2025 22:05:11,1.17.0,Bandit80,9,4.16,1,20,20,80,Pellet,Right,132,31,83,2,0.25,17,nan
7/14/2025 22:05:36,1.17.0,Bandit80,9,4.16,nan,20,20,80,Left,Right,133,31,83,3,nan,nan,0.09
7/14/2025 22:05:38,1.17.0,Bandit80,9,4.15,nan,20,20,80,LeftinTimeOut,Right,133,31,83,3,nan,nan,nan
7/14/2025 22:22:37,1.17.0,Bandit80,9,4.16,nan,20,20,80,Left,Right,134,31,83,3,nan,nan,0.02
7/14/2025 22:22:39,1.17.0,Bandit80,9,4.16,1,20,20,80,Pellet,Right,134,31,84,3,0.94,1048,nan
7/14/2025 22:22:56,1.17.0,Bandit80,9,4.15,nan,20,20,80,Left,Right,135,31,84,4,nan,nan,0.12
7/14/2025 22:22:58,1.17.0,Bandit80,9,4.15,nan,20,20,80,LeftinTimeOut,Right,135,31,84,4,nan,nan,nan
7/14/2025 22:22:59,1.17.0,Bandit80,9,4.15,nan,20,20,80,LeftinTimeOut,Right,135,31,84,4,nan,nan,nan
7/14/2025 22:22:59,1.17.0,Bandit80,9,4.16,nan,20,20,80,LeftinTimeOut,Right,135,31,84,4,nan,nan,nan
7/14/2025 22:23:01,1.17.0,Bandit80,9,4.15,nan,20,20,80,LeftinTimeOut,Right,135,31,84,4,nan,nan,nan
7/14/2025 22:23:04,1.17.0,Bandit80,9,4.15,nan,20,20,80,LeftinTimeOut,Right,135,31,84,4,nan,nan,nan
7/14/2025 22:25:35,1.17.0,Bandit80,9,4.15,nan,20,20,80,Left,Right,136,31,84,4,nan,nan,0.15
7/14/2025 22:25:36,1.17.0,Bandit80,9,4.16,1,20,20,80,Pellet,Right,136,31,85,4,0.25,177,nan
7/14/2025 22:25:51,1.17.0,Bandit80,9,4.15,nan,20,20,80,Left,Right,137,31,85,5,nan,nan,0.03
7/14/2025 22:25:53,1.17.0,Bandit80,9,4.16,nan,20,20,80,LeftinTimeOut,Right,137,31,85,5,nan,nan,nan
7/14/2025 22:25:55,1.17.0,Bandit80,9,4.15,nan,20,20,80,LeftinTimeOut,Right,137,31,85,5,nan,nan,nan
7/14/2025 22:27:09,1.17.0,Bandit80,9,4.16,nan,20,20,80,Left,Right,138,31,85,5,nan,nan,0.11
7/14/2025 22:27:10,1.17.0,Bandit80,9,4.16,1,20,20,80,Pellet,Right,138,31,86,5,0.19,94,nan
7/14/2025 22:27:23,1.17.0,Bandit80,9,4.16,nan,20,20,80,Left,Right,139,31,86,6,nan,nan,0.24
7/14/2025 22:27:25,1.17.0,Bandit80,9,4.15,nan,20,20,80,LeftinTimeOut,Right,139,31,86,6,nan,nan,nan
7/14/2025 22:27:28,1.17.0,Bandit80,9,4.15,nan,20,20,80,LeftinTimeOut,Right,139,31,86,6,nan,nan,nan
7/14/2025 22:27:29,1.17.0,Bandit80,9,4.15,nan,20,20,80,LeftinTimeOut,Right,139,31,86,6,nan,nan,nan
7/14/2025 22:27:32,1.17.0,Bandit80,9,4.15,nan,20,20,80,LeftinTimeOut,Right,139,31,86,6,nan,nan,nan
7/14/2025 22:27:34,1.17.0,Bandit80,9,4.16,nan,20,20,80,RightinTimeout,Right,139,31,86,6,nan,nan,0.00
7/14/2025 22:27:35,1.17.0,Bandit80,9,4.15,nan,20,20,80,RightinTimeout,Right,139,31,86,6,nan,nan,0.00
7/14/2025 22:31:35,1.17.0,Bandit80,9,4.15,nan,20,20,80,Left,Right,140,31,86,6,nan,nan,0.09
7/14/2025 22:31:37,1.17.0,Bandit80,9,4.15,nan,20,20,80,LeftinTimeOut,Right,140,31,86,6,nan,nan,nan
7/14/2025 22:33:01,1.17.0,Bandit80,9,4.16,nan,20,20,80,Left,Right,141,31,86,6,nan,nan,0.20
7/14/2025 22:33:04,1.17.0,Bandit80,9,4.15,nan,20,20,80,LeftinTimeOut,Right,141,31,86,6,nan,nan,nan
7/14/2025 22:33:40,1.17.0,Bandit80,9,4.15,nan,20,20,80,Left,Right,142,31,86,6,nan,nan,0.09
7/14/2025 22:34:14,1.17.0,Bandit80,9,4.15,nan,20,20,80,Left,Right,143,31,86,6,nan,nan,0.09
7/14/2025 22:34:54,1.17.0,Bandit80,9,4.15,nan,20,20,80,Right,Right,143,32,86,6,nan,nan,0.39
7/14/2025 22:34:55,1.17.0,Bandit80,9,4.15,1,20,20,80,Pellet,Right,143,32,87,6,0.82,465,nan
7/14/2025 22:35:19,1.17.0,Bandit80,9,4.16,nan,20,20,80,Right,Right,143,33,87,7,nan,nan,0.08
7/14/2025 22:35:21,1.17.0,Bandit80,9,4.15,1,20,20,80,Pellet,Right,143,33,88,7,0.88,26,nan
7/14/2025 22:35:33,1.17.0,Bandit80,9,4.15,nan,20,20,80,Right,Right,143,34,88,8,nan,nan,0.07
7/14/2025 22:35:45,1.17.0,Bandit80,9,4.15,1,20,20,80,Pellet,Right,143,34,89,8,11.74,24,nan
7/14/2025 22:36:07,1.17.0,Bandit80,9,4.15,nan,20,20,80,Right,Right,143,35,89,9,nan,nan,0.09
7/14/2025 22:36:10,1.17.0,Bandit80,9,4.15,2,20,20,80,Pellet,Right,143,35,90,9,0.44,25,nan
7/14/2025 22:36:25,1.17.0,Bandit80,9,4.15,nan,20,20,80,Right,Right,143,36,90,10,nan,nan,0.18
7/14/2025 22:36:26,1.17.0,Bandit80,9,4.15,1,20,20,80,Pellet,Right,143,36,91,10,0.25,16,nan
7/14/2025 22:37:12,1.17.0,Bandit80,9,4.16,nan,20,20,80,Right,Right,143,37,91,11,nan,nan,0.20
7/14/2025 22:39:38,1.17.0,Bandit80,9,4.15,nan,20,20,80,Right,Right,143,38,91,11,nan,nan,0.09
7/14/2025 22:39:39,1.17.0,Bandit80,9,4.15,1,20,20,80,Pellet,Right,143,38,92,11,0.69,193,nan
7/14/2025 22:39:54,1.17.0,Bandit80,9,4.15,nan,20,20,80,Right,Right,143,39,92,12,nan,nan,0.14
7/14/2025 22:39:55,1.17.0,Bandit80,9,4.15,1,20,20,80,Pellet,Right,143,39,93,12,0.31,16,nan
7/14/2025 22:40:08,1.17.0,Bandit80,9,4.15,nan,20,20,80,Right,Right,143,40,93,13,nan,nan,0.11
7/14/2025 22:40:10,1.17.0,Bandit80,9,4.15,nan,20,20,80,RightinTimeout,Right,143,40,93,13,nan,nan,0.00
7/14/2025 22:45:03,1.17.0,Bandit80,9,4.15,nan,20,20,80,Right,Right,143,41,93,13,nan,nan,0.22
7/14/2025 22:45:05,1.17.0,Bandit80,9,4.15,1,20,20,80,Pellet,Right,143,41,94,13,0.44,310,nan
7/14/2025 22:45:19,1.17.0,Bandit80,9,4.16,nan,20,20,80,Right,Right,143,42,94,14,nan,nan,0.19
7/14/2025 22:45:20,1.17.0,Bandit80,9,4.15,1,20,20,80,Pellet,Right,143,42,95,14,0.25,15,nan
7/14/2025 22:45:38,1.17.0,Bandit80,9,4.15,nan,20,20,80,Right,Right,143,43,95,15,nan,nan,0.00
7/14/2025 22:45:39,1.17.0,Bandit80,9,4.15,1,20,20,80,Pellet,Right,143,43,96,15,0.25,19,nan
7/14/2025 22:45:50,1.17.0,Bandit80,9,4.15,nan,20,20,80,Right,Right,143,44,96,16,nan,nan,0.25
7/14/2025 22:46:09,1.17.0,Bandit80,9,4.15,1,20,20,80,Pellet,Right,143,44,97,16,17.72,30,nan
7/14/2025 22:46:28,1.17.0,Bandit80,9,4.15,nan,20,20,80,Right,Right,143,45,97,17,nan,nan,0.04
7/14/2025 22:46:29,1.17.0,Bandit80,9,4.16,1,20,20,80,Pellet,Right,143,45,98,17,0.25,20,nan
7/14/2025 22:46:52,1.17.0,Bandit80,9,4.15,nan,20,20,80,Right,Right,143,46,98,18,nan,nan,0.12
7/14/2025 22:46:54,1.17.0,Bandit80,9,4.15,nan,20,20,80,LeftinTimeOut,Right,143,46,98,18,nan,nan,nan
7/14/2025 22:46:55,1.17.0,Bandit80,9,4.15,nan,20,20,80,LeftinTimeOut,Right,143,46,98,18,nan,nan,nan
7/14/2025 23:29:41,1.17.0,Bandit80,9,4.14,nan,20,20,80,Left,Right,144,46,98,18,nan,nan,0.08
7/14/2025 23:44:36,1.17.0,Bandit80,9,4.14,nan,20,20,80,Left,Right,145,46,98,18,nan,nan,0.07
7/15/2025 1:17:09,1.17.0,Bandit80,9,4.14,nan,20,20,80,Right,Right,145,47,98,18,nan,nan,0.39
7/15/2025 1:17:12,1.17.0,Bandit80,9,4.14,1,20,20,80,Pellet,Right,145,47,99,18,2.97,9043,nan
7/15/2025 1:17:41,1.17.0,Bandit80,9,4.14,nan,20,20,80,Right,Right,145,48,99,19,nan,nan,17.51
7/15/2025 1:18:02,1.17.0,Bandit80,9,4.14,nan,20,20,80,RightWithPellet,Right,145,49,99,19,nan,nan,18.97
7/15/2025 1:18:02,1.17.0,Bandit80,9,4.14,1,20,20,80,Pellet,Right,145,49,100,19,0.69,50,nan
7/15/2025 1:18:40,1.17.0,Bandit80,9,4.14,nan,20,80,20,Right,Left,145,50,100,0,nan,nan,30.74
7/15/2025 1:18:41,1.17.0,Bandit80,9,4.15,nan,20,80,20,RightinTimeout,Left,145,50,100,0,nan,nan,0.00
7/15/2025 1:18:49,1.17.0,Bandit80,9,4.14,nan,20,80,20,LeftinTimeOut,Left,145,50,100,0,nan,nan,nan
7/15/2025 1:32:50,1.17.0,Bandit80,9,4.14,nan,20,80,20,Left,Left,146,50,100,0,nan,nan,0.31
7/15/2025 1:32:51,1.17.0,Bandit80,9,4.14,1,20,80,20,Pellet,Left,146,50,101,0,0.31,889,nan
7/15/2025 1:33:13,1.17.0,Bandit80,9,4.14,nan,20,80,20,Left,Left,147,50,101,1,nan,nan,0.20
7/15/2025 1:33:14,1.17.0,Bandit80,9,4.14,1,20,80,20,Pellet,Left,147,50,102,1,0.19,23,nan
7/15/2025 1:33:34,1.17.0,Bandit80,9,4.14,nan,20,80,20,Left,Left,148,50,102,2,nan,nan,0.08
7/15/2025 1:33:35,1.17.0,Bandit80,9,4.14,1,20,80,20,Pellet,Left,148,50,103,2,0.18,21,nan
7/15/2025 1:33:48,1.17.0,Bandit80,9,4.14,nan,20,80,20,Left,Left,149,50,103,3,nan,nan,0.15
7/15/2025 1:33:49,1.17.0,Bandit80,9,4.14,1,20,80,20,Pellet,Left,149,50,104,3,0.19,14,nan
7/15/2025 1:34:04,1.17.0,Bandit80,9,4.14,nan,20,80,20,Left,Left,150,50,104,4,nan,nan,0.07
7/15/2025 1:34:05,1.17.0,Bandit80,9,4.14,1,20,80,20,Pellet,Left,150,50,105,4,0.06,16,nan
7/15/2025 1:34:26,1.17.0,Bandit80,9,4.14,nan,20,80,20,Left,Left,151,50,105,5,nan,nan,0.19
7/15/2025 1:34:27,1.17.0,Bandit80,9,4.14,2,20,80,20,Pellet,Left,151,50,106,5,0.12,22,nan
7/15/2025 1:34:55,1.17.0,Bandit80,9,4.14,nan,20,80,20,Left,Left,152,50,106,6,nan,nan,0.09
7/15/2025 1:34:56,1.17.0,Bandit80,9,4.14,1,20,80,20,Pellet,Left,152,50,107,6,0.44,29,nan
7/15/2025 1:35:13,1.17.0,Bandit80,9,4.14,nan,20,80,20,Left,Left,153,50,107,7,nan,nan,0.19
7/15/2025 1:35:14,1.17.0,Bandit80,9,4.14,1,20,80,20,Pellet,Left,153,50,108,7,0.19,18,nan
7/15/2025 1:42:52,1.17.0,Bandit80,9,4.14,nan,20,80,20,Left,Left,154,50,108,8,nan,nan,0.10
7/15/2025 1:42:53,1.17.0,Bandit80,9,4.14,1,20,80,20,Pellet,Left,154,50,109,8,0.37,459,nan
7/15/2025 1:43:10,1.17.0,Bandit80,9,4.14,nan,20,80,20,Left,Left,155,50,109,9,nan,nan,0.14
7/15/2025 1:43:23,1.17.0,Bandit80,9,4.14,2,20,80,20,Pellet,Left,155,50,110,9,10.21,30,nan
7/15/2025 1:43:38,1.17.0,Bandit80,9,4.14,nan,20,80,20,Left,Left,156,50,110,10,nan,nan,0.08
7/15/2025 1:43:39,1.17.0,Bandit80,9,4.14,1,20,80,20,Pellet,Left,156,50,111,10,0.44,16,nan
7/15/2025 1:44:36,1.17.0,Bandit80,9,4.14,nan,20,80,20,Left,Left,157,50,111,11,nan,nan,0.00
7/15/2025 1:44:41,1.17.0,Bandit80,9,4.14,1,20,80,20,Pellet,Left,157,50,112,11,4.18,62,nan
7/15/2025 1:45:54,1.17.0,Bandit80,9,4.14,nan,20,80,20,Left,Left,158,50,112,12,nan,nan,0.01
7/15/2025 3:18:02,1.17.0,Bandit80,9,4.14,nan,20,80,20,Left,Left,159,50,112,12,nan,nan,0.01
7/15/2025 3:18:03,1.17.0,Bandit80,9,4.14,nan,20,80,20,LeftDuringDispense,Left,159,50,112,12,nan,nan,0.11
7/15/2025 3:18:07,1.17.0,Bandit80,9,4.14,nan,20,80,20,LeftWithPellet,Left,159,50,112,12,nan,nan,0.04
7/15/2025 3:18:09,1.17.0,Bandit80,9,4.14,nan,20,80,20,LeftWithPellet,Left,159,50,112,12,nan,nan,0.27
7/15/2025 3:18:11,1.17.0,Bandit80,9,4.14,nan,20,80,20,LeftWithPellet,Left,159,50,112,12,nan,nan,0.23
7/15/2025 3:18:13,1.17.0,Bandit80,9,4.14,nan,20,80,20,LeftWithPellet,Left,159,50,112,12,nan,nan,0.69
7/15/2025 3:18:15,1.17.0,Bandit80,9,4.14,2,20,80,20,Pellet,Left,159,50,113,12,8.85,5614,nan
7/15/2025 3:19:00,1.17.0,Bandit80,9,4.14,nan,20,80,20,Left,Left,160,50,113,13,nan,nan,0.12
7/15/2025 3:19:01,1.17.0,Bandit80,9,4.14,1,20,80,20,Pellet,Left,160,50,114,13,0.25,45,nan
7/15/2025 3:19:12,1.17.0,Bandit80,9,4.14,nan,20,80,20,Left,Left,161,50,114,14,nan,nan,0.26
7/15/2025 3:19:13,1.17.0,Bandit80,9,4.14,1,20,80,20,Pellet,Left,161,50,115,14,0.19,13,nan
7/15/2025 3:19:27,1.17.0,Bandit80,9,4.14,nan,20,80,20,Left,Left,162,50,115,15,nan,nan,0.03
7/15/2025 3:19:29,1.17.0,Bandit80,9,4.14,1,20,80,20,Pellet,Left,162,50,116,15,0.44,16,nan
7/15/2025 3:25:54,1.17.0,Bandit80,9,4.14,nan,20,80,20,Left,Left,163,50,116,16,nan,nan,0.04
7/15/2025 3:25:55,1.17.0,Bandit80,9,4.14,nan,20,80,20,LeftDuringDispense,Left,163,50,116,16,nan,nan,0.02
7/15/2025 3:25:58,1.17.0,Bandit80,9,4.14,2,20,80,20,Pellet,Left,163,50,117,16,0.75,389,nan
7/15/2025 3:26:22,1.17.0,Bandit80,9,4.14,nan,20,80,20,Left,Left,164,50,117,17,nan,nan,0.03
7/15/2025 3:26:23,1.17.0,Bandit80,9,4.14,1,20,80,20,Pellet,Left,164,50,118,17,0.50,25,nan
7/15/2025 3:26:41,1.17.0,Bandit80,9,4.14,nan,20,80,20,Left,Left,165,50,118,18,nan,nan,0.04
7/15/2025 3:26:44,1.17.0,Bandit80,9,4.14,nan,20,80,20,LeftinTimeOut,Left,165,50,118,18,nan,nan,nan
7/15/2025 3:26:46,1.17.0,Bandit80,9,4.14,nan,20,80,20,LeftinTimeOut,Left,165,50,118,18,nan,nan,nan
7/15/2025 3:27:38,1.17.0,Bandit80,9,4.14,nan,20,80,20,Left,Left,166,50,118,18,nan,nan,0.13
7/15/2025 3:27:39,1.17.0,Bandit80,9,4.14,1,20,80,20,Pellet,Left,166,50,119,18,0.50,76,nan
7/15/2025 3:28:03,1.17.0,Bandit80,9,4.14,nan,20,80,20,Left,Left,167,50,119,19,nan,nan,0.07
7/15/2025 3:28:04,1.17.0,Bandit80,9,4.14,1,20,80,20,Pellet,Left,167,50,120,19,0.50,25,nan
7/15/2025 3:28:22,1.17.0,Bandit80,9,4.13,nan,20,20,80,Left,Right,168,50,120,0,nan,nan,0.11
7/15/2025 3:28:25,1.17.0,Bandit80,9,4.14,nan,20,20,80,LeftinTimeOut,Right,168,50,120,0,nan,nan,nan
7/15/2025 3:44:57,1.17.0,Bandit80,9,4.14,nan,20,20,80,Left,Right,169,50,120,0,nan,nan,0.16
7/15/2025 4:07:34,1.17.0,Bandit80,9,4.14,nan,20,20,80,Right,Right,169,51,120,0,nan,nan,0.02
7/15/2025 4:08:08,1.17.0,Bandit80,9,4.14,nan,20,20,80,Right,Right,169,52,120,0,nan,nan,0.00
7/15/2025 4:08:23,1.17.0,Bandit80,9,4.14,1,20,20,80,Pellet,Right,169,52,121,0,13.58,2419,nan
7/15/2025 4:08:38,1.17.0,Bandit80,9,4.14,nan,20,20,80,Right,Right,169,53,121,1,nan,nan,0.13
7/15/2025 4:08:39,1.17.0,Bandit80,9,4.14,nan,20,20,80,RightinTimeout,Right,169,53,121,1,nan,nan,0.00
7/15/2025 4:08:39,1.17.0,Bandit80,9,4.14,nan,20,20,80,RightinTimeout,Right,169,53,121,1,nan,nan,0.00
7/15/2025 4:08:39,1.17.0,Bandit80,9,4.14,nan,20,20,80,RightinTimeout,Right,169,53,121,1,nan,nan,0.00
7/15/2025 4:08:57,1.17.0,Bandit80,9,4.14,nan,20,20,80,Left,Right,170,53,121,1,nan,nan,0.28
7/15/2025 4:08:59,1.17.0,Bandit80,9,4.14,1,20,20,80,Pellet,Right,170,53,122,1,1.26,36,nan
7/15/2025 4:09:13,1.17.0,Bandit80,9,4.14,nan,20,20,80,Left,Right,171,53,122,2,nan,nan,0.07
7/15/2025 4:09:14,1.17.0,Bandit80,9,4.14,nan,20,20,80,LeftinTimeOut,Right,171,53,122,2,nan,nan,nan
7/15/2025 4:09:16,1.17.0,Bandit80,9,4.14,nan,20,20,80,LeftinTimeOut,Right,171,53,122,2,nan,nan,nan
7/15/2025 4:09:18,1.17.0,Bandit80,9,4.13,nan,20,20,80,LeftinTimeOut,Right,171,53,122,2,nan,nan,nan
7/15/2025 4:10:53,1.17.0,Bandit80,9,4.14,nan,20,20,80,Left,Right,172,53,122,2,nan,nan,0.22
7/15/2025 4:10:55,1.17.0,Bandit80,9,4.13,nan,20,20,80,RightinTimeout,Right,172,53,122,2,nan,nan,0.00
7/15/2025 4:20:43,1.17.0,Bandit80,9,4.14,nan,20,20,80,Left,Right,173,53,122,2,nan,nan,0.10
7/15/2025 4:22:07,1.17.0,Bandit80,9,4.14,nan,20,20,80,Left,Right,174,53,122,2,nan,nan,0.04
7/15/2025 5:09:07,1.17.0,Bandit80,9,4.14,nan,20,20,80,Left,Right,175,53,122,2,nan,nan,0.11
7/15/2025 5:09:08,1.17.0,Bandit80,9,4.13,nan,20,20,80,LeftinTimeOut,Right,175,53,122,2,nan,nan,nan
7/15/2025 5:17:30,1.17.0,Bandit80,9,4.13,nan,20,20,80,Left,Right,176,53,122,2,nan,nan,0.05
7/15/2025 5:17:31,1.17.0,Bandit80,9,4.13,1,20,20,80,Pellet,Right,176,53,123,2,0.44,4112,nan
7/15/2025 5:17:55,1.17.0,Bandit80,9,4.14,nan,20,20,80,Left,Right,177,53,123,3,nan,nan,0.23
7/15/2025 5:17:56,1.17.0,Bandit80,9,4.14,nan,20,20,80,LeftinTimeOut,Right,177,53,123,3,nan,nan,nan
7/15/2025 5:17:58,1.17.0,Bandit80,9,4.14,nan,20,20,80,LeftinTimeOut,Right,177,53,123,3,nan,nan,nan
7/15/2025 5:18:02,1.17.0,Bandit80,9,4.14,nan,20,20,80,LeftinTimeOut,Right,177,53,123,3,nan,nan,nan
7/15/2025 5:18:05,1.17.0,Bandit80,9,4.13,nan,20,20,80,LeftinTimeOut,Right,177,53,123,3,nan,nan,nan
7/15/2025 5:18:09,1.17.0,Bandit80,9,4.14,nan,20,20,80,LeftinTimeOut,Right,177,53,123,3,nan,nan,nan
7/15/2025 5:18:11,1.17.0,Bandit80,9,4.13,nan,20,20,80,LeftinTimeOut,Right,177,53,123,3,nan,nan,nan
7/15/2025 5:18:11,1.17.0,Bandit80,9,4.14,nan,20,20,80,LeftinTimeOut,Right,177,53,123,3,nan,nan,nan
7/15/2025 5:27:47,1.17.0,Bandit80,9,4.13,nan,20,20,80,Left,Right,178,53,123,3,nan,nan,0.15
7/15/2025 5:27:48,1.17.0,Bandit80,9,4.14,nan,20,20,80,LeftinTimeOut,Right,178,53,123,3,nan,nan,nan
7/15/2025 5:29:11,1.17.0,Bandit80,9,4.13,nan,20,20,80,Left,Right,179,53,123,3,nan,nan,0.21
7/15/2025 5:29:12,1.17.0,Bandit80,9,4.13,nan,20,20,80,LeftinTimeOut,Right,179,53,123,3,nan,nan,nan
7/15/2025 5:29:14,1.17.0,Bandit80,9,4.13,nan,20,20,80,LeftinTimeOut,Right,179,53,123,3,nan,nan,nan
7/15/2025 5:29:17,1.17.0,Bandit80,9,4.13,nan,20,20,80,LeftinTimeOut,Right,179,53,123,3,nan,nan,nan
7/15/2025 5:29:18,1.17.0,Bandit80,9,4.13,nan,20,20,80,LeftinTimeOut,Right,179,53,123,3,nan,nan,nan
7/15/2025 5:29:20,1.17.0,Bandit80,9,4.13,nan,20,20,80,RightinTimeout,Right,179,53,123,3,nan,nan,0.00
7/15/2025 5:29:20,1.17.0,Bandit80,9,4.13,nan,20,20,80,RightinTimeout,Right,179,53,123,3,nan,nan,0.00
7/15/2025 5:29:50,1.17.0,Bandit80,9,4.13,nan,20,20,80,Left,Right,180,53,123,3,nan,nan,0.11
7/15/2025 5:29:53,1.17.0,Bandit80,9,4.13,nan,20,20,80,LeftinTimeOut,Right,180,53,123,3,nan,nan,nan
7/15/2025 5:29:53,1.17.0,Bandit80,9,4.13,nan,20,20,80,LeftinTimeOut,Right,180,53,123,3,nan,nan,nan
7/15/2025 5:30:02,1.17.0,Bandit80,9,4.13,nan,20,20,80,LeftinTimeOut,Right,180,53,123,3,nan,nan,nan
7/15/2025 5:30:02,1.17.0,Bandit80,9,4.14,nan,20,20,80,LeftinTimeOut,Right,180,53,123,3,nan,nan,nan
7/15/2025 5:30:02,1.17.0,Bandit80,9,4.13,nan,20,20,80,LeftinTimeOut,Right,180,53,123,3,nan,nan,nan
7/15/2025 5:30:46,1.17.0,Bandit80,9,4.14,nan,20,20,80,Right,Right,180,54,123,3,nan,nan,0.19
7/15/2025 5:30:48,1.17.0,Bandit80,9,4.13,1,20,20,80,Pellet,Right,180,54,124,3,1.13,797,nan
7/15/2025 5:31:07,1.17.0,Bandit80,9,4.13,nan,20,20,80,Right,Right,180,55,124,4,nan,nan,0.00
7/15/2025 5:31:21,1.17.0,Bandit80,9,4.13,1,20,20,80,Pellet,Right,180,55,125,4,13.20,33,nan
7/15/2025 5:31:41,1.17.0,Bandit80,9,4.13,nan,20,20,80,Right,Right,180,56,125,5,nan,nan,0.19
7/15/2025 5:31:44,1.17.0,Bandit80,9,4.12,nan,20,20,80,RightinTimeout,Right,180,56,125,5,nan,nan,0.00
7/15/2025 5:31:46,1.17.0,Bandit80,9,4.13,nan,20,20,80,RightinTimeout,Right,180,56,125,5,nan,nan,0.00
7/15/2025 5:31:51,1.17.0,Bandit80,9,4.14,nan,20,20,80,LeftinTimeOut,Right,180,56,125,5,nan,nan,nan
7/15/2025 5:31:55,1.17.0,Bandit80,9,4.13,nan,20,20,80,LeftinTimeOut,Right,180,56,125,5,nan,nan,nan
7/15/2025 5:32:13,1.17.0,Bandit80,9,4.13,nan,20,20,80,Left,Right,181,56,125,5,nan,nan,0.27
7/15/2025 5:32:14,1.17.0,Bandit80,9,4.13,1,20,20,80,Pellet,Right,181,56,126,5,0.44,53,nan
7/15/2025 5:32:30,1.17.0,Bandit80,9,4.14,nan,20,20,80,Left,Right,182,56,126,6,nan,nan,0.13
7/15/2025 5:32:54,1.17.0,Bandit80,9,4.13,nan,20,20,80,Right,Right,182,57,126,6,nan,nan,0.04
7/15/2025 5:32:54,1.17.0,Bandit80,9,4.13,nan,20,20,80,RightDuringDispense,Right,182,57,126,6,nan,nan,0.01
7/15/2025 5:32:58,1.17.0,Bandit80,9,4.13,2,20,20,80,Pellet,Right,182,57,127,6,0.82,44,nan
7/15/2025 5:33:18,1.17.0,Bandit80,9,4.13,nan,20,20,80,Right,Right,182,58,127,7,nan,nan,0.20
7/15/2025 5:33:19,1.17.0,Bandit80,9,4.13,1,20,20,80,Pellet,Right,182,58,128,7,0.50,21,nan
7/15/2025 5:33:35,1.17.0,Bandit80,9,4.14,nan,20,20,80,Right,Right,182,59,128,8,nan,nan,0.03
7/15/2025 5:33:36,1.17.0,Bandit80,9,4.13,1,20,20,80,Pellet,Right,182,59,129,8,0.12,17,nan
7/15/2025 5:34:32,1.17.0,Bandit80,9,4.13,nan,20,20,80,Left,Right,183,59,129,9,nan,nan,0.42
7/15/2025 5:39:24,1.17.0,Bandit80,9,4.13,nan,20,20,80,Right,Right,183,60,129,9,nan,nan,0.14
7/15/2025 5:39:25,1.17.0,Bandit80,9,4.13,1,20,20,80,Pellet,Right,183,60,130,9,0.25,349,nan
7/15/2025 5:39:46,1.17.0,Bandit80,9,4.14,nan,20,20,80,Left,Right,184,60,130,10,nan,nan,0.03
7/15/2025 5:39:49,1.17.0,Bandit80,9,4.13,nan,20,20,80,LeftinTimeOut,Right,184,60,130,10,nan,nan,nan
7/15/2025 5:40:18,1.17.0,Bandit80,9,4.13,nan,20,20,80,Right,Right,184,61,130,10,nan,nan,0.02
7/15/2025 5:40:18,1.17.0,Bandit80,9,4.12,2,20,20,80,Pellet,Right,184,61,131,10,0.06,53,nan
7/15/2025 5:40:37,1.17.0,Bandit80,9,4.14,nan,20,20,80,Right,Right,184,62,131,11,nan,nan,0.04
7/15/2025 5:40:40,1.17.0,Bandit80,9,4.13,2,20,20,80,Pellet,Right,184,62,132,11,0.56,22,nan
7/15/2025 5:41:05,1.17.0,Bandit80,9,4.14,nan,20,20,80,Left,Right,185,62,132,12,nan,nan,0.20
7/15/2025 5:41:45,1.17.0,Bandit80,9,4.13,nan,20,20,80,Left,Right,186,62,132,12,nan,nan,0.10
7/15/2025 5:41:46,1.17.0,Bandit80,9,4.13,nan,20,20,80,LeftinTimeOut,Right,186,62,132,12,nan,nan,nan
7/15/2025 5:43:38,1.17.0,Bandit80,9,4.14,nan,20,20,80,Right,Right,186,63,132,12,nan,nan,0.15
7/15/2025 5:45:18,1.17.0,Bandit80,9,4.13,nan,20,20,80,Left,Right,187,63,132,12,nan,nan,0.15
7/15/2025 5:45:19,1.17.0,Bandit80,9,4.14,nan,20,20,80,LeftinTimeOut,Right,187,63,132,12,nan,nan,nan
7/15/2025 5:48:55,1.17.0,Bandit80,9,4.14,nan,20,20,80,Right,Right,187,64,132,12,nan,nan,0.04
7/15/2025 5:48:56,1.17.0,Bandit80,9,4.13,1,20,20,80,Pellet,Right,187,64,133,12,0.50,496,nan
7/15/2025 5:51:29,1.17.0,Bandit80,9,4.12,nan,20,20,80,Right,Right,187,65,133,13,nan,nan,0.15
7/15/2025 5:53:49,1.17.0,Bandit80,9,4.13,nan,20,20,80,Left,Right,188,65,133,13,nan,nan,0.12
7/15/2025 5:53:50,1.17.0,Bandit80,9,4.13,1,20,20,80,Pellet,Right,188,65,134,13,0.56,294,nan
7/15/2025 5:54:09,1.17.0,Bandit80,9,4.13,nan,20,20,80,Left,Right,189,65,134,14,nan,nan,0.09
7/15/2025 5:54:10,1.17.0,Bandit80,9,4.13,nan,20,20,80,LeftinTimeOut,Right,189,65,134,14,nan,nan,nan
7/15/2025 5:54:12,1.17.0,Bandit80,9,4.14,nan,20,20,80,LeftinTimeOut,Right,189,65,134,14,nan,nan,nan
7/15/2025 5:54:14,1.17.0,Bandit80,9,4.13,nan,20,20,80,RightinTimeout,Right,189,65,134,14,nan,nan,0.00
7/15/2025 6:00:07,1.17.0,Bandit80,9,4.13,nan,20,20,80,Left,Right,190,65,134,14,nan,nan,0.20
7/15/2025 6:00:08,1.17.0,Bandit80,9,4.13,1,20,20,80,Pellet,Right,190,65,135,14,0.31,378,nan
7/15/2025 6:00:31,1.17.0,Bandit80,9,4.13,nan,20,20,80,Left,Right,191,65,135,15,nan,nan,0.05
7/15/2025 6:00:32,1.17.0,Bandit80,9,4.13,nan,20,20,80,LeftinTimeOut,Right,191,65,135,15,nan,nan,nan
7/15/2025 6:00:33,1.17.0,Bandit80,9,4.13,nan,20,20,80,LeftinTimeOut,Right,191,65,135,15,nan,nan,nan
7/15/2025 6:00:33,1.17.0,Bandit80,9,4.14,nan,20,20,80,LeftinTimeOut,Right,191,65,135,15,nan,nan,nan
7/15/2025 6:00:35,1.17.0,Bandit80,9,4.13,nan,20,20,80,LeftinTimeOut,Right,191,65,135,15,nan,nan,nan
7/15/2025 6:01:33,1.17.0,Bandit80,9,4.13,nan,20,20,80,Left,Right,192,65,135,15,nan,nan,0.22
7/15/2025 6:03:36,1.17.0,Bandit80,9,4.13,nan,20,20,80,Right,Right,192,66,135,15,nan,nan,0.15
7/15/2025 6:03:38,1.17.0,Bandit80,9,4.13,2,20,20,80,Pellet,Right,192,66,136,15,0.50,210,nan
7/15/2025 6:04:00,1.17.0,Bandit80,9,4.13,nan,20,20,80,Right,Right,192,67,136,16,nan,nan,0.25
7/15/2025 6:04:01,1.17.0,Bandit80,9,4.13,1,20,20,80,Pellet,Right,192,67,137,16,0.50,23,nan
7/15/2025 6:07:41,1.17.0,Bandit80,9,4.13,nan,20,20,80,Right,Right,192,68,137,17,nan,nan,0.12
7/15/2025 6:07:45,1.17.0,Bandit80,9,4.13,1,20,20,80,Pellet,Right,192,68,138,17,2.78,224,nan
7/15/2025 6:08:02,1.17.0,Bandit80,9,4.13,nan,20,20,80,Right,Right,192,69,138,18,nan,nan,0.16
7/15/2025 6:08:03,1.17.0,Bandit80,9,4.13,1,20,20,80,Pellet,Right,192,69,139,18,0.56,18,nan
7/15/2025 6:08:35,1.17.0,Bandit80,9,4.13,nan,20,20,80,Right,Right,192,70,139,19,nan,nan,0.40
7/15/2025 6:10:50,1.17.0,Bandit80,9,4.13,nan,20,20,80,Left,Right,193,70,139,19,nan,nan,0.02
7/15/2025 6:10:50,1.17.0,Bandit80,9,4.13,nan,20,20,80,LeftinTimeOut,Right,193,70,139,19,nan,nan,nan
7/15/2025 6:10:53,1.17.0,Bandit80,9,4.12,nan,20,20,80,LeftinTimeOut,Right,193,70,139,19,nan,nan,nan
7/15/2025 6:10:53,1.17.0,Bandit80,9,4.13,nan,20,20,80,LeftinTimeOut,Right,193,70,139,19,nan,nan,nan
7/15/2025 6:29:10,1.17.0,Bandit80,9,4.13,nan,20,20,80,Left,Right,194,70,139,19,nan,nan,0.04
7/15/2025 6:30:20,1.17.0,Bandit80,9,4.13,nan,20,20,80,LeftinTimeOut,Right,194,70,139,19,nan,nan,nan
7/15/2025 6:30:23,1.17.0,Bandit80,9,4.13,nan,20,20,80,Left,Right,195,70,139,19,nan,nan,2.13
7/15/2025 6:30:24,1.17.0,Bandit80,9,4.13,nan,20,20,80,LeftinTimeOut,Right,195,70,139,19,nan,nan,nan
7/15/2025 6:30:29,1.17.0,Bandit80,9,4.13,nan,20,20,80,LeftinTimeOut,Right,195,70,139,19,nan,nan,nan
7/15/2025 6:30:29,1.17.0,Bandit80,9,4.13,nan,20,20,80,LeftinTimeOut,Right,195,70,139,19,nan,nan,nan
7/15/2025 6:30:31,1.17.0,Bandit80,9,4.13,nan,20,20,80,LeftinTimeOut,Right,195,70,139,19,nan,nan,nan
7/15/2025 6:31:27,1.17.0,Bandit80,9,4.13,nan,20,20,80,Right,Right,195,71,139,19,nan,nan,0.04
7/15/2025 6:31:45,1.17.0,Bandit80,9,4.13,1,20,20,80,Pellet,Right,195,71,140,19,16.88,1422,nan
7/15/2025 6:31:46,1.17.0,Bandit80,9,4.13,nan,20,80,20,Left,Left,196,71,140,0,nan,nan,0.00
7/15/2025 6:31:56,1.17.0,Bandit80,9,4.14,1,20,80,20,Pellet,Left,196,71,141,0,9.57,11,nan
7/15/2025 6:32:17,1.17.0,Bandit80,9,4.13,nan,20,80,20,Left,Left,197,71,141,1,nan,nan,0.24
7/15/2025 6:32:20,1.17.0,Bandit80,9,4.13,1,20,80,20,Pellet,Left,197,71,142,1,1.83,24,nan
7/15/2025 6:32:39,1.17.0,Bandit80,9,4.13,nan,20,80,20,Left,Left,198,71,142,2,nan,nan,0.39
7/15/2025 6:32:42,1.17.0,Bandit80,9,4.12,1,20,80,20,Pellet,Left,198,71,143,2,2.34,22,nan
7/15/2025 6:32:58,1.17.0,Bandit80,9,4.13,nan,20,80,20,Left,Left,199,71,143,3,nan,nan,0.18
7/15/2025 6:33:00,1.17.0,Bandit80,9,4.13,1,20,80,20,Pellet,Left,199,71,144,3,0.75,18,nan
7/15/2025 6:33:32,1.17.0,Bandit80,9,4.13,nan,20,80,20,Left,Left,200,71,144,4,nan,nan,0.09
7/15/2025 6:33:33,1.17.0,Bandit80,9,4.13,1,20,80,20,Pellet,Left,200,71,145,4,0.31,33,nan
7/15/2025 6:36:23,1.17.0,Bandit80,9,4.12,nan,20,80,20,Left,Left,201,71,145,5,nan,nan,0.09
7/15/2025 6:36:29,1.17.0,Bandit80,9,4.13,nan,20,80,20,LeftWithPellet,Left,201,71,145,5,nan,nan,0.01
7/15/2025 6:36:40,1.17.0,Bandit80,9,4.13,1,20,80,20,Pellet,Left,201,71,146,5,16.55,187,nan
7/15/2025 8:41:28,1.17.0,Bandit80,9,4.12,nan,20,80,20,Left,Left,202,71,146,6,nan,nan,0.41
7/15/2025 8:41:30,1.17.0,Bandit80,9,4.12,nan,20,80,20,LeftWithPellet,Left,202,71,146,6,nan,nan,0.10
7/15/2025 8:41:56,1.17.0,Bandit80,9,4.12,1,20,80,20,Pellet,Left,202,71,147,6,27.27,7516,nan
7/15/2025 8:42:18,1.17.0,Bandit80,9,4.12,nan,20,80,20,Left,Left,203,71,147,7,nan,nan,0.17
7/15/2025 8:42:20,1.17.0,Bandit80,9,4.12,1,20,80,20,Pellet,Left,203,71,148,7,0.82,24,nan
7/15/2025 8:42:47,1.17.0,Bandit80,9,4.12,nan,20,80,20,Left,Left,204,71,148,8,nan,nan,0.22
7/15/2025 8:42:48,1.17.0,Bandit80,9,4.12,1,20,80,20,Pellet,Left,204,71,149,8,0.88,28,nan
7/15/2025 8:43:14,1.17.0,Bandit80,9,4.12,nan,20,80,20,Left,Left,205,71,149,9,nan,nan,0.03
7/15/2025 8:43:15,1.17.0,Bandit80,9,4.12,1,20,80,20,Pellet,Left,205,71,150,9,0.56,27,nan
7/15/2025 8:43:33,1.17.0,Bandit80,9,4.12,nan,20,80,20,Left,Left,206,71,150,10,nan,nan,0.17
7/15/2025 8:43:35,1.17.0,Bandit80,9,4.12,1,20,80,20,Pellet,Left,206,71,151,10,0.56,19,nan
7/15/2025 8:44:03,1.17.0,Bandit80,9,4.12,nan,20,80,20,Left,Left,207,71,151,11,nan,nan,0.14
7/15/2025 8:44:04,1.17.0,Bandit80,9,4.12,1,20,80,20,Pellet,Left,207,71,152,11,0.31,30,nan
7/15/2025 8:45:52,1.17.0,Bandit80,9,4.12,nan,20,80,20,Left,Left,208,71,152,12,nan,nan,0.15
7/15/2025 9:21:39,1.17.0,Bandit80,9,4.12,nan,20,80,20,Left,Left,209,71,152,12,nan,nan,1.40
7/15/2025 9:21:42,1.17.0,Bandit80,9,4.12,1,20,80,20,Pellet,Left,209,71,153,12,2.27,2258,nan
7/15/2025 9:22:21,1.17.0,Bandit80,9,4.12,nan,20,80,20,Left,Left,210,71,153,13,nan,nan,0.02
7/15/2025 9:22:21,1.17.0,Bandit80,9,4.12,nan,20,80,20,LeftDuringDispense,Left,210,71,153,13,nan,nan,0.01
7/15/2025 9:22:26,1.17.0,Bandit80,9,4.12,3,20,80,20,Pellet,Left,210,71,154,13,0.37,44,nan
7/15/2025 9:22:51,1.17.0,Bandit80,9,4.12,nan,20,80,20,Left,Left,211,71,154,14,nan,nan,0.15
7/15/2025 9:22:52,1.17.0,Bandit80,9,4.12,1,20,80,20,Pellet,Left,211,71,155,14,0.37,26,nan
7/15/2025 9:23:22,1.17.0,Bandit80,9,4.12,nan,20,80,20,Left,Left,212,71,155,15,nan,nan,0.20
7/15/2025 9:23:23,1.17.0,Bandit80,9,4.12,1,20,80,20,Pellet,Left,212,71,156,15,0.37,31,nan
7/15/2025 9:23:49,1.17.0,Bandit80,9,4.12,nan,20,80,20,Left,Left,213,71,156,16,nan,nan,0.04
7/15/2025 9:23:51,1.17.0,Bandit80,9,4.13,nan,20,80,20,LeftinTimeOut,Left,213,71,156,16,nan,nan,nan
7/15/2025 10:02:42,1.17.0,Bandit80,9,4.12,nan,20,80,20,Left,Left,214,71,156,16,nan,nan,0.38
7/15/2025 10:02:46,1.17.0,Bandit80,9,4.12,1,20,80,20,Pellet,Left,214,71,157,16,2.91,2363,nan
7/15/2025 10:06:56,1.17.0,Bandit80,9,4.12,nan,20,80,20,Left,Left,215,71,157,17,nan,nan,0.44
7/15/2025 10:06:58,1.17.0,Bandit80,9,4.12,1,20,80,20,Pellet,Left,215,71,158,17,0.94,252,nan
7/15/2025 10:08:05,1.17.0,Bandit80,9,4.12,nan,20,80,20,Left,Left,216,71,158,18,nan,nan,0.43
7/15/2025 10:08:07,1.17.0,Bandit80,9,4.12,1,20,80,20,Pellet,Left,216,71,159,18,0.56,69,nan
7/15/2025 11:21:49,1.17.0,Bandit80,9,4.12,nan,20,80,20,Left,Left,217,71,159,19,nan,nan,0.29
7/15/2025 11:21:52,1.17.0,Bandit80,9,4.12,1,20,80,20,Pellet,Left,217,71,160,19,1.58,4425,nan
7/15/2025 11:22:23,1.17.0,Bandit80,9,4.12,nan,20,20,80,Left,Right,218,71,160,0,nan,nan,0.40
7/15/2025 11:22:25,1.17.0,Bandit80,9,4.12,nan,20,20,80,LeftinTimeOut,Right,218,71,160,0,nan,nan,nan
7/15/2025 11:22:27,1.17.0,Bandit80,9,4.12,nan,20,20,80,LeftinTimeOut,Right,218,71,160,0,nan,nan,nan
7/15/2025 11:22:27,1.17.0,Bandit80,9,4.12,nan,20,20,80,LeftinTimeOut,Right,218,71,160,0,nan,nan,nan
7/15/2025 11:35:33,1.17.0,Bandit80,9,4.12,nan,20,20,80,Left,Right,219,71,160,0,nan,nan,0.26
7/15/2025 11:35:38,1.17.0,Bandit80,9,4.12,2,20,20,80,Pellet,Right,219,71,161,0,2.08,826,nan
7/15/2025 11:36:15,1.17.0,Bandit80,9,4.12,nan,20,20,80,Left,Right,220,71,161,1,nan,nan,0.53
7/15/2025 11:36:16,1.17.0,Bandit80,9,4.12,nan,20,20,80,LeftinTimeOut,Right,220,71,161,1,nan,nan,nan
7/15/2025 11:36:36,1.17.0,Bandit80,9,4.12,nan,20,20,80,Left,Right,221,71,161,1,nan,nan,0.41
7/15/2025 11:36:37,1.17.0,Bandit80,9,4.12,1,20,20,80,Pellet,Right,221,71,162,1,0.63,59,nan
7/15/2025 11:37:14,1.17.0,Bandit80,9,4.12,nan,20,20,80,Left,Right,222,71,162,2,nan,nan,0.33
7/15/2025 11:37:16,1.17.0,Bandit80,9,4.12,nan,20,20,80,LeftinTimeOut,Right,222,71,162,2,nan,nan,nan
7/15/2025 11:37:18,1.17.0,Bandit80,9,4.11,nan,20,20,80,LeftinTimeOut,Right,222,71,162,2,nan,nan,nan
7/15/2025 11:37:21,1.17.0,Bandit80,9,4.12,nan,20,20,80,LeftinTimeOut,Right,222,71,162,2,nan,nan,nan
7/15/2025 11:37:28,1.17.0,Bandit80,9,4.11,nan,20,20,80,LeftinTimeOut,Right,222,71,162,2,nan,nan,nan
7/15/2025 12:06:42,1.17.0,Bandit80,9,4.12,nan,20,20,80,Left,Right,223,71,162,2,nan,nan,0.04
7/15/2025 12:31:31,1.17.0,Bandit80,9,4.12,nan,20,20,80,Left,Right,224,71,162,2,nan,nan,0.93
7/15/2025 12:31:34,1.17.0,Bandit80,9,4.12,nan,20,20,80,LeftinTimeOut,Right,224,71,162,2,nan,nan,nan
7/15/2025 12:47:23,1.17.0,Bandit80,9,4.12,nan,20,20,80,Left,Right,225,71,162,2,nan,nan,0.30
7/15/2025 13:02:17,1.17.0,Bandit80,9,4.11,nan,20,20,80,Left,Right,226,71,162,2,nan,nan,0.94
7/15/2025 13:02:19,1.17.0,Bandit80,9,4.11,nan,20,20,80,LeftinTimeOut,Right,226,71,162,2,nan,nan,nan
7/15/2025 13:07:58,1.17.0,Bandit80,9,4.11,nan,20,20,80,Left,Right,227,71,162,2,nan,nan,0.01
7/15/2025 13:07:58,1.17.0,Bandit80,9,4.11,nan,20,20,80,LeftDuringDispense,Right,227,71,162,2,nan,nan,0.04
7/15/2025 13:08:01,1.17.0,Bandit80,9,4.11,2,20,20,80,Pellet,Right,227,71,163,2,0.31,5484,nan
7/15/2025 13:08:34,1.17.0,Bandit80,9,4.12,nan,20,20,80,Left,Right,228,71,163,3,nan,nan,0.25
7/15/2025 13:08:40,1.17.0,Bandit80,9,4.11,nan,20,20,80,LeftinTimeOut,Right,228,71,163,3,nan,nan,nan
7/15/2025 13:08:41,1.17.0,Bandit80,9,4.11,nan,20,20,80,LeftinTimeOut,Right,228,71,163,3,nan,nan,nan
7/15/2025 13:08:42,1.17.0,Bandit80,9,4.11,nan,20,20,80,LeftinTimeOut,Right,228,71,163,3,nan,nan,nan
7/15/2025 13:08:44,1.17.0,Bandit80,9,4.11,nan,20,20,80,LeftinTimeOut,Right,228,71,163,3,nan,nan,nan
7/15/2025 13:09:39,1.17.0,Bandit80,9,4.11,nan,20,20,80,Left,Right,229,71,163,3,nan,nan,0.22
7/15/2025 13:09:39,1.17.0,Bandit80,9,4.12,nan,20,20,80,LeftDuringDispense,Right,229,71,163,3,nan,nan,0.06
7/15/2025 13:09:43,1.17.0,Bandit80,9,4.11,2,20,20,80,Pellet,Right,229,71,164,3,0.69,102,nan
7/15/2025 13:10:13,1.17.0,Bandit80,9,4.11,nan,20,20,80,Left,Right,230,71,164,4,nan,nan,0.46
7/15/2025 13:20:11,1.17.0,Bandit80,9,4.11,nan,20,20,80,Left,Right,231,71,164,4,nan,nan,0.00
7/15/2025 13:20:13,1.17.0,Bandit80,9,4.11,1,20,20,80,Pellet,Right,231,71,165,4,0.69,630,nan
7/15/2025 13:20:34,1.17.0,Bandit80,9,4.11,nan,20,20,80,Left,Right,232,71,165,5,nan,nan,0.13
7/15/2025 13:20:41,1.17.0,Bandit80,9,4.11,nan,20,20,80,LeftinTimeOut,Right,232,71,165,5,nan,nan,nan
7/15/2025 13:20:44,1.17.0,Bandit80,9,4.11,nan,20,20,80,LeftinTimeOut,Right,232,71,165,5,nan,nan,nan
7/15/2025 13:24:24,1.17.0,Bandit80,9,4.11,nan,20,20,80,Left,Right,233,71,165,5,nan,nan,0.25
7/15/2025 13:24:29,1.17.0,Bandit80,9,4.11,1,20,20,80,Pellet,Right,233,71,166,5,4.56,256,nan
7/15/2025 13:25:04,1.17.0,Bandit80,9,4.11,nan,20,20,80,Left,Right,234,71,166,6,nan,nan,0.25
7/15/2025 13:25:14,1.17.0,Bandit80,9,4.11,nan,20,20,80,LeftinTimeOut,Right,234,71,166,6,nan,nan,nan
7/15/2025 13:31:38,1.17.0,Bandit80,9,4.11,nan,20,20,80,Right,Right,234,72,166,6,nan,nan,0.29
7/15/2025 13:31:43,1.17.0,Bandit80,9,4.11,3,20,20,80,Pellet,Right,234,72,167,6,0.63,434,nan
7/15/2025 13:36:06,1.17.0,Bandit80,9,4.11,nan,20,20,80,Right,Right,234,73,167,7,nan,nan,0.23
7/15/2025 13:36:08,1.17.0,Bandit80,9,4.11,nan,20,20,80,RightWithPellet,Right,234,74,167,7,nan,nan,0.10
7/15/2025 13:36:08,1.17.0,Bandit80,9,4.11,1,20,20,80,Pellet,Right,234,74,168,7,1.33,265,nan
7/15/2025 13:36:25,1.17.0,Bandit80,9,4.11,nan,20,20,80,Right,Right,234,75,168,8,nan,nan,0.22
7/15/2025 13:36:27,1.17.0,Bandit80,9,4.11,1,20,20,80,Pellet,Right,234,75,169,8,1.20,19,nan
7/15/2025 13:39:28,1.17.0,Bandit80,9,4.11,nan,20,20,80,Right,Right,234,76,169,9,nan,nan,0.14
7/15/2025 13:39:31,1.17.0,Bandit80,9,4.11,nan,20,20,80,RightDuringDispense,Right,234,76,169,9,nan,nan,0.07
7/15/2025 13:39:32,1.17.0,Bandit80,9,4.11,2,20,20,80,Pellet,Right,234,76,170,9,0.56,185,nan
7/15/2025 13:39:49,1.17.0,Bandit80,9,4.11,nan,20,20,80,Right,Right,234,77,170,10,nan,nan,0.03
7/15/2025 13:39:51,1.17.0,Bandit80,9,4.11,2,20,20,80,Pellet,Right,234,77,171,10,1.39,19,nan
7/15/2025 13:40:01,1.17.0,Bandit80,9,4.11,nan,20,20,80,Right,Right,234,78,171,11,nan,nan,0.18
7/15/2025 14:46:50,1.17.0,Bandit80,9,4.11,nan,20,20,80,Left,Right,235,78,171,11,nan,nan,0.06
7/15/2025 14:46:52,1.17.0,Bandit80,9,4.11,1,20,20,80,Pellet,Right,235,78,172,11,1.20,4021,nan
7/15/2025 14:47:24,1.17.0,Bandit80,9,4.11,nan,20,20,80,Left,Right,236,78,172,12,nan,nan,0.04
7/15/2025 14:47:26,1.17.0,Bandit80,9,4.11,nan,20,20,80,LeftinTimeOut,Right,236,78,172,12,nan,nan,nan
7/15/2025 14:47:27,1.17.0,Bandit80,9,4.11,nan,20,20,80,LeftinTimeOut,Right,236,78,172,12,nan,nan,nan
7/15/2025 14:59:21,1.17.0,Bandit80,9,4.11,nan,20,20,80,Left,Right,237,78,172,12,nan,nan,0.16
7/15/2025 15:20:25,1.17.0,Bandit80,9,4.11,nan,20,20,80,Left,Right,238,78,172,12,nan,nan,0.19
7/15/2025 15:42:39,1.17.0,Bandit80,9,4.11,nan,20,20,80,Left,Right,239,78,172,12,nan,nan,0.63
7/15/2025 15:42:41,1.17.0,Bandit80,9,4.11,nan,20,20,80,LeftinTimeOut,Right,239,78,172,12,nan,nan,nan
7/15/2025 15:46:43,1.17.0,Bandit80,9,4.11,nan,20,20,80,Left,Right,240,78,172,12,nan,nan,0.06
7/15/2025 15:46:44,1.17.0,Bandit80,9,4.11,nan,20,20,80,LeftinTimeOut,Right,240,78,172,12,nan,nan,nan
7/15/2025 15:46:45,1.17.0,Bandit80,9,4.11,nan,20,20,80,LeftinTimeOut,Right,240,78,172,12,nan,nan,nan
7/15/2025 15:46:45,1.17.0,Bandit80,9,4.11,nan,20,20,80,LeftinTimeOut,Right,240,78,172,12,nan,nan,nan
7/15/2025 15:56:14,1.17.0,Bandit80,9,4.11,nan,20,20,80,Left,Right,241,78,172,12,nan,nan,0.38
7/15/2025 15:56:30,1.17.0,Bandit80,9,4.11,nan,20,20,80,Right,Right,241,79,172,12,nan,nan,0.07
7/15/2025 15:57:06,1.17.0,Bandit80,9,4.11,nan,20,20,80,Right,Right,241,80,172,12,nan,nan,0.34
7/15/2025 15:57:07,1.17.0,Bandit80,9,4.11,1,20,20,80,Pellet,Right,241,80,173,12,0.31,4215,nan
7/15/2025 15:57:28,1.17.0,Bandit80,9,4.11,nan,20,20,80,Right,Right,241,81,173,13,nan,nan,0.31
7/15/2025 15:57:29,1.17.0,Bandit80,9,4.10,1,20,20,80,Pellet,Right,241,81,174,13,0.44,22,nan
7/15/2025 15:57:46,1.17.0,Bandit80,9,4.11,nan,20,20,80,Right,Right,241,82,174,14,nan,nan,0.14
7/15/2025 15:57:47,1.17.0,Bandit80,9,4.11,1,20,20,80,Pellet,Right,241,82,175,14,1.01,18,nan
7/15/2025 15:58:20,1.17.0,Bandit80,9,4.11,nan,20,20,80,Right,Right,241,83,175,15,nan,nan,0.15
7/15/2025 15:58:24,1.17.0,Bandit80,9,4.11,nan,20,20,80,RightinTimeout,Right,241,83,175,15,nan,nan,0.00
7/15/2025 15:59:36,1.17.0,Bandit80,9,4.11,nan,20,20,80,Right,Right,241,84,175,15,nan,nan,0.21
7/15/2025 15:59:40,1.17.0,Bandit80,9,4.11,nan,20,20,80,RightinTimeout,Right,241,84,175,15,nan,nan,0.00
7/15/2025 15:59:40,1.17.0,Bandit80,9,4.11,nan,20,20,80,RightinTimeout,Right,241,84,175,15,nan,nan,0.00
7/15/2025 15:59:43,1.17.0,Bandit80,9,4.11,nan,20,20,80,RightinTimeout,Right,241,84,175,15,nan,nan,0.00
7/15/2025 16:01:51,1.17.0,Bandit80,9,4.10,nan,20,20,80,Right,Right,241,85,175,15,nan,nan,0.16
7/15/2025 16:01:54,1.17.0,Bandit80,9,4.11,1,20,20,80,Pellet,Right,241,85,176,15,1.83,247,nan
7/15/2025 16:02:09,1.17.0,Bandit80,9,4.11,nan,20,20,80,Right,Right,241,86,176,16,nan,nan,0.21
7/15/2025 16:02:10,1.17.0,Bandit80,9,4.11,1,20,20,80,Pellet,Right,241,86,177,16,0.50,16,nan
7/15/2025 16:02:32,1.17.0,Bandit80,9,4.11,nan,20,20,80,Right,Right,241,87,177,17,nan,nan,0.11
7/15/2025 16:02:38,1.17.0,Bandit80,9,4.10,1,20,20,80,Pellet,Right,241,87,178,17,5.51,28,nan
7/15/2025 16:02:49,1.17.0,Bandit80,9,4.11,nan,20,20,80,Right,Right,241,88,178,18,nan,nan,0.02
7/15/2025 16:02:50,1.17.0,Bandit80,9,4.11,1,20,20,80,Pellet,Right,241,88,179,18,0.50,12,nan
7/15/2025 16:03:16,1.17.0,Bandit80,9,4.11,nan,20,20,80,Right,Right,241,89,179,19,nan,nan,0.06
7/15/2025 16:03:18,1.17.0,Bandit80,9,4.11,1,20,20,80,Pellet,Right,241,89,180,19,0.31,28,nan
7/15/2025 16:04:11,1.17.0,Bandit80,9,4.11,nan,20,80,20,Right,Left,241,90,180,0,nan,nan,0.09
7/15/2025 16:08:12,1.17.0,Bandit80,9,4.11,nan,20,80,20,Left,Left,242,90,180,0,nan,nan,0.04
7/15/2025 16:08:13,1.17.0,Bandit80,9,4.11,1,20,80,20,Pellet,Left,242,90,181,0,0.56,295,nan
7/15/2025 16:08:29,1.17.0,Bandit80,9,4.10,nan,20,80,20,Left,Left,243,90,181,1,nan,nan,0.20
7/15/2025 16:08:30,1.17.0,Bandit80,9,4.11,1,20,80,20,Pellet,Left,243,90,182,1,0.31,17,nan
7/15/2025 16:08:47,1.17.0,Bandit80,9,4.11,nan,20,80,20,Left,Left,244,90,182,2,nan,nan,0.05
7/15/2025 16:08:49,1.17.0,Bandit80,9,4.11,nan,20,80,20,LeftinTimeOut,Left,244,90,182,2,nan,nan,nan
7/15/2025 16:08:49,1.17.0,Bandit80,9,4.10,nan,20,80,20,LeftinTimeOut,Left,244,90,182,2,nan,nan,nan
7/15/2025 16:08:53,1.17.0,Bandit80,9,4.11,nan,20,80,20,LeftinTimeOut,Left,244,90,182,2,nan,nan,nan
7/15/2025 17:09:00,1.17.0,Bandit80,9,4.11,nan,20,80,20,Left,Left,245,90,182,2,nan,nan,0.05
7/15/2025 17:09:02,1.17.0,Bandit80,9,4.10,1,20,80,20,Pellet,Left,245,90,183,2,0.69,3632,nan
7/15/2025 17:09:33,1.17.0,Bandit80,9,4.11,nan,20,80,20,Left,Left,246,90,183,3,nan,nan,0.25
7/15/2025 17:09:34,1.17.0,Bandit80,9,4.11,1,20,80,20,Pellet,Left,246,90,184,3,0.25,32,nan
7/15/2025 17:09:58,1.17.0,Bandit80,9,4.11,nan,20,80,20,Left,Left,247,90,184,4,nan,nan,0.29
7/15/2025 17:10:02,1.17.0,Bandit80,9,4.10,2,20,80,20,Pellet,Left,247,90,185,4,0.88,28,nan
7/15/2025 17:10:39,1.17.0,Bandit80,9,4.11,nan,20,80,20,Left,Left,248,90,185,5,nan,nan,0.50
7/15/2025 17:10:40,1.17.0,Bandit80,9,4.11,2,20,80,20,Pellet,Left,248,90,186,5,0.06,38,nan
7/15/2025 17:11:01,1.17.0,Bandit80,9,4.10,nan,20,80,20,Left,Left,249,90,186,6,nan,nan,0.26
7/15/2025 17:11:02,1.17.0,Bandit80,9,4.11,1,20,80,20,Pellet,Left,249,90,187,6,0.25,22,nan
7/15/2025 17:11:21,1.17.0,Bandit80,9,4.10,nan,20,80,20,Left,Left,250,90,187,7,nan,nan,0.18
7/15/2025 17:11:28,1.17.0,Bandit80,9,4.10,1,20,80,20,Pellet,Left,250,90,188,7,5.64,26,nan
7/15/2025 17:12:04,1.17.0,Bandit80,9,4.10,nan,20,80,20,Left,Left,251,90,188,8,nan,nan,0.03
7/15/2025 17:12:06,1.17.0,Bandit80,9,4.10,1,20,80,20,Pellet,Left,251,90,189,8,0.69,38,nan
7/15/2025 17:12:31,1.17.0,Bandit80,9,4.11,nan,20,80,20,Left,Left,252,90,189,9,nan,nan,0.17
7/15/2025 17:12:32,1.17.0,Bandit80,9,4.10,1,20,80,20,Pellet,Left,252,90,190,9,0.06,26,nan
7/15/2025 17:50:42,1.17.0,Bandit80,9,4.11,nan,20,80,20,Left,Left,253,90,190,10,nan,nan,0.04
7/15/2025 17:50:44,1.17.0,Bandit80,9,4.11,1,20,80,20,Pellet,Left,253,90,191,10,1.20,2292,nan
7/15/2025 17:50:59,1.17.0,Bandit80,9,4.10,nan,20,80,20,Left,Left,254,90,191,11,nan,nan,0.06
7/15/2025 17:51:00,1.17.0,Bandit80,9,4.11,1,20,80,20,Pellet,Left,254,90,192,11,0.31,16,nan
7/15/2025 17:51:20,1.17.0,Bandit80,9,4.10,nan,20,80,20,Left,Left,255,90,192,12,nan,nan,0.06
7/15/2025 17:51:22,1.17.0,Bandit80,9,4.10,1,20,80,20,Pellet,Left,255,90,193,12,1.13,22,nan
7/15/2025 17:51:43,1.17.0,Bandit80,9,4.11,nan,20,80,20,Left,Left,256,90,193,13,nan,nan,0.46
7/15/2025 17:57:41,1.17.0,Bandit80,9,4.10,nan,20,80,20,Left,Left,257,90,193,13,nan,nan,0.07
7/15/2025 17:57:43,1.17.0,Bandit80,9,4.11,1,20,80,20,Pellet,Left,257,90,194,13,1.01,381,nan
7/15/2025 17:58:05,1.17.0,Bandit80,9,4.10,nan,20,80,20,Left,Left,258,90,194,14,nan,nan,0.08
7/15/2025 17:58:06,1.17.0,Bandit80,9,4.10,1,20,80,20,Pellet,Left,258,90,195,14,0.31,23,nan
7/15/2025 17:58:25,1.17.0,Bandit80,9,4.10,nan,20,80,20,Left,Left,259,90,195,15,nan,nan,0.05
7/15/2025 17:58:27,1.17.0,Bandit80,9,4.10,1,20,80,20,Pellet,Left,259,90,196,15,1.07,21,nan
7/15/2025 17:58:37,1.17.0,Bandit80,9,4.10,nan,20,80,20,Left,Left,260,90,196,16,nan,nan,0.64
7/15/2025 17:58:48,1.17.0,Bandit80,9,4.11,3,20,80,20,Pellet,Left,260,90,197,16,5.83,21,nan
7/15/2025 18:31:27,1.17.0,Bandit80,9,4.10,nan,20,80,20,Right,Left,260,91,197,17,nan,nan,0.12
7/15/2025 18:31:28,1.17.0,Bandit80,9,4.10,1,20,80,20,Pellet,Left,260,91,198,17,0.56,1960,nan
7/15/2025 18:31:45,1.17.0,Bandit80,9,4.10,nan,20,80,20,Right,Left,260,92,198,18,nan,nan,0.02
7/15/2025 18:39:18,1.17.0,Bandit80,9,4.10,nan,20,80,20,Right,Left,260,93,198,18,nan,nan,0.14
7/15/2025 18:39:21,1.17.0,Bandit80,9,4.10,1,20,80,20,Pellet,Left,260,93,199,18,2.34,473,nan
7/15/2025 18:49:25,1.17.0,Bandit80,9,4.10,nan,20,80,20,Left,Left,261,93,199,19,nan,nan,0.10
7/15/2025 18:49:27,1.17.0,Bandit80,9,4.10,1,20,80,20,Pellet,Left,261,93,200,19,0.69,606,nan
7/15/2025 18:55:25,1.17.0,Bandit80,9,4.10,nan,20,20,80,Right,Right,261,94,200,0,nan,nan,0.06
7/15/2025 19:06:39,1.17.0,Bandit80,9,4.10,nan,20,20,80,Right,Right,261,95,200,0,nan,nan,0.10
7/15/2025 19:06:40,1.17.0,Bandit80,9,4.10,1,20,20,80,Pellet,Right,261,95,201,0,0.56,1033,nan
7/15/2025 19:17:51,1.17.0,Bandit80,9,4.10,nan,20,20,80,Right,Right,261,96,201,1,nan,nan,0.07
7/15/2025 19:17:54,1.17.0,Bandit80,9,4.11,1,20,20,80,Pellet,Right,261,96,202,1,1.64,674,nan
7/15/2025 19:20:05,1.17.0,Bandit80,9,4.10,nan,20,20,80,Right,Right,261,97,202,2,nan,nan,0.13
7/15/2025 19:20:06,1.17.0,Bandit80,9,4.10,1,20,20,80,Pellet,Right,261,97,203,2,0.31,132,nan
7/15/2025 19:20:22,1.17.0,Bandit80,9,4.10,nan,20,20,80,Left,Right,262,97,203,3,nan,nan,0.31
7/15/2025 19:20:25,1.17.0,Bandit80,9,4.10,nan,20,20,80,LeftinTimeOut,Right,262,97,203,3,nan,nan,nan
7/15/2025 19:21:53,1.17.0,Bandit80,9,4.10,nan,20,20,80,Right,Right,262,98,203,3,nan,nan,0.00
7/15/2025 19:46:40,1.17.0,Bandit80,9,4.10,nan,20,20,80,Left,Right,263,98,203,3,nan,nan,53.33
7/15/2025 19:56:46,1.17.0,Bandit80,9,4.10,nan,20,20,80,Left,Right,264,98,203,3,nan,nan,591.20
7/15/2025 19:58:05,1.17.0,Bandit80,9,4.10,nan,20,20,80,LeftinTimeOut,Right,264,98,203,3,nan,nan,nan
7/15/2025 19:58:21,1.17.0,Bandit80,9,4.09,nan,20,20,80,Left,Right,265,98,203,3,nan,nan,0.01
7/15/2025 19:58:32,1.17.0,Bandit80,9,4.09,nan,20,20,80,Left,Right,266,98,203,3,nan,nan,0.14
7/15/2025 19:58:33,1.17.0,Bandit80,9,4.09,nan,20,20,80,LeftinTimeOut,Right,266,98,203,3,nan,nan,nan
7/15/2025 19:58:33,1.17.0,Bandit80,9,4.10,nan,20,20,80,LeftinTimeOut,Right,266,98,203,3,nan,nan,nan
7/15/2025 19:59:11,1.17.0,Bandit80,9,4.09,nan,20,20,80,Right,Right,266,99,203,3,nan,nan,0.16
7/15/2025 20:02:28,1.17.0,Bandit80,9,4.10,nan,20,20,80,Right,Right,266,100,203,3,nan,nan,0.11
7/15/2025 20:02:29,1.17.0,Bandit80,9,4.10,1,20,20,80,Pellet,Right,266,100,204,3,0.82,2543,nan
7/15/2025 20:02:50,1.17.0,Bandit80,9,4.09,nan,20,20,80,Right,Right,266,101,204,4,nan,nan,0.32
7/15/2025 20:02:51,1.17.0,Bandit80,9,4.09,1,20,20,80,Pellet,Right,266,101,205,4,0.25,22,nan
7/15/2025 20:03:09,1.17.0,Bandit80,9,4.10,nan,20,20,80,Right,Right,266,102,205,5,nan,nan,0.13
7/15/2025 20:03:10,1.17.0,Bandit80,9,4.09,1,20,20,80,Pellet,Right,266,102,206,5,0.31,19,nan
7/15/2025 20:03:23,1.17.0,Bandit80,9,4.10,nan,20,20,80,Right,Right,266,103,206,6,nan,nan,0.06
7/15/2025 20:03:24,1.17.0,Bandit80,9,4.10,1,20,20,80,Pellet,Right,266,103,207,6,0.19,14,nan
7/15/2025 20:04:35,1.17.0,Bandit80,9,4.10,nan,20,20,80,Right,Right,266,104,207,7,nan,nan,0.30
7/15/2025 20:04:37,1.17.0,Bandit80,9,4.10,1,20,20,80,Pellet,Right,266,104,208,7,0.94,73,nan
7/15/2025 20:04:46,1.17.0,Bandit80,9,4.10,nan,20,20,80,Right,Right,266,105,208,8,nan,nan,0.08
7/15/2025 20:04:47,1.17.0,Bandit80,9,4.09,nan,20,20,80,RightDuringDispense,Right,266,105,208,8,nan,nan,0.05
7/15/2025 20:04:54,1.17.0,Bandit80,9,4.09,2,20,20,80,Pellet,Right,266,105,209,8,4.56,17,nan
7/15/2025 20:05:07,1.17.0,Bandit80,9,4.10,nan,20,20,80,Right,Right,266,106,209,9,nan,nan,0.00
7/15/2025 20:05:08,1.17.0,Bandit80,9,4.10,1,20,20,80,Pellet,Right,266,106,210,9,0.82,14,nan
7/15/2025 20:05:18,1.17.0,Bandit80,9,4.09,nan,20,20,80,Right,Right,266,107,210,10,nan,nan,0.14
7/15/2025 20:05:20,1.17.0,Bandit80,9,4.10,1,20,20,80,Pellet,Right,266,107,211,10,0.82,12,nan
7/15/2025 20:05:36,1.17.0,Bandit80,9,4.09,nan,20,20,80,Right,Right,266,108,211,11,nan,nan,0.03
7/15/2025 20:05:38,1.17.0,Bandit80,9,4.09,1,20,20,80,Pellet,Right,266,108,212,11,0.94,18,nan
7/15/2025 20:05:50,1.17.0,Bandit80,9,4.09,nan,20,20,80,Right,Right,266,109,212,12,nan,nan,0.10
7/15/2025 20:05:58,1.17.0,Bandit80,9,4.10,nan,20,20,80,RightDuringDispense,Right,266,109,212,12,nan,nan,0.13
7/15/2025 20:06:32,1.17.0,Bandit80,9,4.09,6,20,20,80,Pellet,Right,266,109,213,12,29.59,54,nan
7/15/2025 20:07:34,1.17.0,Bandit80,9,4.09,nan,20,20,80,Right,Right,266,110,213,13,nan,nan,0.04
7/15/2025 20:07:36,1.17.0,Bandit80,9,4.09,1,20,20,80,Pellet,Right,266,110,214,13,0.31,64,nan
7/15/2025 20:07:50,1.17.0,Bandit80,9,4.10,nan,20,20,80,Right,Right,266,111,214,14,nan,nan,0.13
7/15/2025 20:07:51,1.17.0,Bandit80,9,4.10,1,20,20,80,Pellet,Right,266,111,215,14,0.12,15,nan
7/15/2025 20:08:13,1.17.0,Bandit80,9,4.10,nan,20,20,80,Right,Right,266,112,215,15,nan,nan,0.08
7/15/2025 20:08:14,1.17.0,Bandit80,9,4.10,1,20,20,80,Pellet,Right,266,112,216,15,0.31,23,nan
7/15/2025 20:10:25,1.17.0,Bandit80,9,4.09,nan,20,20,80,Right,Right,266,113,216,16,nan,nan,0.19
7/15/2025 20:10:26,1.17.0,Bandit80,9,4.10,1,20,20,80,Pellet,Right,266,113,217,16,0.19,132,nan
7/15/2025 20:10:52,1.17.0,Bandit80,9,4.09,nan,20,20,80,Left,Right,267,113,217,17,nan,nan,0.05
7/15/2025 20:11:12,1.17.0,Bandit80,9,4.10,nan,20,20,80,Right,Right,267,114,217,17,nan,nan,0.10
7/15/2025 20:11:13,1.17.0,Bandit80,9,4.10,1,20,20,80,Pellet,Right,267,114,218,17,0.31,47,nan
7/15/2025 20:11:57,1.17.0,Bandit80,9,4.10,nan,20,20,80,Left,Right,268,114,218,18,nan,nan,3.26
7/15/2025 20:15:58,1.17.0,Bandit80,9,4.10,nan,20,20,80,Right,Right,268,115,218,18,nan,nan,0.15
7/15/2025 20:15:59,1.17.0,Bandit80,9,4.09,2,20,20,80,Pellet,Right,268,115,219,18,0.44,286,nan
7/15/2025 20:16:43,1.17.0,Bandit80,9,4.10,nan,20,20,80,Left,Right,269,115,219,19,nan,nan,0.08
7/15/2025 20:16:46,1.17.0,Bandit80,9,4.10,1,20,20,80,Pellet,Right,269,115,220,19,2.15,47,nan
7/15/2025 20:17:00,1.17.0,Bandit80,9,4.10,nan,20,80,20,Left,Left,270,115,220,0,nan,nan,0.16
7/15/2025 20:36:51,1.17.0,Bandit80,9,4.09,nan,20,80,20,Right,Left,270,116,220,0,nan,nan,0.05
7/15/2025 20:50:41,1.17.0,Bandit80,9,4.09,nan,20,80,20,Right,Left,270,117,220,0,nan,nan,0.11
7/15/2025 20:50:42,1.17.0,Bandit80,9,4.09,nan,20,80,20,RightinTimeout,Left,270,117,220,0,nan,nan,0.00
7/15/2025 20:52:25,1.17.0,Bandit80,9,4.09,nan,20,80,20,Right,Left,270,118,220,0,nan,nan,0.03
7/15/2025 20:57:19,1.17.0,Bandit80,9,4.09,nan,20,80,20,Right,Left,270,119,220,0,nan,nan,0.01
7/15/2025 21:09:10,1.17.0,Bandit80,9,4.09,nan,20,80,20,Left,Left,271,119,220,0,nan,nan,0.01
7/15/2025 21:09:13,1.17.0,Bandit80,9,4.10,1,20,80,20,Pellet,Left,271,119,221,0,2.65,3147,nan
7/15/2025 21:09:32,1.17.0,Bandit80,9,4.09,nan,20,80,20,Left,Left,272,119,221,1,nan,nan,0.19
7/15/2025 21:09:34,1.17.0,Bandit80,9,4.09,nan,20,80,20,LeftinTimeOut,Left,272,119,221,1,nan,nan,nan
7/15/2025 21:11:17,1.17.0,Bandit80,9,4.09,nan,20,80,20,Right,Left,272,120,221,1,nan,nan,0.10
7/15/2025 21:16:35,1.17.0,Bandit80,9,4.09,nan,20,80,20,Right,Left,272,121,221,1,nan,nan,0.17
7/15/2025 21:18:27,1.17.0,Bandit80,9,4.09,nan,20,80,20,Right,Left,272,122,221,1,nan,nan,0.22
7/15/2025 21:18:28,1.17.0,Bandit80,9,4.09,1,20,80,20,Pellet,Left,272,122,222,1,1.01,555,nan
7/15/2025 21:18:50,1.17.0,Bandit80,9,4.09,nan,20,80,20,Right,Left,272,123,222,2,nan,nan,0.19
7/15/2025 21:18:52,1.17.0,Bandit80,9,4.09,nan,20,80,20,RightinTimeout,Left,272,123,222,2,nan,nan,0.00
7/15/2025 21:19:40,1.17.0,Bandit80,9,4.09,nan,20,80,20,Right,Left,272,124,222,2,nan,nan,0.17
7/15/2025 21:19:41,1.17.0,Bandit80,9,4.09,1,20,80,20,Pellet,Left,272,124,223,2,0.44,73,nan
7/15/2025 21:20:00,1.17.0,Bandit80,9,4.09,nan,20,80,20,Right,Left,272,125,223,3,nan,nan,0.15
7/15/2025 21:20:22,1.17.0,Bandit80,9,4.09,nan,20,80,20,Right,Left,272,126,223,3,nan,nan,0.28
7/15/2025 21:20:23,1.17.0,Bandit80,9,4.09,1,20,80,20,Pellet,Left,272,126,224,3,0.50,42,nan
7/15/2025 21:20:41,1.17.0,Bandit80,9,4.09,nan,20,80,20,Right,Left,272,127,224,4,nan,nan,0.10
7/15/2025 21:20:46,1.17.0,Bandit80,9,4.09,nan,20,80,20,RightinTimeout,Left,272,127,224,4,nan,nan,0.00
7/15/2025 21:21:39,1.17.0,Bandit80,9,4.09,nan,20,80,20,Right,Left,272,128,224,4,nan,nan,0.07
7/15/2025 21:30:11,1.17.0,Bandit80,9,4.09,nan,20,80,20,Right,Left,272,129,224,4,nan,nan,0.10
7/15/2025 21:44:23,1.17.0,Bandit80,9,4.09,nan,20,80,20,Right,Left,272,130,224,4,nan,nan,0.12
7/15/2025 22:15:13,1.17.0,Bandit80,9,4.09,nan,20,80,20,Left,Left,273,130,224,4,nan,nan,0.05
7/15/2025 22:15:15,1.17.0,Bandit80,9,4.09,1,20,80,20,Pellet,Left,273,130,225,4,1.39,3292,nan
7/15/2025 22:15:41,1.17.0,Bandit80,9,4.09,nan,20,80,20,Left,Left,274,130,225,5,nan,nan,0.18
7/15/2025 22:15:42,1.17.0,Bandit80,9,4.09,1,20,80,20,Pellet,Left,274,130,226,5,0.44,27,nan
7/15/2025 22:16:00,1.17.0,Bandit80,9,4.09,nan,20,80,20,Left,Left,275,130,226,6,nan,nan,0.07
7/15/2025 22:16:01,1.17.0,Bandit80,9,4.09,1,20,80,20,Pellet,Left,275,130,227,6,0.63,19,nan
7/15/2025 22:16:23,1.17.0,Bandit80,9,4.09,nan,20,80,20,Left,Left,276,130,227,7,nan,nan,0.04
7/15/2025 22:16:24,1.17.0,Bandit80,9,4.09,1,20,80,20,Pellet,Left,276,130,228,7,0.19,23,nan
7/15/2025 22:40:17,1.17.0,Bandit80,9,4.09,nan,20,80,20,Left,Left,277,130,228,8,nan,nan,0.73
7/15/2025 22:40:19,1.17.0,Bandit80,9,4.09,1,20,80,20,Pellet,Left,277,130,229,8,1.07,1435,nan
7/15/2025 22:40:37,1.17.0,Bandit80,9,4.09,nan,20,80,20,Left,Left,278,130,229,9,nan,nan,0.33
7/15/2025 22:40:39,1.17.0,Bandit80,9,4.09,1,20,80,20,Pellet,Left,278,130,230,9,1.01,20,nan
7/15/2025 22:40:56,1.17.0,Bandit80,9,4.09,nan,20,80,20,Left,Left,279,130,230,10,nan,nan,0.02
7/15/2025 22:40:57,1.17.0,Bandit80,9,4.09,nan,20,80,20,LeftinTimeOut,Left,279,130,230,10,nan,nan,nan
7/15/2025 22:40:59,1.17.0,Bandit80,9,4.09,nan,20,80,20,LeftinTimeOut,Left,279,130,230,10,nan,nan,nan
7/15/2025 22:41:00,1.17.0,Bandit80,9,4.09,nan,20,80,20,LeftinTimeOut,Left,279,130,230,10,nan,nan,nan
7/15/2025 22:41:03,1.17.0,Bandit80,9,4.09,nan,20,80,20,LeftinTimeOut,Left,279,130,230,10,nan,nan,nan
7/15/2025 22:41:07,1.17.0,Bandit80,9,4.09,nan,20,80,20,LeftinTimeOut,Left,279,130,230,10,nan,nan,nan
7/15/2025 22:41:09,1.17.0,Bandit80,9,4.09,nan,20,80,20,LeftinTimeOut,Left,279,130,230,10,nan,nan,nan
7/15/2025 22:41:12,1.17.0,Bandit80,9,4.09,nan,20,80,20,LeftinTimeOut,Left,279,130,230,10,nan,nan,nan
7/15/2025 22:41:14,1.17.0,Bandit80,9,4.09,nan,20,80,20,LeftinTimeOut,Left,279,130,230,10,nan,nan,nan
7/15/2025 22:41:15,1.17.0,Bandit80,9,4.09,nan,20,80,20,LeftinTimeOut,Left,279,130,230,10,nan,nan,nan
7/15/2025 22:41:17,1.17.0,Bandit80,9,4.09,nan,20,80,20,LeftinTimeOut,Left,279,130,230,10,nan,nan,nan
7/15/2025 22:41:24,1.17.0,Bandit80,9,4.09,nan,20,80,20,LeftinTimeOut,Left,279,130,230,10,nan,nan,nan
7/15/2025 22:41:24,1.17.0,Bandit80,9,4.09,nan,20,80,20,LeftinTimeOut,Left,279,130,230,10,nan,nan,nan
7/15/2025 22:41:26,1.17.0,Bandit80,9,4.09,nan,20,80,20,LeftinTimeOut,Left,279,130,230,10,nan,nan,nan
7/15/2025 22:41:28,1.17.0,Bandit80,9,4.09,nan,20,80,20,LeftinTimeOut,Left,279,130,230,10,nan,nan,nan
7/15/2025 22:41:34,1.17.0,Bandit80,9,4.09,nan,20,80,20,RightinTimeout,Left,279,130,230,10,nan,nan,0.00
7/15/2025 22:41:37,1.17.0,Bandit80,9,4.09,nan,20,80,20,LeftinTimeOut,Left,279,130,230,10,nan,nan,nan
