MM:DD:YYYY hh:mm:ss,Library_Version,Session_type,Device_Number,Battery_Voltage,Motor_Turns,FR,Event,Active_Poke,Left_Poke_Count,Right_Poke_Count,Pellet_Count,Block_Pellet_Count,Retrieval_Time,InterPelletInterval,Poke_Time
Bandit80,8,4.16,,20,20,80,Right,Right,0,1,0,0,,,0.47
Bandit80,8,4.16,,20,20,80,RightWithPellet,Right,0,1,0,0,,,0.08
Bandit80,8,4.16,3.0,20,20,80,Pellet,Right,0,1,1,0,Timed_out,,
Bandit80,8,4.16,,20,20,80,Right,Right,0,2,1,1,,,0.11
Bandit80,8,4.16,1.0,20,20,80,Pellet,Right,0,2,2,1,1.86,42.0,
Bandit80,8,4.16,,20,20,80,Right,Right,0,3,2,2,,,0.04
Bandit80,8,4.16,1.0,20,20,80,Pellet,Right,0,3,3,2,0.66,8.0,
Bandit80,8,4.16,,20,20,80,Right,Right,0,4,3,3,,,0.03
Bandit80,8,4.16,1.0,20,20,80,Pellet,Right,0,4,4,3,1.67,10.0,
Bandit80,8,4.16,,20,20,80,Left,Right,1,4,4,4,,,0.01
Bandit80,8,4.16,,20,20,80,RightinTimeout,Right,1,4,4,4,,,0.0
Bandit80,8,4.16,,20,20,80,Left,Right,2,4,4,4,,,0.25
Bandit80,8,4.16,,20,20,80,Right,Right,2,5,4,4,,,0.09
Bandit80,8,4.16,1.0,20,20,80,Pellet,Right,2,5,5,4,2.50,118.0,
Bandit80,8,4.16,,20,20,80,Right,Right,2,6,5,5,,,0.12
Bandit80,8,4.16,,20,20,80,RightDuringDispense,Right,2,6,5,5,,,0.08
Bandit80,8,4.16,1.0,20,20,80,Pellet,Right,2,6,6,5,0.66,14.0,
Bandit80,8,4.16,,20,20,80,Right,Right,2,7,6,6,,,0.21
Bandit80,8,4.16,2.0,20,20,80,Pellet,Right,2,7,7,6,1.92,16.0,
Bandit80,8,4.16,,20,20,80,Right,Right,2,8,7,7,,,0.13
Bandit80,8,4.16,1.0,20,20,80,Pellet,Right,2,8,8,7,1.04,9.0,
Bandit80,8,4.16,,20,20,80,Right,Right,2,9,8,8,,,0.13
Bandit80,8,4.16,1.0,20,20,80,Pellet,Right,2,9,9,8,0.98,15.0,
Bandit80,8,4.16,,20,20,80,Right,Right,2,10,9,9,,,0.02
Bandit80,8,4.16,1.0,20,20,80,Pellet,Right,2,10,10,9,2.05,13.0,
Bandit80,8,4.16,,20,20,80,Right,Right,2,11,10,10,,,0.05
Bandit80,8,4.16,1.0,20,20,80,Pellet,Right,2,11,11,10,0.66,13.0,
Bandit80,8,4.16,,20,20,80,Right,Right,2,12,11,11,,,0.04
Bandit80,8,4.16,1.0,20,20,80,Pellet,Right,2,12,12,11,1.80,11.0,
Bandit80,8,4.16,,20,20,80,Right,Right,2,13,12,12,,,0.18
Bandit80,8,4.16,1.0,20,20,80,Pellet,Right,2,13,13,12,0.66,16.0,
Bandit80,8,4.16,,20,20,80,Left,Right,3,13,13,13,,,0.16
Bandit80,8,4.16,,20,20,80,Left,Right,4,13,13,13,,,0.13
Bandit80,8,4.16,,20,20,80,LeftinTimeOut,Right,4,13,13,13,,,
Bandit80,8,4.16,,20,20,80,RightinTimeout,Right,4,13,13,13,,,0.0
Bandit80,8,4.16,,20,20,80,Left,Right,5,13,13,13,,,0.17
Bandit80,8,4.16,,20,20,80,LeftinTimeOut,Right,5,13,13,13,,,
Bandit80,8,4.16,,20,20,80,LeftinTimeOut,Right,5,13,13,13,,,
Bandit80,8,4.16,,20,20,80,Right,Right,5,14,13,13,,,0.06
Bandit80,8,4.16,,20,20,80,RightDuringDispense,Right,5,14,13,13,,,0.09
Bandit80,8,4.16,1.0,20,20,80,Pellet,Right,5,14,14,13,0.98,324.0,
Bandit80,8,4.16,,20,20,80,Right,Right,5,15,14,14,,,0.15
Bandit80,8,4.16,2.0,20,20,80,Pellet,Right,5,15,15,14,0.72,34.0,
Bandit80,8,4.16,,20,20,80,Right,Right,5,16,15,15,,,0.04
Bandit80,8,4.16,2.0,20,20,80,Pellet,Right,5,16,16,15,0.98,16.0,
Bandit80,8,4.16,,20,20,80,Right,Right,5,17,16,16,,,0.08
Bandit80,8,4.16,1.0,20,20,80,Pellet,Right,5,17,17,16,1.54,24.0,
Bandit80,8,4.16,,20,20,80,Right,Right,5,18,17,17,,,0.14
Bandit80,8,4.16,1.0,20,20,80,Pellet,Right,5,18,18,17,1.23,9.0,
Bandit80,8,4.16,,20,20,80,Left,Right,6,18,18,18,,,0.07
Bandit80,8,4.16,,20,20,80,LeftinTimeOut,Right,6,18,18,18,,,
Bandit80,8,4.16,,20,20,80,Right,Right,6,19,18,18,,,0.08
Bandit80,8,4.16,2.0,20,20,80,Pellet,Right,6,19,19,18,0.79,291.0,
Bandit80,8,4.16,,20,20,80,Left,Right,7,19,19,19,,,0.09
Bandit80,8,4.16,,20,20,80,LeftinTimeOut,Right,7,19,19,19,,,
Bandit80,8,4.16,,20,20,80,Left,Right,8,19,19,19,,,0.05
Bandit80,8,4.16,,20,20,80,LeftWithPellet,Right,8,19,19,19,,,0.08
Bandit80,8,4.16,,20,20,80,LeftWithPellet,Right,8,19,19,19,,,0.08
Bandit80,8,4.16,1.0,20,20,80,Pellet,Right,8,19,20,19,5.44,73.0,
Bandit80,8,4.16,,20,80,20,Right,Left,8,20,20,0,,,0.17
Bandit80,8,4.16,,20,80,20,RightWithPellet,Left,8,20,20,0,,,0.27
Bandit80,8,4.16,,20,80,20,RightWithPellet,Left,8,20,20,0,,,0.19
Bandit80,8,4.16,,20,80,20,RightWithPellet,Left,8,20,20,0,,,0.15
Bandit80,8,4.16,1.0,20,80,20,Pellet,Left,8,20,21,0,Timed_out,2309.0,
Bandit80,8,4.16,,20,80,20,Left,Left,9,20,21,1,,,0.33
Bandit80,8,4.16,1.0,20,80,20,Pellet,Left,9,20,22,1,0.66,34.0,
Bandit80,8,4.15,,20,80,20,Left,Left,10,20,22,2,,,0.11
Bandit80,8,4.16,1.0,20,80,20,Pellet,Left,10,20,23,2,1.23,29.0,
Bandit80,8,4.16,,20,80,20,Left,Left,11,20,23,3,,,0.22
Bandit80,8,4.15,1.0,20,80,20,Pellet,Left,11,20,24,3,1.16,304.0,
Bandit80,8,4.16,,20,80,20,Left,Left,12,20,24,4,,,0.45
Bandit80,8,4.16,2.0,20,80,20,Pellet,Left,12,20,25,4,0.85,85.0,
Bandit80,8,4.16,,20,80,20,Left,Left,13,20,25,5,,,0.16
Bandit80,8,4.16,2.0,20,80,20,Pellet,Left,13,20,26,5,0.66,14.0,
Bandit80,8,4.16,,20,80,20,Left,Left,14,20,26,6,,,0.25
Bandit80,8,4.16,,20,80,20,RightWithPellet,Left,14,20,26,6,,,0.16
Bandit80,8,4.16,1.0,20,80,20,Pellet,Left,14,20,27,6,Timed_out,213.0,
Bandit80,8,4.16,,20,80,20,Right,Left,14,21,27,7,,,0.09
Bandit80,8,4.16,,20,80,20,Left,Left,15,21,27,7,,,0.15
Bandit80,8,4.15,1.0,20,80,20,Pellet,Left,15,21,28,7,0.66,3647.0,
Bandit80,8,4.15,,20,80,20,Left,Left,16,21,28,8,,,0.23
Bandit80,8,4.16,1.0,20,80,20,Pellet,Left,16,21,29,8,0.98,22.0,
Bandit80,8,4.16,,20,80,20,Left,Left,17,21,29,9,,,0.11
Bandit80,8,4.16,1.0,20,80,20,Pellet,Left,17,21,30,9,0.85,22.0,
Bandit80,8,4.16,,20,80,20,Left,Left,18,21,30,10,,,0.06
Bandit80,8,4.16,2.0,20,80,20,Pellet,Left,18,21,31,10,0.91,24.0,
Bandit80,8,4.15,,20,80,20,Left,Left,19,21,31,11,,,0.17
Bandit80,8,4.15,1.0,20,80,20,Pellet,Left,19,21,32,11,0.72,25.0,
Bandit80,8,4.16,,20,80,20,Left,Left,20,21,32,12,,,0.05
Bandit80,8,4.15,1.0,20,80,20,Pellet,Left,20,21,33,12,1.80,1661.0,
Bandit80,8,4.15,,20,80,20,Left,Left,21,21,33,13,,,0.11
Bandit80,8,4.15,1.0,20,80,20,Pellet,Left,21,21,34,13,0.72,22.0,
Bandit80,8,4.16,,20,80,20,Left,Left,22,21,34,14,,,0.07
Bandit80,8,4.16,,20,80,20,LeftinTimeOut,Left,22,21,34,14,,,
Bandit80,8,4.15,,20,80,20,LeftinTimeOut,Left,22,21,34,14,,,
Bandit80,8,4.16,,20,80,20,LeftinTimeOut,Left,22,21,34,14,,,
Bandit80,8,4.15,,20,80,20,LeftinTimeOut,Left,22,21,34,14,,,
Bandit80,8,4.15,,20,80,20,RightinTimeout,Left,22,21,34,14,,,0.0
Bandit80,8,4.15,,20,80,20,LeftinTimeOut,Left,22,21,34,14,,,
Bandit80,8,4.15,,20,80,20,LeftinTimeOut,Left,22,21,34,14,,,
Bandit80,8,4.15,,20,80,20,LeftinTimeOut,Left,22,21,34,14,,,
Bandit80,8,4.15,,20,80,20,LeftinTimeOut,Left,22,21,34,14,,,
Bandit80,8,4.16,,20,80,20,LeftinTimeOut,Left,22,21,34,14,,,
Bandit80,8,4.16,,20,80,20,Left,Left,23,21,34,14,,,0.36
Bandit80,8,4.16,2.0,20,80,20,Pellet,Left,23,21,35,14,1.42,98.0,
Bandit80,8,4.15,,20,80,20,Left,Left,24,21,35,15,,,0.3
Bandit80,8,4.15,1.0,20,80,20,Pellet,Left,24,21,36,15,0.66,30.0,
Bandit80,8,4.15,,20,80,20,Left,Left,25,21,36,16,,,0.08
Bandit80,8,4.15,1.0,20,80,20,Pellet,Left,25,21,37,16,0.66,24.0,
Bandit80,8,4.15,,20,80,20,Left,Left,26,21,37,17,,,0.26
Bandit80,8,4.15,,20,80,20,LeftDuringDispense,Left,26,21,37,17,,,0.15
Bandit80,8,4.15,1.0,20,80,20,Pellet,Left,26,21,38,17,1.04,22.0,
Bandit80,8,4.16,,20,80,20,Left,Left,27,21,38,18,,,0.1
Bandit80,8,4.15,,20,80,20,LeftinTimeOut,Left,27,21,38,18,,,
Bandit80,8,4.16,,20,80,20,LeftinTimeOut,Left,27,21,38,18,,,
Bandit80,8,4.15,,20,80,20,LeftinTimeOut,Left,27,21,38,18,,,
Bandit80,8,4.15,,20,80,20,Right,Left,27,22,38,18,,,0.12
Bandit80,8,4.15,,20,80,20,RightinTimeout,Left,27,22,38,18,,,0.0
Bandit80,8,4.15,,20,80,20,Left,Left,28,22,38,18,,,0.0
Bandit80,8,4.15,2.0,20,80,20,Pellet,Left,28,22,39,18,0.91,146.0,
Bandit80,8,4.15,,20,80,20,Left,Left,29,22,39,19,,,0.21
Bandit80,8,4.15,,20,80,20,LeftinTimeOut,Left,29,22,39,19,,,
Bandit80,8,4.15,,20,80,20,LeftinTimeOut,Left,29,22,39,19,,,
Bandit80,8,4.15,,20,80,20,Left,Left,30,22,39,19,,,0.19
Bandit80,8,4.15,2.0,20,80,20,Pellet,Left,30,22,40,19,0.79,2459.0,
Bandit80,8,4.15,,20,20,80,Left,Right,31,22,40,0,,,0.24
Bandit80,8,4.14,1.0,20,20,80,Pellet,Right,31,22,41,0,0.72,19.0,
Bandit80,8,4.15,,20,20,80,Left,Right,32,22,41,1,,,0.15
Bandit80,8,4.15,,20,20,80,LeftinTimeOut,Right,32,22,41,1,,,
Bandit80,8,4.15,,20,20,80,LeftinTimeOut,Right,32,22,41,1,,,
Bandit80,8,4.15,,20,20,80,LeftinTimeOut,Right,32,22,41,1,,,
Bandit80,8,4.15,,20,20,80,LeftinTimeOut,Right,32,22,41,1,,,
Bandit80,8,4.15,,20,20,80,LeftinTimeOut,Right,32,22,41,1,,,
Bandit80,8,4.15,,20,20,80,LeftinTimeOut,Right,32,22,41,1,,,
Bandit80,8,4.15,,20,20,80,Right,Right,32,23,41,1,,,0.15
Bandit80,8,4.16,1.0,20,20,80,Pellet,Right,32,23,42,1,2.50,52.0,
Bandit80,8,4.16,,20,20,80,Left,Right,33,23,42,2,,,0.09
Bandit80,8,4.15,2.0,20,20,80,Pellet,Right,33,23,43,2,0.66,26.0,
Bandit80,8,4.15,,20,20,80,Right,Right,33,24,43,3,,,0.2
Bandit80,8,4.15,,20,20,80,LeftinTimeOut,Right,33,24,43,3,,,
Bandit80,8,4.15,,20,20,80,LeftinTimeOut,Right,33,24,43,3,,,
Bandit80,8,4.15,,20,20,80,LeftinTimeOut,Right,33,24,43,3,,,
Bandit80,8,4.16,,20,20,80,LeftinTimeOut,Right,33,24,43,3,,,
Bandit80,8,4.15,,20,20,80,LeftinTimeOut,Right,33,24,43,3,,,
Bandit80,8,4.15,,20,20,80,LeftinTimeOut,Right,33,24,43,3,,,
Bandit80,8,4.15,,20,20,80,Right,Right,33,25,43,3,,,0.06
Bandit80,8,4.15,1.0,20,20,80,Pellet,Right,33,25,44,3,1.04,67.0,
Bandit80,8,4.15,,20,20,80,Right,Right,33,26,44,4,,,0.05
Bandit80,8,4.15,,20,20,80,Right,Right,33,27,44,4,,,0.19
Bandit80,8,4.14,1.0,20,20,80,Pellet,Right,33,27,45,4,0.85,48.0,
Bandit80,8,4.15,,20,20,80,Right,Right,33,28,45,5,,,0.12
Bandit80,8,4.15,1.0,20,20,80,Pellet,Right,33,28,46,5,0.66,36.0,
Bandit80,8,4.15,,20,20,80,Right,Right,33,29,46,6,,,0.17
Bandit80,8,4.15,1.0,20,20,80,Pellet,Right,33,29,47,6,1.48,32.0,
Bandit80,8,4.15,,20,20,80,Right,Right,33,30,47,7,,,0.19
Bandit80,8,4.15,1.0,20,20,80,Pellet,Right,33,30,48,7,1.04,25.0,
Bandit80,8,4.14,,20,20,80,Left,Right,34,30,48,8,,,0.21
Bandit80,8,4.15,,20,20,80,LeftinTimeOut,Right,34,30,48,8,,,
Bandit80,8,4.15,,20,20,80,LeftinTimeOut,Right,34,30,48,8,,,
Bandit80,8,4.14,,20,20,80,LeftinTimeOut,Right,34,30,48,8,,,
Bandit80,8,4.15,,20,20,80,LeftinTimeOut,Right,34,30,48,8,,,
Bandit80,8,4.15,,20,20,80,LeftinTimeOut,Right,34,30,48,8,,,
Bandit80,8,4.15,,20,20,80,RightinTimeout,Right,34,30,48,8,,,0.0
Bandit80,8,4.14,,20,20,80,Right,Right,34,31,48,8,,,0.15
Bandit80,8,4.14,1.0,20,20,80,Pellet,Right,34,31,49,8,0.66,2778.0,
Bandit80,8,4.15,,20,20,80,Right,Right,34,32,49,9,,,0.25
Bandit80,8,4.14,1.0,20,20,80,Pellet,Right,34,32,50,9,0.66,19.0,
Bandit80,8,4.14,,20,20,80,Right,Right,34,33,50,10,,,0.18
Bandit80,8,4.14,1.0,20,20,80,Pellet,Right,34,33,51,10,0.72,16.0,
Bandit80,8,4.15,,20,20,80,Right,Right,34,34,51,11,,,0.07
Bandit80,8,4.15,1.0,20,20,80,Pellet,Right,34,34,52,11,1.16,15.0,
Bandit80,8,4.15,,20,20,80,Right,Right,34,35,52,12,,,0.06
Bandit80,8,4.15,1.0,20,20,80,Pellet,Right,34,35,53,12,0.91,18.0,
Bandit80,8,4.14,,20,20,80,Right,Right,34,36,53,13,,,0.04
Bandit80,8,4.15,,20,20,80,RightinTimeout,Right,34,36,53,13,,,0.0
Bandit80,8,4.14,,20,20,80,RightinTimeout,Right,34,36,53,13,,,0.0
Bandit80,8,4.15,,20,20,80,RightinTimeout,Right,34,36,53,13,,,0.0
Bandit80,8,4.15,,20,20,80,RightinTimeout,Right,34,36,53,13,,,0.0
Bandit80,8,4.15,,20,20,80,LeftinTimeOut,Right,34,36,53,13,,,
Bandit80,8,4.15,,20,20,80,LeftinTimeOut,Right,34,36,53,13,,,
Bandit80,8,4.14,,20,20,80,Right,Right,34,37,53,13,,,0.17
Bandit80,8,4.14,,20,20,80,RightDuringDispense,Right,34,37,53,13,,,0.1
Bandit80,8,4.14,1.0,20,20,80,Pellet,Right,34,37,54,13,2.24,2547.0,
Bandit80,8,4.14,,20,20,80,Right,Right,34,38,54,14,,,0.11
Bandit80,8,4.15,1.0,20,20,80,Pellet,Right,34,38,55,14,0.72,20.0,
Bandit80,8,4.14,,20,20,80,Right,Right,34,39,55,15,,,0.08
Bandit80,8,4.14,1.0,20,20,80,Pellet,Right,34,39,56,15,1.35,18.0,
Bandit80,8,4.14,,20,20,80,Right,Right,34,40,56,16,,,0.23
Bandit80,8,4.14,,20,20,80,RightDuringDispense,Right,34,40,56,16,,,0.06
Bandit80,8,4.14,1.0,20,20,80,Pellet,Right,34,40,57,16,0.66,20.0,
Bandit80,8,4.14,,20,20,80,Right,Right,34,41,57,17,,,0.09
Bandit80,8,4.14,2.0,20,20,80,Pellet,Right,34,41,58,17,0.91,22.0,
Bandit80,8,4.14,,20,20,80,Right,Right,34,42,58,18,,,0.11
Bandit80,8,4.14,2.0,20,20,80,Pellet,Right,34,42,59,18,0.98,16.0,
Bandit80,8,4.14,,20,20,80,Right,Right,34,43,59,19,,,0.02
Bandit80,8,4.14,2.0,20,20,80,Pellet,Right,34,43,60,19,0.91,18.0,
Bandit80,8,4.15,,20,80,20,Right,Left,34,44,60,0,,,0.32
Bandit80,8,4.14,,20,80,20,RightinTimeout,Left,34,44,60,0,,,0.0
Bandit80,8,4.14,,20,80,20,RightinTimeout,Left,34,44,60,0,,,0.0
Bandit80,8,4.14,,20,80,20,RightinTimeout,Left,34,44,60,0,,,0.0
Bandit80,8,4.14,,20,80,20,RightinTimeout,Left,34,44,60,0,,,0.0
Bandit80,8,4.14,,20,80,20,LeftinTimeOut,Left,34,44,60,0,,,
Bandit80,8,4.14,,20,80,20,LeftinTimeOut,Left,34,44,60,0,,,
Bandit80,8,4.14,,20,80,20,Right,Left,34,45,60,0,,,0.05
Bandit80,8,4.14,,20,80,20,Left,Left,35,45,60,0,,,0.13
Bandit80,8,4.14,,20,80,20,Right,Left,35,46,60,0,,,0.04
Bandit80,8,4.14,,20,80,20,LeftinTimeOut,Left,35,46,60,0,,,
Bandit80,8,4.14,,20,80,20,LeftinTimeOut,Left,35,46,60,0,,,
Bandit80,8,4.14,,20,80,20,RightinTimeout,Left,35,46,60,0,,,0.0
Bandit80,8,4.14,,20,80,20,RightinTimeout,Left,35,46,60,0,,,0.0
Bandit80,8,4.15,,20,80,20,RightinTimeout,Left,35,46,60,0,,,0.0
Bandit80,8,4.14,,20,80,20,LeftinTimeOut,Left,35,46,60,0,,,
Bandit80,8,4.14,,20,80,20,LeftinTimeOut,Left,35,46,60,0,,,
Bandit80,8,4.15,,20,80,20,LeftinTimeOut,Left,35,46,60,0,,,
Bandit80,8,4.14,,20,80,20,LeftinTimeOut,Left,35,46,60,0,,,
Bandit80,8,4.14,,20,80,20,LeftinTimeOut,Left,35,46,60,0,,,
Bandit80,8,4.14,,20,80,20,LeftinTimeOut,Left,35,46,60,0,,,
Bandit80,8,4.14,,20,80,20,LeftinTimeOut,Left,35,46,60,0,,,
Bandit80,8,4.14,,20,80,20,LeftinTimeOut,Left,35,46,60,0,,,
Bandit80,8,4.14,,20,80,20,LeftinTimeOut,Left,35,46,60,0,,,
Bandit80,8,4.14,,20,80,20,LeftinTimeOut,Left,35,46,60,0,,,
Bandit80,8,4.14,,20,80,20,Left,Left,36,46,60,0,,,0.07
Bandit80,8,4.14,2.0,20,80,20,Pellet,Left,36,46,61,0,0.66,2173.0,
Bandit80,8,4.15,,20,80,20,Left,Left,37,46,61,1,,,0.03
Bandit80,8,4.14,,20,80,20,LeftDuringDispense,Left,37,46,61,1,,,0.03
Bandit80,8,4.14,2.0,20,80,20,Pellet,Left,37,46,62,1,0.97,23.0,
Bandit80,8,4.14,,20,80,20,Left,Left,38,46,62,2,,,0.26
Bandit80,8,4.14,1.0,20,80,20,Pellet,Left,38,46,63,2,0.66,19.0,
Bandit80,8,4.14,,20,80,20,Left,Left,39,46,63,3,,,0.22
Bandit80,8,4.14,2.0,20,80,20,Pellet,Left,39,46,64,3,0.85,20.0,
Bandit80,8,4.14,,20,80,20,Left,Left,40,46,64,4,,,0.29
Bandit80,8,4.14,2.0,20,80,20,Pellet,Left,40,46,65,4,0.66,17.0,
Bandit80,8,4.15,,20,80,20,Right,Left,40,47,65,5,,,0.22
Bandit80,8,4.14,,20,80,20,RightinTimeout,Left,40,47,65,5,,,0.0
Bandit80,8,4.14,,20,80,20,RightinTimeout,Left,40,47,65,5,,,0.0
Bandit80,8,4.14,,20,80,20,Left,Left,41,47,65,5,,,0.13
Bandit80,8,4.14,1.0,20,80,20,Pellet,Left,41,47,66,5,0.98,128.0,
Bandit80,8,4.14,,20,80,20,Left,Left,42,47,66,6,,,0.14
Bandit80,8,4.14,1.0,20,80,20,Pellet,Left,42,47,67,6,2.81,499.0,
Bandit80,8,4.14,,20,80,20,Left,Left,43,47,67,7,,,0.2
Bandit80,8,4.14,,20,80,20,RightWithPellet,Left,43,47,67,7,,,0.06
Bandit80,8,4.14,,20,80,20,LeftWithPellet,Left,43,47,67,7,,,0.04
Bandit80,8,4.14,1.0,20,80,20,Pellet,Left,43,47,68,7,Timed_out,728.0,
Bandit80,8,4.14,,20,80,20,Left,Left,44,47,68,8,,,0.07
Bandit80,8,4.14,,20,80,20,LeftinTimeOut,Left,44,47,68,8,,,
Bandit80,8,4.14,,20,80,20,Left,Left,45,47,68,8,,,0.11
Bandit80,8,4.14,1.0,20,80,20,Pellet,Left,45,47,69,8,1.04,360.0,
Bandit80,8,4.14,,20,80,20,Left,Left,46,47,69,9,,,0.12
Bandit80,8,4.14,1.0,20,80,20,Pellet,Left,46,47,70,9,0.79,21.0,
Bandit80,8,4.14,,20,80,20,Left,Left,47,47,70,10,,,0.1
Bandit80,8,4.14,2.0,20,80,20,Pellet,Left,47,47,71,10,0.66,23.0,
Bandit80,8,4.14,,20,80,20,Right,Left,47,48,71,11,,,0.08
Bandit80,8,4.14,,20,80,20,Left,Left,48,48,71,11,,,0.01
Bandit80,8,4.14,,20,80,20,LeftinTimeOut,Left,48,48,71,11,,,
Bandit80,8,4.14,,20,80,20,LeftinTimeOut,Left,48,48,71,11,,,
Bandit80,8,4.14,,20,80,20,LeftinTimeOut,Left,48,48,71,11,,,
Bandit80,8,4.14,,20,80,20,LeftinTimeOut,Left,48,48,71,11,,,
Bandit80,8,4.14,,20,80,20,Left,Left,49,48,71,11,,,0.01
Bandit80,8,4.14,1.0,20,80,20,Pellet,Left,49,48,72,11,0.79,579.0,
Bandit80,8,4.14,,20,80,20,Left,Left,50,48,72,12,,,0.05
Bandit80,8,4.14,1.0,20,80,20,Pellet,Left,50,48,73,12,0.66,51.0,
Bandit80,8,4.14,,20,80,20,Left,Left,51,48,73,13,,,0.07
Bandit80,8,4.14,1.0,20,80,20,Pellet,Left,51,48,74,13,0.66,27.0,
Bandit80,8,4.14,,20,80,20,Left,Left,52,48,74,14,,,0.04
Bandit80,8,4.14,1.0,20,80,20,Pellet,Left,52,48,75,14,0.66,19.0,
Bandit80,8,4.14,,20,80,20,Left,Left,53,48,75,15,,,0.07
Bandit80,8,4.14,1.0,20,80,20,Pellet,Left,53,48,76,15,0.66,172.0,
Bandit80,8,4.14,,20,80,20,Left,Left,54,48,76,16,,,0.06
Bandit80,8,4.14,1.0,20,80,20,Pellet,Left,54,48,77,16,0.85,316.0,
Bandit80,8,4.14,,20,80,20,Left,Left,55,48,77,17,,,0.07
Bandit80,8,4.14,1.0,20,80,20,Pellet,Left,55,48,78,17,0.72,530.0,
Bandit80,8,4.14,,20,80,20,Left,Left,56,48,78,18,,,0.07
Bandit80,8,4.14,1.0,20,80,20,Pellet,Left,56,48,79,18,0.66,20.0,
Bandit80,8,4.14,,20,80,20,Left,Left,57,48,79,19,,,0.06
Bandit80,8,4.14,,20,80,20,LeftinTimeOut,Left,57,48,79,19,,,
Bandit80,8,4.14,,20,80,20,LeftinTimeOut,Left,57,48,79,19,,,
Bandit80,8,4.14,,20,80,20,Left,Left,58,48,79,19,,,0.15
Bandit80,8,4.14,,20,80,20,LeftinTimeOut,Left,58,48,79,19,,,
Bandit80,8,4.14,,20,80,20,Right,Left,58,49,79,19,,,0.14
Bandit80,8,4.14,,20,80,20,LeftinTimeOut,Left,58,49,79,19,,,
Bandit80,8,4.14,,20,80,20,LeftinTimeOut,Left,58,49,79,19,,,
Bandit80,8,4.14,,20,80,20,Right,Left,58,50,79,19,,,0.09
Bandit80,8,4.14,1.0,20,80,20,Pellet,Left,58,50,80,19,0.79,748.0,
Bandit80,8,4.14,,20,20,80,Right,Right,58,51,80,0,,,0.14
Bandit80,8,4.14,1.0,20,20,80,Pellet,Right,58,51,81,0,0.66,19.0,
Bandit80,8,4.14,,20,20,80,Right,Right,58,52,81,1,,,0.09
Bandit80,8,4.14,,20,20,80,RightinTimeout,Right,58,52,81,1,,,0.0
Bandit80,8,4.14,,20,20,80,Left,Right,59,52,81,1,,,0.14
Bandit80,8,4.14,,20,20,80,RightinTimeout,Right,59,52,81,1,,,0.0
Bandit80,8,4.14,,20,20,80,RightinTimeout,Right,59,52,81,1,,,0.0
Bandit80,8,4.14,,20,20,80,RightinTimeout,Right,59,52,81,1,,,0.0
Bandit80,8,4.14,,20,20,80,Right,Right,59,53,81,1,,,0.04
Bandit80,8,4.14,,20,20,80,RightDuringDispense,Right,59,53,81,1,,,0.04
Bandit80,8,4.14,2.0,20,20,80,Pellet,Right,59,53,82,1,2.30,682.0,
Bandit80,8,4.14,,20,20,80,Right,Right,59,54,82,2,,,0.03
Bandit80,8,4.14,,20,20,80,Left,Right,60,54,82,2,,,0.1
Bandit80,8,4.14,,20,20,80,LeftinTimeOut,Right,60,54,82,2,,,
Bandit80,8,4.14,,20,20,80,Right,Right,60,55,82,2,,,0.04
Bandit80,8,4.14,1.0,20,20,80,Pellet,Right,60,55,83,2,2.62,95.0,
Bandit80,8,4.14,,20,20,80,Right,Right,60,56,83,3,,,0.07
Bandit80,8,4.14,1.0,20,20,80,Pellet,Right,60,56,84,3,0.66,19.0,
Bandit80,8,4.14,,20,20,80,Right,Right,60,57,84,4,,,0.15
Bandit80,8,4.14,1.0,20,20,80,Pellet,Right,60,57,85,4,1.86,109.0,
Bandit80,8,4.14,,20,20,80,Right,Right,60,58,85,5,,,0.02
Bandit80,8,4.14,1.0,20,20,80,Pellet,Right,60,58,86,5,0.66,25.0,
Bandit80,8,4.14,,20,20,80,Right,Right,60,59,86,6,,,0.08
Bandit80,8,4.14,,20,20,80,RightinTimeout,Right,60,59,86,6,,,0.0
Bandit80,8,4.14,,20,20,80,RightinTimeout,Right,60,59,86,6,,,0.0
Bandit80,8,4.14,,20,20,80,Left,Right,61,59,86,6,,,0.28
Bandit80,8,4.14,,20,20,80,Left,Right,62,59,86,6,,,0.06
Bandit80,8,4.14,,20,20,80,LeftinTimeOut,Right,62,59,86,6,,,
Bandit80,8,4.14,,20,20,80,LeftinTimeOut,Right,62,59,86,6,,,
Bandit80,8,4.14,,20,20,80,Left,Right,63,59,86,6,,,0.24
Bandit80,8,4.14,1.0,20,20,80,Pellet,Right,63,59,87,6,0.66,1292.0,
Bandit80,8,4.13,,20,20,80,Left,Right,64,59,87,7,,,0.18
Bandit80,8,4.14,,20,20,80,LeftinTimeOut,Right,64,59,87,7,,,
Bandit80,8,4.14,,20,20,80,LeftinTimeOut,Right,64,59,87,7,,,
Bandit80,8,4.14,,20,20,80,Left,Right,65,59,87,7,,,0.45
Bandit80,8,4.14,,20,20,80,LeftinTimeOut,Right,65,59,87,7,,,
Bandit80,8,4.14,,20,20,80,RightinTimeout,Right,65,59,87,7,,,0.0
Bandit80,8,4.14,,20,20,80,Left,Right,66,59,87,7,,,0.09
Bandit80,8,4.14,,20,20,80,LeftinTimeOut,Right,66,59,87,7,,,
Bandit80,8,4.14,,20,20,80,Right,Right,66,60,87,7,,,0.04
Bandit80,8,4.14,1.0,20,20,80,Pellet,Right,66,60,88,7,0.98,891.0,
Bandit80,8,4.14,,20,20,80,Right,Right,66,61,88,8,,,0.0
Bandit80,8,4.14,1.0,20,20,80,Pellet,Right,66,61,89,8,0.66,20.0,
Bandit80,8,4.14,,20,20,80,Right,Right,66,62,89,9,,,0.08
Bandit80,8,4.14,1.0,20,20,80,Pellet,Right,66,62,90,9,1.73,20.0,
Bandit80,8,4.14,,20,20,80,Left,Right,67,62,90,10,,,0.13
Bandit80,8,4.14,1.0,20,20,80,Pellet,Right,67,62,91,10,0.66,55.0,
Bandit80,8,4.14,,20,20,80,Left,Right,68,62,91,11,,,0.06
Bandit80,8,4.14,,20,20,80,LeftinTimeOut,Right,68,62,91,11,,,
Bandit80,8,4.13,,20,20,80,LeftinTimeOut,Right,68,62,91,11,,,
Bandit80,8,4.14,,20,20,80,Right,Right,68,63,91,11,,,0.13
Bandit80,8,4.14,1.0,20,20,80,Pellet,Right,68,63,92,11,1.42,78.0,
Bandit80,8,4.14,,20,20,80,Left,Right,69,63,92,12,,,0.09
Bandit80,8,4.14,,20,20,80,LeftinTimeOut,Right,69,63,92,12,,,
Bandit80,8,4.14,,20,20,80,Right,Right,69,64,92,12,,,0.24
Bandit80,8,4.14,,20,20,80,LeftinTimeOut,Right,69,64,92,12,,,
Bandit80,8,4.13,,20,20,80,Right,Right,69,65,92,12,,,0.02
Bandit80,8,4.14,,20,20,80,RightDuringDispense,Right,69,65,92,12,,,0.17
Bandit80,8,4.14,1.0,20,20,80,Pellet,Right,69,65,93,12,0.91,1124.0,
Bandit80,8,4.14,,20,20,80,Right,Right,69,66,93,13,,,0.13
Bandit80,8,4.14,2.0,20,20,80,Pellet,Right,69,66,94,13,1.42,22.0,
Bandit80,8,4.13,,20,20,80,Left,Right,70,66,94,14,,,0.21
Bandit80,8,4.14,,20,20,80,Right,Right,70,67,94,14,,,0.06
Bandit80,8,4.14,2.0,20,20,80,Pellet,Right,70,67,95,14,0.66,141.0,
Bandit80,8,4.14,,20,20,80,Left,Right,71,67,95,15,,,0.01
Bandit80,8,4.14,,20,20,80,Right,Right,71,68,95,15,,,0.15
Bandit80,8,4.13,1.0,20,20,80,Pellet,Right,71,68,96,15,0.85,3782.0,
Bandit80,8,4.13,,20,20,80,Right,Right,71,69,96,16,,,0.32
Bandit80,8,4.14,1.0,20,20,80,Pellet,Right,71,69,97,16,1.35,20.0,
Bandit80,8,4.13,,20,20,80,Right,Right,71,70,97,17,,,0.06
Bandit80,8,4.13,2.0,20,20,80,Pellet,Right,71,70,98,17,1.73,16.0,
Bandit80,8,4.13,,20,20,80,Right,Right,71,71,98,18,,,0.03
Bandit80,8,4.14,1.0,20,20,80,Pellet,Right,71,71,99,18,1.04,16.0,
Bandit80,8,4.14,,20,20,80,Right,Right,71,72,99,19,,,0.07
Bandit80,8,4.13,,20,20,80,Left,Right,72,72,99,19,,,0.18
Bandit80,8,4.14,1.0,20,20,80,Pellet,Right,72,72,100,19,0.66,43.0,
Bandit80,8,4.13,,20,80,20,Right,Left,72,73,100,0,,,0.09
Bandit80,8,4.13,,20,80,20,RightinTimeout,Left,72,73,100,0,,,0.0
Bandit80,8,4.13,,20,80,20,LeftinTimeOut,Left,72,73,100,0,,,
Bandit80,8,4.14,,20,80,20,Left,Left,73,73,100,0,,,0.04
Bandit80,8,4.13,1.0,20,80,20,Pellet,Left,73,73,101,0,0.66,101.0,
Bandit80,8,4.13,,20,80,20,Right,Left,73,74,101,1,,,0.23
Bandit80,8,4.13,,20,80,20,RightinTimeout,Left,73,74,101,1,,,0.0
Bandit80,8,4.13,,20,80,20,LeftinTimeOut,Left,73,74,101,1,,,
Bandit80,8,4.13,,20,80,20,Right,Left,73,75,101,1,,,0.2
Bandit80,8,4.13,,20,80,20,LeftinTimeOut,Left,73,75,101,1,,,
Bandit80,8,4.12,,20,80,20,LeftinTimeOut,Left,73,75,101,1,,,
Bandit80,8,4.13,,20,80,20,Left,Left,74,75,101,1,,,0.0
Bandit80,8,4.13,1.0,20,80,20,Pellet,Left,74,75,102,1,0.72,1509.0,
Bandit80,8,4.13,,20,80,20,Left,Left,75,75,102,2,,,0.04
Bandit80,8,4.13,1.0,20,80,20,Pellet,Left,75,75,103,2,0.66,33.0,
Bandit80,8,4.14,,20,80,20,Left,Left,76,75,103,3,,,0.1
Bandit80,8,4.13,2.0,20,80,20,Pellet,Left,76,75,104,3,0.66,26.0,
Bandit80,8,4.12,,20,80,20,Left,Left,77,75,104,4,,,0.02
Bandit80,8,4.13,1.0,20,80,20,Pellet,Left,77,75,105,4,0.66,19.0,
Bandit80,8,4.13,,20,80,20,Right,Left,77,76,105,5,,,0.15
Bandit80,8,4.13,1.0,20,80,20,Pellet,Left,77,76,106,5,1.74,147.0,
Bandit80,8,4.13,,20,80,20,Left,Left,78,76,106,6,,,0.05
Bandit80,8,4.13,1.0,20,80,20,Pellet,Left,78,76,107,6,0.85,93.0,
Bandit80,8,4.13,,20,80,20,Left,Left,79,76,107,7,,,0.2
Bandit80,8,4.13,1.0,20,80,20,Pellet,Left,79,76,108,7,0.98,26.0,
Bandit80,8,4.12,,20,80,20,Left,Left,80,76,108,8,,,0.19
Bandit80,8,4.13,1.0,20,80,20,Pellet,Left,80,76,109,8,0.66,48.0,
Bandit80,8,4.13,,20,80,20,Right,Left,80,77,109,9,,,0.02
Bandit80,8,4.13,,20,80,20,RightinTimeout,Left,80,77,109,9,,,0.0
Bandit80,8,4.13,,20,80,20,LeftinTimeOut,Left,80,77,109,9,,,
Bandit80,8,4.12,,20,80,20,Right,Left,80,78,109,9,,,0.15
Bandit80,8,4.14,1.0,20,80,20,Pellet,Left,80,78,110,9,1.61,1356.0,
Bandit80,8,4.13,,20,80,20,Right,Left,80,79,110,10,,,0.02
Bandit80,8,4.13,,20,80,20,Left,Left,81,79,110,10,,,0.2
Bandit80,8,4.13,,20,80,20,LeftinTimeOut,Left,81,79,110,10,,,
Bandit80,8,4.13,,20,80,20,Left,Left,82,79,110,10,,,0.06
Bandit80,8,4.13,1.0,20,80,20,Pellet,Left,82,79,111,10,0.66,626.0,
Bandit80,8,4.13,,20,80,20,Left,Left,83,79,111,11,,,0.05
Bandit80,8,4.13,1.0,20,80,20,Pellet,Left,83,79,112,11,0.72,69.0,
Bandit80,8,4.12,,20,80,20,Left,Left,84,79,112,12,,,0.08
Bandit80,8,4.12,1.0,20,80,20,Pellet,Left,84,79,113,12,0.66,21.0,
Bandit80,8,4.13,,20,80,20,Right,Left,84,80,113,13,,,0.04
Bandit80,8,4.13,1.0,20,80,20,Pellet,Left,84,80,114,13,1.04,229.0,
Bandit80,8,4.13,,20,80,20,Left,Left,85,80,114,14,,,0.04
Bandit80,8,4.13,1.0,20,80,20,Pellet,Left,85,80,115,14,1.48,686.0,
Bandit80,8,4.13,,20,80,20,Left,Left,86,80,115,15,,,0.07
Bandit80,8,4.13,1.0,20,80,20,Pellet,Left,86,80,116,15,0.66,26.0,
Bandit80,8,4.13,,20,80,20,Left,Left,87,80,116,16,,,0.07
Bandit80,8,4.13,1.0,20,80,20,Pellet,Left,87,80,117,16,0.85,24.0,
Bandit80,8,4.12,,20,80,20,Left,Left,88,80,117,17,,,0.0
Bandit80,8,4.12,1.0,20,80,20,Pellet,Left,88,80,118,17,0.66,265.0,
Bandit80,8,4.13,,20,80,20,Left,Left,89,80,118,18,,,0.04
Bandit80,8,4.13,,20,80,20,Left,Left,90,80,118,18,,,0.07
Bandit80,8,4.12,1.0,20,80,20,Pellet,Left,90,80,119,18,0.98,271.0,
Bandit80,8,4.12,,20,80,20,Left,Left,91,80,119,19,,,0.02
Bandit80,8,4.12,1.0,20,80,20,Pellet,Left,91,80,120,19,0.66,23.0,
Bandit80,8,4.12,,20,20,80,Left,Right,92,80,120,0,,,0.0
Bandit80,8,4.13,,20,20,80,Left,Right,93,80,120,0,,,0.09
Bandit80,8,4.13,1.0,20,20,80,Pellet,Right,93,80,121,0,0.66,41.0,
Bandit80,8,4.13,,20,20,80,Right,Right,93,81,121,1,,,0.06
Bandit80,8,4.12,1.0,20,20,80,Pellet,Right,93,81,122,1,0.66,94.0,
Bandit80,8,4.13,,20,20,80,Right,Right,93,82,122,2,,,0.1
Bandit80,8,4.12,1.0,20,20,80,Pellet,Right,93,82,123,2,0.98,393.0,
Bandit80,8,4.13,,20,20,80,Right,Right,93,83,123,3,,,0.15
Bandit80,8,4.13,1.0,20,20,80,Pellet,Right,93,83,124,3,0.66,62.0,
Bandit80,8,4.13,,20,20,80,Right,Right,93,84,124,4,,,0.1
Bandit80,8,4.13,1.0,20,20,80,Pellet,Right,93,84,125,4,1.48,38.0,
Bandit80,8,4.12,,20,20,80,Right,Right,93,85,125,5,,,0.12
Bandit80,8,4.13,1.0,20,20,80,Pellet,Right,93,85,126,5,1.16,19.0,
Bandit80,8,4.13,,20,20,80,Right,Right,93,86,126,6,,,0.22
Bandit80,8,4.13,1.0,20,20,80,Pellet,Right,93,86,127,6,3.13,21.0,
Bandit80,8,4.13,,20,20,80,Right,Right,93,87,127,7,,,0.12
Bandit80,8,4.12,1.0,20,20,80,Pellet,Right,93,87,128,7,0.66,43.0,
Bandit80,8,4.12,,20,20,80,Right,Right,93,88,128,8,,,0.01
Bandit80,8,4.13,1.0,20,20,80,Pellet,Right,93,88,129,8,1.29,16.0,
Bandit80,8,4.13,,20,20,80,Left,Right,94,88,129,9,,,0.1
Bandit80,8,4.12,,20,20,80,Left,Right,95,88,129,9,,,0.06
Bandit80,8,4.12,,20,20,80,Right,Right,95,89,129,9,,,0.05
Bandit80,8,4.12,1.0,20,20,80,Pellet,Right,95,89,130,9,0.66,573.0,
Bandit80,8,4.13,,20,20,80,Left,Right,96,89,130,10,,,0.02
Bandit80,8,4.13,1.0,20,20,80,Pellet,Right,96,89,131,10,0.85,27.0,
Bandit80,8,4.13,,20,20,80,Left,Right,97,89,131,11,,,0.1
Bandit80,8,4.12,,20,20,80,Left,Right,98,89,131,11,,,0.13
Bandit80,8,4.12,1.0,20,20,80,Pellet,Right,98,89,132,11,0.72,840.0,
Bandit80,8,4.13,,20,20,80,Left,Right,99,89,132,12,,,0.05
Bandit80,8,4.12,,20,20,80,Left,Right,100,89,132,12,,,0.1
Bandit80,8,4.12,,20,20,80,LeftinTimeOut,Right,100,89,132,12,,,
Bandit80,8,4.12,,20,20,80,LeftinTimeOut,Right,100,89,132,12,,,
Bandit80,8,4.13,,20,20,80,LeftinTimeOut,Right,100,89,132,12,,,
Bandit80,8,4.13,,20,20,80,Left,Right,101,89,132,12,,,0.06
Bandit80,8,4.12,1.0,20,20,80,Pellet,Right,101,89,133,12,0.66,83.0,
Bandit80,8,4.12,,20,20,80,Left,Right,102,89,133,13,,,0.09
Bandit80,8,4.12,,20,20,80,LeftinTimeOut,Right,102,89,133,13,,,
Bandit80,8,4.12,,20,20,80,Left,Right,103,89,133,13,,,0.26
Bandit80,8,4.12,,20,20,80,Left,Right,104,89,133,13,,,0.11
Bandit80,8,4.12,1.0,20,20,80,Pellet,Right,104,89,134,13,0.66,187.0,
Bandit80,8,4.13,,20,20,80,Right,Right,104,90,134,14,,,0.08
Bandit80,8,4.13,1.0,20,20,80,Pellet,Right,104,90,135,14,0.97,119.0,
Bandit80,8,4.12,,20,20,80,Left,Right,105,90,135,15,,,0.02
Bandit80,8,4.12,,20,20,80,Left,Right,106,90,135,15,,,0.08
Bandit80,8,4.12,,20,20,80,Left,Right,107,90,135,15,,,0.12
Bandit80,8,4.13,,20,20,80,Left,Right,108,90,135,15,,,0.07
Bandit80,8,4.12,,20,20,80,LeftinTimeOut,Right,108,90,135,15,,,
Bandit80,8,4.12,,20,20,80,Left,Right,109,90,135,15,,,0.03
Bandit80,8,4.12,,20,20,80,LeftinTimeOut,Right,109,90,135,15,,,
Bandit80,8,4.12,,20,20,80,RightinTimeout,Right,109,90,135,15,,,0.0
Bandit80,8,4.12,,20,20,80,Left,Right,110,90,135,15,,,0.24
Bandit80,8,4.12,,20,20,80,Right,Right,110,91,135,15,,,0.19
Bandit80,8,4.12,1.0,20,20,80,Pellet,Right,110,91,136,15,0.79,1446.0,
Bandit80,8,4.12,,20,20,80,Right,Right,110,92,136,16,,,0.04
Bandit80,8,4.12,1.0,20,20,80,Pellet,Right,110,92,137,16,1.93,3978.0,
Bandit80,8,4.12,,20,20,80,Right,Right,110,93,137,17,,,0.17
Bandit80,8,4.12,,20,20,80,Left,Right,111,93,137,17,,,0.36
Bandit80,8,4.12,,20,20,80,LeftinTimeOut,Right,111,93,137,17,,,
Bandit80,8,4.12,,20,20,80,LeftinTimeOut,Right,111,93,137,17,,,
Bandit80,8,4.12,,20,20,80,Right,Right,111,94,137,17,,,0.14
Bandit80,8,4.12,1.0,20,20,80,Pellet,Right,111,94,138,17,1.48,2839.0,
Bandit80,8,4.12,,20,20,80,Right,Right,111,95,138,18,,,0.12
Bandit80,8,4.12,1.0,20,20,80,Pellet,Right,111,95,139,18,1.80,41.0,
Bandit80,8,4.12,,20,20,80,Right,Right,111,96,139,19,,,0.18
Bandit80,8,4.12,1.0,20,20,80,Pellet,Right,111,96,140,19,0.72,15.0,
Bandit80,8,4.12,,20,80,20,Right,Left,111,97,140,0,,,0.07
Bandit80,8,4.12,,20,80,20,RightinTimeout,Left,111,97,140,0,,,0.0
Bandit80,8,4.12,,20,80,20,RightinTimeout,Left,111,97,140,0,,,0.0
Bandit80,8,4.12,,20,80,20,Left,Left,112,97,140,0,,,0.12
Bandit80,8,4.12,,20,80,20,RightinTimeout,Left,112,97,140,0,,,0.0
Bandit80,8,4.12,,20,80,20,RightinTimeout,Left,112,97,140,0,,,0.0
Bandit80,8,4.12,,20,80,20,RightinTimeout,Left,112,97,140,0,,,0.0
Bandit80,8,4.12,,20,80,20,LeftinTimeOut,Left,112,97,140,0,,,
Bandit80,8,4.12,,20,80,20,LeftinTimeOut,Left,112,97,140,0,,,
Bandit80,8,4.11,,20,80,20,LeftinTimeOut,Left,112,97,140,0,,,
Bandit80,8,4.12,,20,80,20,LeftinTimeOut,Left,112,97,140,0,,,
Bandit80,8,4.12,,20,80,20,Left,Left,113,97,140,0,,,0.12
Bandit80,8,4.12,1.0,20,80,20,Pellet,Left,113,97,141,0,0.79,139.0,
Bandit80,8,4.12,,20,80,20,Right,Left,113,98,141,1,,,0.19
Bandit80,8,4.12,,20,80,20,Right,Left,113,99,141,1,,,0.1
Bandit80,8,4.12,,20,80,20,LeftinTimeOut,Left,113,99,141,1,,,
Bandit80,8,4.12,,20,80,20,LeftinTimeOut,Left,113,99,141,1,,,
Bandit80,8,4.12,,20,80,20,Right,Left,113,100,141,1,,,0.15
Bandit80,8,4.12,,20,80,20,RightinTimeout,Left,113,100,141,1,,,0.0
Bandit80,8,4.12,,20,80,20,LeftinTimeOut,Left,113,100,141,1,,,
Bandit80,8,4.12,,20,80,20,LeftinTimeOut,Left,113,100,141,1,,,
Bandit80,8,4.12,,20,80,20,Right,Left,113,101,141,1,,,0.06
Bandit80,8,4.12,,20,80,20,RightinTimeout,Left,113,101,141,1,,,0.0
Bandit80,8,4.12,,20,80,20,Left,Left,114,101,141,1,,,0.29
Bandit80,8,4.12,1.0,20,80,20,Pellet,Left,114,101,142,1,0.72,151.0,
Bandit80,8,4.12,,20,80,20,Right,Left,114,102,142,2,,,0.17
Bandit80,8,4.12,1.0,20,80,20,Pellet,Left,114,102,143,2,1.61,56.0,
Bandit80,8,4.12,,20,80,20,Right,Left,114,103,143,3,,,0.1
Bandit80,8,4.12,,20,80,20,RightinTimeout,Left,114,103,143,3,,,0.0
Bandit80,8,4.12,,20,80,20,RightinTimeout,Left,114,103,143,3,,,0.0
Bandit80,8,4.12,,20,80,20,RightinTimeout,Left,114,103,143,3,,,0.0
Bandit80,8,4.12,,20,80,20,RightinTimeout,Left,114,103,143,3,,,0.0
Bandit80,8,4.12,,20,80,20,RightinTimeout,Left,114,103,143,3,,,0.0
Bandit80,8,4.12,,20,80,20,RightinTimeout,Left,114,103,143,3,,,0.0
Bandit80,8,4.12,,20,80,20,LeftinTimeOut,Left,114,103,143,3,,,
Bandit80,8,4.12,,20,80,20,LeftinTimeOut,Left,114,103,143,3,,,
Bandit80,8,4.12,,20,80,20,LeftinTimeOut,Left,114,103,143,3,,,
Bandit80,8,4.12,,20,80,20,Right,Left,114,104,143,3,,,0.04
Bandit80,8,4.12,,20,80,20,LeftinTimeOut,Left,114,104,143,3,,,
Bandit80,8,4.12,,20,80,20,Right,Left,114,105,143,3,,,0.47
Bandit80,8,4.12,,20,80,20,RightinTimeout,Left,114,105,143,3,,,0.0
Bandit80,8,4.12,,20,80,20,RightinTimeout,Left,114,105,143,3,,,0.0
Bandit80,8,4.12,,20,80,20,LeftinTimeOut,Left,114,105,143,3,,,
Bandit80,8,4.12,,20,80,20,LeftinTimeOut,Left,114,105,143,3,,,
Bandit80,8,4.12,,20,80,20,LeftinTimeOut,Left,114,105,143,3,,,
Bandit80,8,4.12,,20,80,20,Left,Left,115,105,143,3,,,0.31
Bandit80,8,4.12,1.0,20,80,20,Pellet,Left,115,105,144,3,0.98,2169.0,
Bandit80,8,4.12,,20,80,20,Left,Left,116,105,144,4,,,0.13
Bandit80,8,4.12,1.0,20,80,20,Pellet,Left,116,105,145,4,0.66,19.0,
Bandit80,8,4.12,,20,80,20,Right,Left,116,106,145,5,,,0.03
Bandit80,8,4.12,2.0,20,80,20,Pellet,Left,116,106,146,5,0.79,101.0,
Bandit80,8,4.12,,20,80,20,Left,Left,117,106,146,6,,,0.05
Bandit80,8,4.12,,20,80,20,Left,Left,118,106,146,6,,,0.04
Bandit80,8,4.12,,20,80,20,Left,Left,119,106,146,6,,,0.1
Bandit80,8,4.12,1.0,20,80,20,Pellet,Left,119,106,147,6,0.79,341.0,
Bandit80,8,4.12,,20,80,20,Left,Left,120,106,147,7,,,0.14
Bandit80,8,4.12,,20,80,20,Left,Left,121,106,147,7,,,0.12
Bandit80,8,4.12,1.0,20,80,20,Pellet,Left,121,106,148,7,0.66,302.0,
Bandit80,8,4.12,,20,80,20,Right,Left,121,107,148,8,,,0.04
Bandit80,8,4.12,,20,80,20,Left,Left,122,107,148,8,,,0.14
Bandit80,8,4.12,1.0,20,80,20,Pellet,Left,122,107,149,8,0.66,141.0,
Bandit80,8,4.12,,20,80,20,Left,Left,123,107,149,9,,,0.1
Bandit80,8,4.12,,20,80,20,Left,Left,124,107,149,9,,,0.14
Bandit80,8,4.12,1.0,20,80,20,Pellet,Left,124,107,150,9,0.66,354.0,
Bandit80,8,4.12,,20,80,20,Left,Left,125,107,150,10,,,0.17
Bandit80,8,4.12,2.0,20,80,20,Pellet,Left,125,107,151,10,0.66,22.0,
Bandit80,8,4.12,,20,80,20,Left,Left,126,107,151,11,,,0.09
Bandit80,8,4.12,,20,80,20,LeftinTimeOut,Left,126,107,151,11,,,
Bandit80,8,4.12,,20,80,20,LeftinTimeOut,Left,126,107,151,11,,,
Bandit80,8,4.12,,20,80,20,Left,Left,127,107,151,11,,,0.07
Bandit80,8,4.12,1.0,20,80,20,Pellet,Left,127,107,152,11,0.66,1180.0,
Bandit80,8,4.11,,20,80,20,Left,Left,128,107,152,12,,,0.08
Bandit80,8,4.12,,20,80,20,LeftinTimeOut,Left,128,107,152,12,,,
Bandit80,8,4.11,,20,80,20,LeftinTimeOut,Left,128,107,152,12,,,
Bandit80,8,4.12,,20,80,20,LeftinTimeOut,Left,128,107,152,12,,,
Bandit80,8,4.12,,20,80,20,Right,Left,128,108,152,12,,,0.03
Bandit80,8,4.11,,20,80,20,RightinTimeout,Left,128,108,152,12,,,0.0
Bandit80,8,4.11,,20,80,20,Right,Left,128,109,152,12,,,0.17
Bandit80,8,4.12,,20,80,20,RightinTimeout,Left,128,109,152,12,,,0.0
Bandit80,8,4.12,,20,80,20,LeftinTimeOut,Left,128,109,152,12,,,
Bandit80,8,4.11,,20,80,20,Left,Left,129,109,152,12,,,0.16
Bandit80,8,4.12,1.0,20,80,20,Pellet,Left,129,109,153,12,0.66,953.0,
Bandit80,8,4.12,,20,80,20,Left,Left,130,109,153,13,,,0.1
Bandit80,8,4.12,,20,80,20,LeftinTimeOut,Left,130,109,153,13,,,
Bandit80,8,4.12,,20,80,20,LeftinTimeOut,Left,130,109,153,13,,,
Bandit80,8,4.12,,20,80,20,Left,Left,131,109,153,13,,,0.09
Bandit80,8,4.11,2.0,20,80,20,Pellet,Left,131,109,154,13,1.74,247.0,
Bandit80,8,4.11,,20,80,20,Left,Left,132,109,154,14,,,0.42
Bandit80,8,4.12,1.0,20,80,20,Pellet,Left,132,109,155,14,0.66,29.0,
Bandit80,8,4.11,,20,80,20,Left,Left,133,109,155,15,,,0.31
Bandit80,8,4.11,1.0,20,80,20,Pellet,Left,133,109,156,15,0.66,32.0,
Bandit80,8,4.12,,20,80,20,Left,Left,134,109,156,16,,,0.02
Bandit80,8,4.12,2.0,20,80,20,Pellet,Left,134,109,157,16,1.04,31.0,
Bandit80,8,4.11,,20,80,20,Left,Left,135,109,157,17,,,0.24
Bandit80,8,4.11,,20,80,20,Right,Left,135,110,157,17,,,0.14
Bandit80,8,4.11,,20,80,20,RightinTimeout,Left,135,110,157,17,,,0.0
Bandit80,8,4.11,,20,80,20,RightinTimeout,Left,135,110,157,17,,,0.0
Bandit80,8,4.11,,20,80,20,RightinTimeout,Left,135,110,157,17,,,0.0
Bandit80,8,4.11,,20,80,20,Right,Left,135,111,157,17,,,0.21
Bandit80,8,4.11,,20,80,20,RightinTimeout,Left,135,111,157,17,,,0.0
Bandit80,8,4.11,,20,80,20,RightinTimeout,Left,135,111,157,17,,,0.0
Bandit80,8,4.11,,20,80,20,RightinTimeout,Left,135,111,157,17,,,0.0
Bandit80,8,4.11,,20,80,20,RightinTimeout,Left,135,111,157,17,,,0.0
Bandit80,8,4.11,,20,80,20,RightinTimeout,Left,135,111,157,17,,,0.0
Bandit80,8,4.12,,20,80,20,RightinTimeout,Left,135,111,157,17,,,0.0
Bandit80,8,4.12,,20,80,20,RightinTimeout,Left,135,111,157,17,,,0.0
Bandit80,8,4.11,,20,80,20,RightinTimeout,Left,135,111,157,17,,,0.0
Bandit80,8,4.11,,20,80,20,RightinTimeout,Left,135,111,157,17,,,0.0
Bandit80,8,4.11,,20,80,20,RightinTimeout,Left,135,111,157,17,,,0.0
Bandit80,8,4.12,,20,80,20,RightinTimeout,Left,135,111,157,17,,,0.0
Bandit80,8,4.11,,20,80,20,LeftinTimeOut,Left,135,111,157,17,,,
Bandit80,8,4.11,,20,80,20,LeftinTimeOut,Left,135,111,157,17,,,
Bandit80,8,4.11,,20,80,20,LeftinTimeOut,Left,135,111,157,17,,,
Bandit80,8,4.11,,20,80,20,LeftinTimeOut,Left,135,111,157,17,,,
Bandit80,8,4.11,,20,80,20,Right,Left,135,112,157,17,,,0.22
Bandit80,8,4.11,,20,80,20,RightinTimeout,Left,135,112,157,17,,,0.0
Bandit80,8,4.11,,20,80,20,RightinTimeout,Left,135,112,157,17,,,0.0
Bandit80,8,4.11,,20,80,20,RightinTimeout,Left,135,112,157,17,,,0.0
Bandit80,8,4.11,,20,80,20,LeftinTimeOut,Left,135,112,157,17,,,
Bandit80,8,4.11,,20,80,20,Left,Left,136,112,157,17,,,0.11
Bandit80,8,4.11,1.0,20,80,20,Pellet,Left,136,112,158,17,1.67,4704.0,
Bandit80,8,4.11,,20,80,20,Right,Left,136,113,158,18,,,0.29
Bandit80,8,4.11,1.0,20,80,20,Pellet,Left,136,113,159,18,1.35,37.0,
Bandit80,8,4.11,,20,80,20,Right,Left,136,114,159,19,,,0.0
Bandit80,8,4.11,,20,80,20,RightinTimeout,Left,136,114,159,19,,,0.0
Bandit80,8,4.11,,20,80,20,Left,Left,137,114,159,19,,,0.17
Bandit80,8,4.11,1.0,20,80,20,Pellet,Left,137,114,160,19,1.04,39.0,
Bandit80,8,4.11,,20,20,80,Left,Right,138,114,160,0,,,0.11
Bandit80,8,4.11,,20,20,80,LeftinTimeOut,Right,138,114,160,0,,,
Bandit80,8,4.11,,20,20,80,LeftinTimeOut,Right,138,114,160,0,,,
Bandit80,8,4.12,,20,20,80,Left,Right,139,114,160,0,,,0.1
Bandit80,8,4.11,,20,20,80,Right,Right,139,115,160,0,,,0.1
Bandit80,8,4.11,1.0,20,20,80,Pellet,Right,139,115,161,0,1.74,1131.0,
Bandit80,8,4.11,,20,20,80,Right,Right,139,116,161,1,,,0.2
Bandit80,8,4.11,,20,20,80,RightinTimeout,Right,139,116,161,1,,,0.0
Bandit80,8,4.12,,20,20,80,RightinTimeout,Right,139,116,161,1,,,0.0
Bandit80,8,4.11,,20,20,80,Right,Right,139,117,161,1,,,0.06
Bandit80,8,4.11,,20,20,80,RightinTimeout,Right,139,117,161,1,,,0.0
Bandit80,8,4.11,,20,20,80,RightinTimeout,Right,139,117,161,1,,,0.0
Bandit80,8,4.11,,20,20,80,LeftinTimeOut,Right,139,117,161,1,,,
Bandit80,8,4.11,,20,20,80,LeftinTimeOut,Right,139,117,161,1,,,
Bandit80,8,4.11,,20,20,80,Left,Right,140,117,161,1,,,0.17
Bandit80,8,4.11,1.0,20,20,80,Pellet,Right,140,117,162,1,0.91,320.0,
Bandit80,8,4.11,,20,20,80,Right,Right,140,118,162,2,,,0.22
Bandit80,8,4.11,1.0,20,20,80,Pellet,Right,140,118,163,2,1.29,28.0,
Bandit80,8,4.12,,20,20,80,Right,Right,140,119,163,3,,,0.21
Bandit80,8,4.11,1.0,20,20,80,Pellet,Right,140,119,164,3,1.92,32.0,
Bandit80,8,4.11,,20,20,80,Right,Right,140,120,164,4,,,0.1
Bandit80,8,4.11,1.0,20,20,80,Pellet,Right,140,120,165,4,1.42,28.0,
Bandit80,8,4.11,,20,20,80,Right,Right,140,121,165,5,,,0.07
Bandit80,8,4.11,1.0,20,20,80,Pellet,Right,140,121,166,5,1.29,127.0,
Bandit80,8,4.11,,20,20,80,Right,Right,140,122,166,6,,,0.02
Bandit80,8,4.11,1.0,20,20,80,Pellet,Right,140,122,167,6,0.72,29.0,
Bandit80,8,4.12,,20,20,80,Right,Right,140,123,167,7,,,0.25
Bandit80,8,4.11,,20,20,80,RightinTimeout,Right,140,123,167,7,,,0.0
Bandit80,8,4.11,,20,20,80,Left,Right,141,123,167,7,,,0.02
Bandit80,8,4.11,1.0,20,20,80,Pellet,Right,141,123,168,7,0.66,266.0,
Bandit80,8,4.11,,20,20,80,Right,Right,141,124,168,8,,,0.07
Bandit80,8,4.11,1.0,20,20,80,Pellet,Right,141,124,169,8,1.10,612.0,
Bandit80,8,4.11,,20,20,80,Right,Right,141,125,169,9,,,0.02
Bandit80,8,4.11,1.0,20,20,80,Pellet,Right,141,125,170,9,1.23,19.0,
Bandit80,8,4.11,,20,20,80,Right,Right,141,126,170,10,,,0.02
Bandit80,8,4.11,1.0,20,20,80,Pellet,Right,141,126,171,10,0.91,25.0,
Bandit80,8,4.11,,20,20,80,Left,Right,142,126,171,11,,,0.14
Bandit80,8,4.11,,20,20,80,Left,Right,143,126,171,11,,,0.21
Bandit80,8,4.11,,20,20,80,Left,Right,144,126,171,11,,,0.87
Bandit80,8,4.1,,20,20,80,Left,Right,145,126,171,11,,,0.3
Bandit80,8,4.1,,20,20,80,RightinTimeout,Right,145,126,171,11,,,0.0
Bandit80,8,4.1,,20,20,80,Left,Right,146,126,171,11,,,0.23
Bandit80,8,4.1,,20,20,80,LeftinTimeOut,Right,146,126,171,11,,,
Bandit80,8,4.1,,20,20,80,LeftinTimeOut,Right,146,126,171,11,,,
Bandit80,8,4.1,,20,20,80,Left,Right,147,126,171,11,,,0.25
Bandit80,8,4.1,1.0,20,20,80,Pellet,Right,147,126,172,11,2.18,17164.0,
Bandit80,8,4.11,,20,20,80,Left,Right,148,126,172,12,,,0.19
Bandit80,8,4.1,1.0,20,20,80,Pellet,Right,148,126,173,12,0.66,20.0,
Bandit80,8,4.1,,20,20,80,Left,Right,149,126,173,13,,,0.05
Bandit80,8,4.1,,20,20,80,Right,Right,149,127,173,13,,,0.19
Bandit80,8,4.09,1.0,20,20,80,Pellet,Right,149,127,174,13,0.91,243.0,
Bandit80,8,4.09,,20,20,80,Right,Right,149,128,174,14,,,0.09
Bandit80,8,4.1,1.0,20,20,80,Pellet,Right,149,128,175,14,0.72,22.0,
Bandit80,8,4.1,,20,20,80,Left,Right,150,128,175,15,,,0.11
Bandit80,8,4.09,,20,20,80,Left,Right,151,128,175,15,,,0.28
Bandit80,8,4.1,,20,20,80,LeftinTimeOut,Right,151,128,175,15,,,
Bandit80,8,4.1,,20,20,80,Left,Right,152,128,175,15,,,0.13
Bandit80,8,4.09,,20,20,80,Right,Right,152,129,175,15,,,0.23
Bandit80,8,4.09,2.0,20,20,80,Pellet,Right,152,129,176,15,1.48,9795.0,
Bandit80,8,4.09,,20,20,80,Right,Right,152,130,176,16,,,0.08
Bandit80,8,4.09,,20,20,80,Left,Right,153,130,176,16,,,0.12
Bandit80,8,4.09,,20,20,80,LeftinTimeOut,Right,153,130,176,16,,,
Bandit80,8,4.09,,20,20,80,LeftinTimeOut,Right,153,130,176,16,,,
Bandit80,8,4.09,,20,20,80,LeftinTimeOut,Right,153,130,176,16,,,
Bandit80,8,4.09,,20,20,80,Right,Right,153,131,176,16,,,0.02
Bandit80,8,4.09,1.0,20,20,80,Pellet,Right,153,131,177,16,2.75,77.0,
Bandit80,8,4.09,,20,20,80,Right,Right,153,132,177,17,,,0.04
Bandit80,8,4.09,1.0,20,20,80,Pellet,Right,153,132,178,17,3.58,28.0,
Bandit80,8,4.09,,20,20,80,Right,Right,153,133,178,18,,,0.52
Bandit80,8,4.09,1.0,20,20,80,Pellet,Right,153,133,179,18,0.91,21.0,
Bandit80,8,4.09,,20,20,80,Right,Right,153,134,179,19,,,0.18
Bandit80,8,4.09,1.0,20,20,80,Pellet,Right,153,134,180,19,2.37,22.0,
Bandit80,8,4.09,,20,80,20,Right,Left,153,135,180,0,,,0.04
Bandit80,8,4.09,,20,80,20,RightinTimeout,Left,153,135,180,0,,,0.0
Bandit80,8,4.09,,20,80,20,RightinTimeout,Left,153,135,180,0,,,0.0
Bandit80,8,4.09,,20,80,20,Right,Left,153,136,180,0,,,0.31
Bandit80,8,4.09,,20,80,20,Left,Left,154,136,180,0,,,0.2
Bandit80,8,4.1,1.0,20,80,20,Pellet,Left,154,136,181,0,0.66,4135.0,
Bandit80,8,4.09,,20,80,20,Right,Left,154,137,181,1,,,0.18
Bandit80,8,4.09,,20,80,20,RightinTimeout,Left,154,137,181,1,,,0.0
Bandit80,8,4.09,,20,80,20,RightinTimeout,Left,154,137,181,1,,,0.0
Bandit80,8,4.09,,20,80,20,RightinTimeout,Left,154,137,181,1,,,0.0
Bandit80,8,4.09,,20,80,20,RightinTimeout,Left,154,137,181,1,,,0.0
Bandit80,8,4.09,,20,80,20,RightinTimeout,Left,154,137,181,1,,,0.0
Bandit80,8,4.09,,20,80,20,LeftinTimeOut,Left,154,137,181,1,,,
Bandit80,8,4.09,,20,80,20,Left,Left,155,137,181,1,,,0.18
Bandit80,8,4.09,1.0,20,80,20,Pellet,Left,155,137,182,1,0.66,93.0,
Bandit80,8,4.09,,20,80,20,Left,Left,156,137,182,2,,,0.06
Bandit80,8,4.09,1.0,20,80,20,Pellet,Left,156,137,183,2,0.66,23.0,
Bandit80,8,4.09,,20,80,20,Left,Left,157,137,183,3,,,0.07
Bandit80,8,4.09,1.0,20,80,20,Pellet,Left,157,137,184,3,1.04,27.0,
Bandit80,8,4.09,,20,80,20,Right,Left,157,138,184,4,,,0.12
Bandit80,8,4.09,,20,80,20,LeftinTimeOut,Left,157,138,184,4,,,
Bandit80,8,4.09,,20,80,20,Right,Left,157,139,184,4,,,0.17
Bandit80,8,4.09,,20,80,20,RightinTimeout,Left,157,139,184,4,,,0.0
Bandit80,8,4.09,,20,80,20,LeftinTimeOut,Left,157,139,184,4,,,
Bandit80,8,4.09,,20,80,20,LeftinTimeOut,Left,157,139,184,4,,,
Bandit80,8,4.09,,20,80,20,LeftinTimeOut,Left,157,139,184,4,,,
Bandit80,8,4.08,,20,80,20,LeftinTimeOut,Left,157,139,184,4,,,
Bandit80,8,4.09,,20,80,20,LeftinTimeOut,Left,157,139,184,4,,,
Bandit80,8,4.09,,20,80,20,LeftinTimeOut,Left,157,139,184,4,,,
Bandit80,8,4.09,,20,80,20,RightinTimeout,Left,157,139,184,4,,,0.0
Bandit80,8,4.08,,20,80,20,RightinTimeout,Left,157,139,184,4,,,0.0
Bandit80,8,4.09,,20,80,20,RightinTimeout,Left,157,139,184,4,,,0.0
Bandit80,8,4.09,,20,80,20,Left,Left,158,139,184,4,,,0.16
Bandit80,8,4.09,1.0,20,80,20,Pellet,Left,158,139,185,4,0.66,6171.0,
Bandit80,8,4.09,,20,80,20,Left,Left,159,139,185,5,,,0.22
Bandit80,8,4.09,,20,80,20,LeftinTimeOut,Left,159,139,185,5,,,
Bandit80,8,4.09,,20,80,20,LeftinTimeOut,Left,159,139,185,5,,,
Bandit80,8,4.09,,20,80,20,RightinTimeout,Left,159,139,185,5,,,0.0
Bandit80,8,4.09,,20,80,20,RightinTimeout,Left,159,139,185,5,,,0.0
Bandit80,8,4.09,,20,80,20,RightinTimeout,Left,159,139,185,5,,,0.0
Bandit80,8,4.09,,20,80,20,RightinTimeout,Left,159,139,185,5,,,0.0
Bandit80,8,4.09,,20,80,20,RightinTimeout,Left,159,139,185,5,,,0.0
Bandit80,8,4.09,,20,80,20,RightinTimeout,Left,159,139,185,5,,,0.0
Bandit80,8,4.09,,20,80,20,RightinTimeout,Left,159,139,185,5,,,0.0
Bandit80,8,4.09,,20,80,20,RightinTimeout,Left,159,139,185,5,,,0.0
Bandit80,8,4.09,,20,80,20,LeftinTimeOut,Left,159,139,185,5,,,
Bandit80,8,4.09,,20,80,20,LeftinTimeOut,Left,159,139,185,5,,,
Bandit80,8,4.09,,20,80,20,LeftinTimeOut,Left,159,139,185,5,,,
Bandit80,8,4.09,,20,80,20,LeftinTimeOut,Left,159,139,185,5,,,
Bandit80,8,4.09,,20,80,20,LeftinTimeOut,Left,159,139,185,5,,,
Bandit80,8,4.09,,20,80,20,LeftinTimeOut,Left,159,139,185,5,,,
Bandit80,8,4.07,,20,80,20,LeftinTimeOut,Left,159,139,185,5,,,
Bandit80,8,4.09,,20,80,20,LeftinTimeOut,Left,159,139,185,5,,,
Bandit80,8,4.09,,20,80,20,RightinTimeout,Left,159,139,185,5,,,0.0
Bandit80,8,4.09,,20,80,20,RightinTimeout,Left,159,139,185,5,,,0.0
Bandit80,8,4.09,,20,80,20,RightinTimeout,Left,159,139,185,5,,,0.0
Bandit80,8,4.09,,20,80,20,RightinTimeout,Left,159,139,185,5,,,0.0
Bandit80,8,4.09,,20,80,20,RightinTimeout,Left,159,139,185,5,,,0.0
Bandit80,8,4.09,,20,80,20,Right,Left,159,140,185,5,,,0.18
Bandit80,8,4.09,,20,80,20,RightinTimeout,Left,159,140,185,5,,,0.0
Bandit80,8,4.09,,20,80,20,Right,Left,159,141,185,5,,,0.12
Bandit80,8,4.09,,20,80,20,RightinTimeout,Left,159,141,185,5,,,0.0
Bandit80,8,4.09,,20,80,20,LeftinTimeOut,Left,159,141,185,5,,,
Bandit80,8,4.09,,20,80,20,Left,Left,160,141,185,5,,,0.38
Bandit80,8,4.09,1.0,20,80,20,Pellet,Left,160,141,186,5,0.66,186.0,
Bandit80,8,4.08,,20,80,20,Left,Left,161,141,186,6,,,0.47
Bandit80,8,4.09,1.0,20,80,20,Pellet,Left,161,141,187,6,0.79,20.0,
Bandit80,8,4.09,,20,80,20,Left,Left,162,141,187,7,,,0.16
Bandit80,8,4.09,2.0,20,80,20,Pellet,Left,162,141,188,7,4.97,24.0,
Bandit80,8,4.09,,20,80,20,Right,Left,162,142,188,8,,,0.17
Bandit80,8,4.09,,20,80,20,LeftinTimeOut,Left,162,142,188,8,,,
Bandit80,8,4.09,,20,80,20,LeftinTimeOut,Left,162,142,188,8,,,
Bandit80,8,4.09,,20,80,20,RightinTimeout,Left,162,142,188,8,,,0.0
Bandit80,8,4.09,,20,80,20,Left,Left,163,142,188,8,,,0.21
Bandit80,8,4.09,,20,80,20,Left,Left,164,142,188,8,,,0.59
Bandit80,8,4.09,1.0,20,80,20,Pellet,Left,164,142,189,8,0.66,562.0,
Bandit80,8,4.09,,20,80,20,Left,Left,165,142,189,9,,,0.11
Bandit80,8,4.09,1.0,20,80,20,Pellet,Left,165,142,190,9,0.66,19.0,
Bandit80,8,4.08,,20,80,20,Left,Left,166,142,190,10,,,0.19
Bandit80,8,4.09,2.0,20,80,20,Pellet,Left,166,142,191,10,15.77,40.0,
Bandit80,8,4.09,,20,80,20,Left,Left,167,142,191,11,,,0.23
Bandit80,8,4.09,1.0,20,80,20,Pellet,Left,167,142,192,11,0.66,19.0,
Bandit80,8,4.08,,20,80,20,Left,Left,168,142,192,12,,,0.29
Bandit80,8,4.09,1.0,20,80,20,Pellet,Left,168,142,193,12,0.66,33.0,
Bandit80,8,4.09,,20,80,20,Left,Left,169,142,193,13,,,0.35
Bandit80,8,4.09,1.0,20,80,20,Pellet,Left,169,142,194,13,0.66,20.0,
Bandit80,8,4.09,,20,80,20,Left,Left,170,142,194,14,,,0.32
Bandit80,8,4.09,2.0,20,80,20,Pellet,Left,170,142,195,14,1.54,22.0,
Bandit80,8,4.09,,20,80,20,Left,Left,171,142,195,15,,,0.04
Bandit80,8,4.09,1.0,20,80,20,Pellet,Left,171,142,196,15,0.98,16.0,
Bandit80,8,4.09,,20,80,20,Left,Left,172,142,196,16,,,0.19
Bandit80,8,4.09,2.0,20,80,20,Pellet,Left,172,142,197,16,0.66,17.0,
Bandit80,8,4.09,,20,80,20,Left,Left,173,142,197,17,,,0.13
Bandit80,8,4.09,1.0,20,80,20,Pellet,Left,173,142,198,17,0.79,331.0,
Bandit80,8,4.09,,20,80,20,Left,Left,174,142,198,18,,,0.11
Bandit80,8,4.09,,20,80,20,Right,Left,174,143,198,18,,,0.07
Bandit80,8,4.08,,20,80,20,RightinTimeout,Left,174,143,198,18,,,0.0
Bandit80,8,4.09,,20,80,20,Left,Left,175,143,198,18,,,0.25
Bandit80,8,4.09,1.0,20,80,20,Pellet,Left,175,143,199,18,1.10,4010.0,
Bandit80,8,4.08,,20,80,20,Right,Left,175,144,199,19,,,0.2
Bandit80,8,4.08,,20,80,20,RightinTimeout,Left,175,144,199,19,,,0.0
Bandit80,8,4.09,,20,80,20,LeftinTimeOut,Left,175,144,199,19,,,
Bandit80,8,4.09,,20,80,20,LeftinTimeOut,Left,175,144,199,19,,,
Bandit80,8,4.08,,20,80,20,Left,Left,176,144,199,19,,,0.17
Bandit80,8,4.08,1.0,20,80,20,Pellet,Left,176,144,200,19,0.66,65.0,
Bandit80,8,4.08,,20,20,80,Left,Right,177,144,200,0,,,0.42
Bandit80,8,4.09,,20,20,80,LeftinTimeOut,Right,177,144,200,0,,,
Bandit80,8,4.08,,20,20,80,LeftinTimeOut,Right,177,144,200,0,,,
Bandit80,8,4.08,,20,20,80,LeftinTimeOut,Right,177,144,200,0,,,
Bandit80,8,4.08,,20,20,80,Right,Right,177,145,200,0,,,0.16
Bandit80,8,4.08,1.0,20,20,80,Pellet,Right,177,145,201,0,1.48,39.0,
Bandit80,8,4.08,,20,20,80,Left,Right,178,145,201,1,,,0.17
Bandit80,8,4.08,,20,20,80,RightinTimeout,Right,178,145,201,1,,,0.0
Bandit80,8,4.08,,20,20,80,RightinTimeout,Right,178,145,201,1,,,0.0
Bandit80,8,4.08,,20,20,80,RightinTimeout,Right,178,145,201,1,,,0.0
Bandit80,8,4.08,,20,20,80,Right,Right,178,146,201,1,,,0.13
Bandit80,8,4.08,,20,20,80,LeftinTimeOut,Right,178,146,201,1,,,
Bandit80,8,4.09,,20,20,80,LeftinTimeOut,Right,178,146,201,1,,,
Bandit80,8,4.09,,20,20,80,Right,Right,178,147,201,1,,,0.15
Bandit80,8,4.09,1.0,20,20,80,Pellet,Right,178,147,202,1,1.04,822.0,
Bandit80,8,4.08,,20,20,80,Right,Right,178,148,202,2,,,0.04
Bandit80,8,4.08,1.0,20,20,80,Pellet,Right,178,148,203,2,1.23,20.0,
Bandit80,8,4.08,,20,20,80,Right,Right,178,149,203,3,,,0.14
Bandit80,8,4.09,,20,20,80,RightinTimeout,Right,178,149,203,3,,,0.0
Bandit80,8,4.08,,20,20,80,RightinTimeout,Right,178,149,203,3,,,0.0
Bandit80,8,4.09,,20,20,80,RightinTimeout,Right,178,149,203,3,,,0.0
Bandit80,8,4.09,,20,20,80,RightinTimeout,Right,178,149,203,3,,,0.0
Bandit80,8,4.08,,20,20,80,RightinTimeout,Right,178,149,203,3,,,0.0
Bandit80,8,4.08,,20,20,80,RightinTimeout,Right,178,149,203,3,,,0.0
Bandit80,8,4.08,,20,20,80,RightinTimeout,Right,178,149,203,3,,,0.0
Bandit80,8,4.08,,20,20,80,RightinTimeout,Right,178,149,203,3,,,0.0
Bandit80,8,4.08,,20,20,80,LeftinTimeOut,Right,178,149,203,3,,,
Bandit80,8,4.08,,20,20,80,Right,Right,178,150,203,3,,,0.05
Bandit80,8,4.08,,20,20,80,RightinTimeout,Right,178,150,203,3,,,0.0
Bandit80,8,4.08,,20,20,80,Left,Right,179,150,203,3,,,0.49
Bandit80,8,4.08,1.0,20,20,80,Pellet,Right,179,150,204,3,0.79,511.0,
Bandit80,8,4.08,,20,20,80,Left,Right,180,150,204,4,,,0.12
Bandit80,8,4.08,,20,20,80,LeftinTimeOut,Right,180,150,204,4,,,
Bandit80,8,4.08,,20,20,80,Left,Right,181,150,204,4,,,0.0
Bandit80,8,4.09,,20,20,80,Left,Right,182,150,204,4,,,0.09
Bandit80,8,4.09,,20,20,80,Left,Right,183,150,204,4,,,0.2
Bandit80,8,4.09,1.0,20,20,80,Pellet,Right,183,150,205,4,0.79,661.0,
Bandit80,8,4.09,,20,20,80,Left,Right,184,150,205,5,,,0.02
Bandit80,8,4.08,2.0,20,20,80,Pellet,Right,184,150,206,5,0.66,18.0,
Bandit80,8,4.08,,20,20,80,Left,Right,185,150,206,6,,,0.3
Bandit80,8,4.08,,20,20,80,LeftinTimeOut,Right,185,150,206,6,,,
Bandit80,8,4.08,,20,20,80,LeftinTimeOut,Right,185,150,206,6,,,
Bandit80,8,4.08,,20,20,80,Left,Right,186,150,206,6,,,0.24
Bandit80,8,4.08,,20,20,80,Right,Right,186,151,206,6,,,0.04
Bandit80,8,4.08,,20,20,80,Left,Right,187,151,206,6,,,0.17
Bandit80,8,4.08,,20,20,80,LeftinTimeOut,Right,187,151,206,6,,,
Bandit80,8,4.08,,20,20,80,Right,Right,187,152,206,6,,,0.09
Bandit80,8,4.08,1.0,20,20,80,Pellet,Right,187,152,207,6,0.91,324.0,
Bandit80,8,4.07,,20,20,80,Right,Right,187,153,207,7,,,0.12
Bandit80,8,4.09,1.0,20,20,80,Pellet,Right,187,153,208,7,0.85,18.0,
Bandit80,8,4.08,,20,20,80,Right,Right,187,154,208,8,,,0.07
Bandit80,8,4.08,1.0,20,20,80,Pellet,Right,187,154,209,8,1.93,21.0,
Bandit80,8,4.08,,20,20,80,Right,Right,187,155,209,9,,,0.01
Bandit80,8,4.08,1.0,20,20,80,Pellet,Right,187,155,210,9,0.66,65.0,
Bandit80,8,4.09,,20,20,80,Right,Right,187,156,210,10,,,0.0
Bandit80,8,4.08,,20,20,80,Right,Right,187,157,210,10,,,0.15
Bandit80,8,4.08,1.0,20,20,80,Pellet,Right,187,157,211,10,0.66,117.0,
Bandit80,8,4.07,,20,20,80,Right,Right,187,158,211,11,,,0.18
Bandit80,8,4.08,1.0,20,20,80,Pellet,Right,187,158,212,11,0.72,17.0,
Bandit80,8,4.07,,20,20,80,Right,Right,187,159,212,12,,,0.07
Bandit80,8,4.08,1.0,20,20,80,Pellet,Right,187,159,213,12,1.42,15.0,
Bandit80,8,4.08,,20,20,80,Right,Right,187,160,213,13,,,0.03
Bandit80,8,4.08,1.0,20,20,80,Pellet,Right,187,160,214,13,0.79,56.0,
Bandit80,8,4.08,,20,20,80,Right,Right,187,161,214,14,,,0.07
Bandit80,8,4.08,1.0,20,20,80,Pellet,Right,187,161,215,14,0.66,17.0,
Bandit80,8,4.08,,20,20,80,Right,Right,187,162,215,15,,,0.17
Bandit80,8,4.08,,20,20,80,Left,Right,188,162,215,15,,,0.13
Bandit80,8,4.08,,20,20,80,Right,Right,188,163,215,15,,,0.01
Bandit80,8,4.07,1.0,20,20,80,Pellet,Right,188,163,216,15,0.66,990.0,
Bandit80,8,4.08,,20,20,80,Right,Right,188,164,216,16,,,0.04
Bandit80,8,4.09,1.0,20,20,80,Pellet,Right,188,164,217,16,0.66,22.0,
Bandit80,8,4.08,,20,20,80,Right,Right,188,165,217,17,,,0.05
Bandit80,8,4.08,1.0,20,20,80,Pellet,Right,188,165,218,17,0.79,16.0,
Bandit80,8,4.08,,20,20,80,Right,Right,188,166,218,18,,,0.33
Bandit80,8,4.07,1.0,20,20,80,Pellet,Right,188,166,219,18,0.85,28.0,
Bandit80,8,4.08,,20,20,80,Right,Right,188,167,219,19,,,0.03
Bandit80,8,4.09,1.0,20,20,80,Pellet,Right,188,167,220,19,0.91,17.0,
Bandit80,8,4.08,,20,80,20,Right,Left,188,168,220,0,,,0.17
Bandit80,8,4.07,,20,80,20,Left,Left,189,168,220,0,,,0.17
Bandit80,8,4.08,1.0,20,80,20,Pellet,Left,189,168,221,0,1.29,70.0,
Bandit80,8,4.09,,20,80,20,Left,Left,190,168,221,1,,,0.03
Bandit80,8,4.08,2.0,20,80,20,Pellet,Left,190,168,222,1,0.66,18.0,
Bandit80,8,4.08,,20,80,20,Left,Left,191,168,222,2,,,0.06
Bandit80,8,4.08,1.0,20,80,20,Pellet,Left,191,168,223,2,0.66,26.0,
Bandit80,8,4.08,,20,80,20,Left,Left,192,168,223,3,,,0.19
Bandit80,8,4.08,,20,80,20,Left,Left,193,168,223,3,,,0.1
Bandit80,8,4.08,1.0,20,80,20,Pellet,Left,193,168,224,3,0.72,444.0,
Bandit80,8,4.08,,20,80,20,Left,Left,194,168,224,4,,,0.16
Bandit80,8,4.07,1.0,20,80,20,Pellet,Left,194,168,225,4,0.72,23.0,
Bandit80,8,4.08,,20,80,20,Left,Left,195,168,225,5,,,0.01
Bandit80,8,4.08,1.0,20,80,20,Pellet,Left,195,168,226,5,0.79,35.0,
Bandit80,8,4.08,,20,80,20,Left,Left,196,168,226,6,,,0.11
Bandit80,8,4.08,1.0,20,80,20,Pellet,Left,196,168,227,6,0.66,20.0,
Bandit80,8,4.07,,20,80,20,Left,Left,197,168,227,7,,,0.2
Bandit80,8,4.08,1.0,20,80,20,Pellet,Left,197,168,228,7,0.66,197.0,
Bandit80,8,4.08,,20,80,20,Right,Left,197,169,228,8,,,0.12
Bandit80,8,4.08,,20,80,20,Right,Left,197,170,228,8,,,0.09
Bandit80,8,4.08,,20,80,20,RightinTimeout,Left,197,170,228,8,,,0.0
Bandit80,8,4.08,,20,80,20,Left,Left,198,170,228,8,,,0.27
Bandit80,8,4.08,1.0,20,80,20,Pellet,Left,198,170,229,8,0.66,542.0,
Bandit80,8,4.08,,20,80,20,Left,Left,199,170,229,9,,,0.22
Bandit80,8,4.08,1.0,20,80,20,Pellet,Left,199,170,230,9,0.66,29.0,
Bandit80,8,4.08,,20,80,20,Left,Left,200,170,230,10,,,0.12
Bandit80,8,4.08,1.0,20,80,20,Pellet,Left,200,170,231,10,0.66,789.0,
Bandit80,8,4.08,,20,80,20,Left,Left,201,170,231,11,,,0.21
Bandit80,8,4.08,,20,80,20,Left,Left,202,170,231,11,,,0.1
Bandit80,8,4.08,,20,80,20,LeftinTimeOut,Left,202,170,231,11,,,
Bandit80,8,4.08,,20,80,20,Left,Left,203,170,231,11,,,0.0
Bandit80,8,4.08,1.0,20,80,20,Pellet,Left,203,170,232,11,0.66,1169.0,
Bandit80,8,4.08,,20,80,20,Left,Left,204,170,232,12,,,0.08
Bandit80,8,4.07,1.0,20,80,20,Pellet,Left,204,170,233,12,0.66,59.0,
Bandit80,8,4.07,,20,80,20,Left,Left,205,170,233,13,,,0.16
Bandit80,8,4.08,,20,80,20,LeftinTimeOut,Left,205,170,233,13,,,
Bandit80,8,4.08,,20,80,20,Right,Left,205,171,233,13,,,0.19
Bandit80,8,4.08,,20,80,20,RightinTimeout,Left,205,171,233,13,,,0.0
Bandit80,8,4.08,,20,80,20,RightinTimeout,Left,205,171,233,13,,,0.0
Bandit80,8,4.08,,20,80,20,Right,Left,205,172,233,13,,,0.02
Bandit80,8,4.07,,20,80,20,Right,Left,205,173,233,13,,,0.09
Bandit80,8,4.08,,20,80,20,Right,Left,205,174,233,13,,,0.17
Bandit80,8,4.08,,20,80,20,RightinTimeout,Left,205,174,233,13,,,0.0
Bandit80,8,4.08,,20,80,20,RightinTimeout,Left,205,174,233,13,,,0.0
Bandit80,8,4.08,,20,80,20,RightinTimeout,Left,205,174,233,13,,,0.0
Bandit80,8,4.07,,20,80,20,Right,Left,205,175,233,13,,,0.11
Bandit80,8,4.08,,20,80,20,RightinTimeout,Left,205,175,233,13,,,0.0
Bandit80,8,4.08,,20,80,20,LeftinTimeOut,Left,205,175,233,13,,,
Bandit80,8,4.08,,20,80,20,LeftinTimeOut,Left,205,175,233,13,,,
Bandit80,8,4.08,,20,80,20,Left,Left,206,175,233,13,,,0.16
Bandit80,8,4.08,1.0,20,80,20,Pellet,Left,206,175,234,13,0.72,511.0,
Bandit80,8,4.07,,20,80,20,Left,Left,207,175,234,14,,,0.21
Bandit80,8,4.07,1.0,20,80,20,Pellet,Left,207,175,235,14,0.66,20.0,
Bandit80,8,4.08,,20,80,20,Left,Left,208,175,235,15,,,0.39
Bandit80,8,4.07,1.0,20,80,20,Pellet,Left,208,175,236,15,0.66,39.0,
Bandit80,8,4.08,,20,80,20,Right,Left,208,176,236,16,,,0.07
Bandit80,8,4.08,1.0,20,80,20,Pellet,Left,208,176,237,16,1.42,50.0,
Bandit80,8,4.08,,20,80,20,Right,Left,208,177,237,17,,,0.21
Bandit80,8,4.08,1.0,20,80,20,Pellet,Left,208,177,238,17,1.16,24.0,
Bandit80,8,4.07,,20,80,20,Right,Left,208,178,238,18,,,0.3
Bandit80,8,4.08,1.0,20,80,20,Pellet,Left,208,178,239,18,0.66,26.0,
Bandit80,8,4.07,,20,80,20,Right,Left,208,179,239,19,,,0.34
Bandit80,8,4.08,1.0,20,80,20,Pellet,Left,208,179,240,19,1.04,21.0,
Bandit80,8,4.08,,20,20,80,Right,Right,208,180,240,0,,,0.19
Bandit80,8,4.08,1.0,20,20,80,Pellet,Right,208,180,241,0,0.72,35.0,
Bandit80,8,4.08,,20,20,80,Right,Right,208,181,241,1,,,0.51
Bandit80,8,4.08,1.0,20,20,80,Pellet,Right,208,181,242,1,1.93,26.0,
Bandit80,8,4.07,,20,20,80,Right,Right,208,182,242,2,,,0.23
Bandit80,8,4.08,1.0,20,20,80,Pellet,Right,208,182,243,2,0.98,41.0,
Bandit80,8,4.07,,20,20,80,Right,Right,208,183,243,3,,,0.29
Bandit80,8,4.07,1.0,20,20,80,Pellet,Right,208,183,244,3,1.04,22.0,
Bandit80,8,4.09,,20,20,80,Right,Right,208,184,244,4,,,0.1
Bandit80,8,4.07,1.0,20,20,80,Pellet,Right,208,184,245,4,0.66,17.0,
Bandit80,8,4.07,,20,20,80,Left,Right,209,184,245,5,,,0.03
Bandit80,8,4.08,,20,20,80,Left,Right,210,184,245,5,,,0.06
Bandit80,8,4.08,,20,20,80,Left,Right,211,184,245,5,,,0.13
Bandit80,8,4.08,,20,20,80,LeftinTimeOut,Right,211,184,245,5,,,
Bandit80,8,4.08,,20,20,80,Left,Right,212,184,245,5,,,0.17
Bandit80,8,4.08,,20,20,80,Left,Right,213,184,245,5,,,0.02
Bandit80,8,4.08,,20,20,80,LeftinTimeOut,Right,213,184,245,5,,,
Bandit80,8,4.08,,20,20,80,Left,Right,214,184,245,5,,,0.13
Bandit80,8,4.08,1.0,20,20,80,Pellet,Right,214,184,246,5,0.66,975.0,
Bandit80,8,4.08,,20,20,80,Left,Right,215,184,246,6,,,0.12
Bandit80,8,4.08,2.0,20,20,80,Pellet,Right,215,184,247,6,0.66,18.0,
Bandit80,8,4.08,,20,20,80,Left,Right,216,184,247,7,,,0.11
Bandit80,8,4.08,1.0,20,20,80,Pellet,Right,216,184,248,7,0.66,22.0,
Bandit80,8,4.08,,20,20,80,Left,Right,217,184,248,8,,,0.28
Bandit80,8,4.07,1.0,20,20,80,Pellet,Right,217,184,249,8,0.66,23.0,
Bandit80,8,4.07,,20,20,80,Left,Right,218,184,249,9,,,0.14
Bandit80,8,4.07,,20,20,80,Right,Right,218,185,249,9,,,0.09
Bandit80,8,4.07,1.0,20,20,80,Pellet,Right,218,185,250,9,1.04,5526.0,
Bandit80,8,4.07,,20,20,80,Right,Right,218,186,250,10,,,0.17
Bandit80,8,4.07,1.0,20,20,80,Pellet,Right,218,186,251,10,1.29,18.0,
Bandit80,8,4.07,,20,20,80,Right,Right,218,187,251,11,,,0.0
Bandit80,8,4.07,1.0,20,20,80,Pellet,Right,218,187,252,11,1.04,14.0,
Bandit80,8,4.07,,20,20,80,Right,Right,218,188,252,12,,,0.06
Bandit80,8,4.07,1.0,20,20,80,Pellet,Right,218,188,253,12,1.17,14.0,
Bandit80,8,4.07,,20,20,80,Right,Right,218,189,253,13,,,0.11
Bandit80,8,4.08,,20,20,80,RightDuringDispense,Right,218,189,253,13,,,0.02
Bandit80,8,4.07,2.0,20,20,80,Pellet,Right,218,189,254,13,0.66,17.0,
Bandit80,8,4.06,,20,20,80,Right,Right,218,190,254,14,,,0.09
Bandit80,8,4.07,,20,20,80,RightinTimeout,Right,218,190,254,14,,,0.0
Bandit80,8,4.07,,20,20,80,RightinTimeout,Right,218,190,254,14,,,0.0
Bandit80,8,4.07,,20,20,80,RightinTimeout,Right,218,190,254,14,,,0.0
Bandit80,8,4.07,,20,20,80,Right,Right,218,191,254,14,,,0.31
Bandit80,8,4.07,1.0,20,20,80,Pellet,Right,218,191,255,14,1.16,40.0,
Bandit80,8,4.08,,20,20,80,Right,Right,218,192,255,15,,,0.22
Bandit80,8,4.08,,20,20,80,RightinTimeout,Right,218,192,255,15,,,0.0
Bandit80,8,4.07,,20,20,80,RightinTimeout,Right,218,192,255,15,,,0.0
Bandit80,8,4.07,,20,20,80,RightinTimeout,Right,218,192,255,15,,,0.0
Bandit80,8,4.07,,20,20,80,RightinTimeout,Right,218,192,255,15,,,0.0
Bandit80,8,4.07,,20,20,80,RightinTimeout,Right,218,192,255,15,,,0.0
Bandit80,8,4.07,,20,20,80,RightinTimeout,Right,218,192,255,15,,,0.0
Bandit80,8,4.07,,20,20,80,LeftinTimeOut,Right,218,192,255,15,,,
Bandit80,8,4.07,,20,20,80,Left,Right,219,192,255,15,,,0.18
Bandit80,8,4.07,,20,20,80,LeftinTimeOut,Right,219,192,255,15,,,
Bandit80,8,4.08,,20,20,80,LeftinTimeOut,Right,219,192,255,15,,,
Bandit80,8,4.07,,20,20,80,Left,Right,220,192,255,15,,,0.21
Bandit80,8,4.07,,20,20,80,LeftinTimeOut,Right,220,192,255,15,,,
Bandit80,8,4.07,,20,20,80,Right,Right,220,193,255,15,,,0.17
Bandit80,8,4.07,1.0,20,20,80,Pellet,Right,220,193,256,15,1.29,1806.0,
Bandit80,8,4.07,,20,20,80,Left,Right,221,193,256,16,,,0.06
Bandit80,8,4.07,,20,20,80,LeftinTimeOut,Right,221,193,256,16,,,
Bandit80,8,4.07,,20,20,80,Right,Right,221,194,256,16,,,0.32
Bandit80,8,4.07,1.0,20,20,80,Pellet,Right,221,194,257,16,1.42,44.0,
Bandit80,8,4.07,,20,20,80,Right,Right,221,195,257,17,,,0.34
Bandit80,8,4.07,1.0,20,20,80,Pellet,Right,221,195,258,17,1.04,20.0,
Bandit80,8,4.07,,20,20,80,Right,Right,221,196,258,18,,,0.11
Bandit80,8,4.07,1.0,20,20,80,Pellet,Right,221,196,259,18,2.18,42.0,
Bandit80,8,4.07,,20,20,80,Right,Right,221,197,259,19,,,0.08
Bandit80,8,4.07,1.0,20,20,80,Pellet,Right,221,197,260,19,1.55,24.0,
Bandit80,8,4.07,,20,80,20,Right,Left,221,198,260,0,,,0.17
Bandit80,8,4.07,,20,80,20,LeftinTimeOut,Left,221,198,260,0,,,
Bandit80,8,4.07,,20,80,20,Right,Left,221,199,260,0,,,0.16
Bandit80,8,4.07,,20,80,20,Left,Left,222,199,260,0,,,0.13
Bandit80,8,4.07,1.0,20,80,20,Pellet,Left,222,199,261,0,1.10,294.0,
Bandit80,8,4.08,,20,80,20,Left,Left,223,199,261,1,,,0.05
Bandit80,8,4.07,2.0,20,80,20,Pellet,Left,223,199,262,1,0.66,22.0,
Bandit80,8,4.07,,20,80,20,Left,Left,224,199,262,2,,,0.03
Bandit80,8,4.07,1.0,20,80,20,Pellet,Left,224,199,263,2,0.66,20.0,
Bandit80,8,4.07,,20,80,20,Left,Left,225,199,263,3,,,0.12
Bandit80,8,4.07,1.0,20,80,20,Pellet,Left,225,199,264,3,0.66,173.0,
Bandit80,8,4.07,,20,80,20,Left,Left,226,199,264,4,,,0.18
Bandit80,8,4.07,2.0,20,80,20,Pellet,Left,226,199,265,4,0.66,16.0,
Bandit80,8,4.07,,20,80,20,Left,Left,227,199,265,5,,,0.17
Bandit80,8,4.07,1.0,20,80,20,Pellet,Left,227,199,266,5,0.66,20.0,
Bandit80,8,4.07,,20,80,20,Right,Left,227,200,266,6,,,0.06
Bandit80,8,4.07,,20,80,20,Left,Left,228,200,266,6,,,0.08
Bandit80,8,4.07,,20,80,20,Left,Left,229,200,266,6,,,0.07
Bandit80,8,4.07,,20,80,20,Right,Left,229,201,266,6,,,0.1
Bandit80,8,4.07,,20,80,20,RightinTimeout,Left,229,201,266,6,,,0.0
Bandit80,8,4.07,,20,80,20,LeftinTimeOut,Left,229,201,266,6,,,
Bandit80,8,4.07,,20,80,20,Left,Left,230,201,266,6,,,0.13
Bandit80,8,4.07,1.0,20,80,20,Pellet,Left,230,201,267,6,0.79,647.0,
Bandit80,8,4.07,,20,80,20,Right,Left,230,202,267,7,,,0.2
Bandit80,8,4.07,,20,80,20,Right,Left,230,203,267,7,,,0.12
Bandit80,8,4.07,,20,80,20,LeftinTimeOut,Left,230,203,267,7,,,
Bandit80,8,4.07,,20,80,20,LeftinTimeOut,Left,230,203,267,7,,,
Bandit80,8,4.07,,20,80,20,Right,Left,230,204,267,7,,,0.16
Bandit80,8,4.07,,20,80,20,Left,Left,231,204,267,7,,,0.07
Bandit80,8,4.07,1.0,20,80,20,Pellet,Left,231,204,268,7,0.66,1096.0,
Bandit80,8,4.07,,20,80,20,Left,Left,232,204,268,8,,,0.06
Bandit80,8,4.07,1.0,20,80,20,Pellet,Left,232,204,269,8,0.66,19.0,
Bandit80,8,4.07,,20,80,20,Right,Left,232,205,269,9,,,0.13
Bandit80,8,4.07,,20,80,20,LeftinTimeOut,Left,232,205,269,9,,,
Bandit80,8,4.07,,20,80,20,LeftinTimeOut,Left,232,205,269,9,,,
Bandit80,8,4.07,,20,80,20,Left,Left,233,205,269,9,,,0.11
Bandit80,8,4.07,1.0,20,80,20,Pellet,Left,233,205,270,9,1.67,494.0,
Bandit80,8,4.07,,20,80,20,Right,Left,233,206,270,10,,,0.14
Bandit80,8,4.07,,20,80,20,RightinTimeout,Left,233,206,270,10,,,0.0
Bandit80,8,4.07,,20,80,20,Left,Left,234,206,270,10,,,0.1
Bandit80,8,4.07,1.0,20,80,20,Pellet,Left,234,206,271,10,0.79,243.0,
Bandit80,8,4.07,,20,80,20,Left,Left,235,206,271,11,,,0.14
Bandit80,8,4.07,1.0,20,80,20,Pellet,Left,235,206,272,11,0.66,17.0,
Bandit80,8,4.07,,20,80,20,Left,Left,236,206,272,12,,,0.06
Bandit80,8,4.07,1.0,20,80,20,Pellet,Left,236,206,273,12,0.66,423.0,
Bandit80,8,4.07,,20,80,20,Left,Left,237,206,273,13,,,0.06
Bandit80,8,4.07,1.0,20,80,20,Pellet,Left,237,206,274,13,0.98,26.0,
Bandit80,8,4.07,,20,80,20,Left,Left,238,206,274,14,,,0.27
Bandit80,8,4.07,1.0,20,80,20,Pellet,Left,238,206,275,14,0.66,24.0,
Bandit80,8,4.07,,20,80,20,Left,Left,239,206,275,15,,,0.18
Bandit80,8,4.07,,20,80,20,LeftinTimeOut,Left,239,206,275,15,,,
Bandit80,8,4.07,,20,80,20,Left,Left,240,206,275,15,,,0.37
Bandit80,8,4.07,1.0,20,80,20,Pellet,Left,240,206,276,15,1.10,441.0,
Bandit80,8,4.07,,20,80,20,Left,Left,241,206,276,16,,,0.14
Bandit80,8,4.07,1.0,20,80,20,Pellet,Left,241,206,277,16,0.72,27.0,
Bandit80,8,4.07,,20,80,20,Left,Left,242,206,277,17,,,0.19
Bandit80,8,4.07,1.0,20,80,20,Pellet,Left,242,206,278,17,0.66,33.0,
Bandit80,8,4.07,,20,80,20,Left,Left,243,206,278,18,,,0.22
Bandit80,8,4.07,2.0,20,80,20,Pellet,Left,243,206,279,18,0.66,21.0,
Bandit80,8,4.07,,20,80,20,Left,Left,244,206,279,19,,,0.17
Bandit80,8,4.07,1.0,20,80,20,Pellet,Left,244,206,280,19,0.66,84.0,
Bandit80,8,4.07,,20,20,80,Left,Right,245,206,280,0,,,0.31
Bandit80,8,4.07,,20,20,80,Right,Right,245,207,280,0,,,0.09
Bandit80,8,4.07,1.0,20,20,80,Pellet,Right,245,207,281,0,0.85,1223.0,
Bandit80,8,4.07,,20,20,80,Right,Right,245,208,281,1,,,0.15
Bandit80,8,4.07,1.0,20,20,80,Pellet,Right,245,208,282,1,1.16,19.0,
Bandit80,8,4.07,,20,20,80,Right,Right,245,209,282,2,,,0.03
Bandit80,8,4.07,1.0,20,20,80,Pellet,Right,245,209,283,2,0.66,18.0,
Bandit80,8,4.07,,20,20,80,Right,Right,245,210,283,3,,,0.06
Bandit80,8,4.07,,20,20,80,RightinTimeout,Right,245,210,283,3,,,0.0
Bandit80,8,4.07,,20,20,80,Left,Right,246,210,283,3,,,0.1
Bandit80,8,4.07,,20,20,80,Left,Right,247,210,283,3,,,0.09
Bandit80,8,4.07,1.0,20,20,80,Pellet,Right,247,210,284,3,0.66,373.0,
Bandit80,8,4.07,,20,20,80,Right,Right,247,211,284,4,,,0.15
Bandit80,8,4.07,1.0,20,20,80,Pellet,Right,247,211,285,4,0.66,438.0,
Bandit80,8,4.07,,20,20,80,Right,Right,247,212,285,5,,,0.11
Bandit80,8,4.07,1.0,20,20,80,Pellet,Right,247,212,286,5,0.72,19.0,
Bandit80,8,4.07,,20,20,80,Right,Right,247,213,286,6,,,0.04
Bandit80,8,4.07,1.0,20,20,80,Pellet,Right,247,213,287,6,0.66,15.0,
Bandit80,8,4.07,,20,20,80,Right,Right,247,214,287,7,,,0.07
Bandit80,8,4.07,1.0,20,20,80,Pellet,Right,247,214,288,7,0.72,15.0,
Bandit80,8,4.07,,20,20,80,Right,Right,247,215,288,8,,,0.28
Bandit80,8,4.07,1.0,20,20,80,Pellet,Right,247,215,289,8,0.66,16.0,
Bandit80,8,4.07,,20,20,80,Right,Right,247,216,289,9,,,0.05
Bandit80,8,4.07,1.0,20,20,80,Pellet,Right,247,216,290,9,0.66,19.0,
Bandit80,8,4.07,,20,20,80,Right,Right,247,217,290,10,,,0.04
Bandit80,8,4.07,1.0,20,20,80,Pellet,Right,247,217,291,10,1.54,25.0,
Bandit80,8,4.07,,20,20,80,Right,Right,247,218,291,11,,,0.22
Bandit80,8,4.07,1.0,20,20,80,Pellet,Right,247,218,292,11,0.66,20.0,
Bandit80,8,4.07,,20,20,80,Right,Right,247,219,292,12,,,0.23
Bandit80,8,4.07,,20,20,80,RightinTimeout,Right,247,219,292,12,,,0.0
Bandit80,8,4.07,,20,20,80,Right,Right,247,220,292,12,,,0.11
Bandit80,8,4.07,1.0,20,20,80,Pellet,Right,247,220,293,12,1.29,4490.0,
Bandit80,8,4.07,,20,20,80,Right,Right,247,221,293,13,,,0.66
Bandit80,8,4.07,,20,20,80,Right,Right,247,222,293,13,,,0.73
Bandit80,8,4.07,,20,20,80,LeftinTimeOut,Right,247,222,293,13,,,
Bandit80,8,4.07,,20,20,80,Left,Right,248,222,293,13,,,0.09
Bandit80,8,4.06,,20,20,80,Right,Right,248,223,293,13,,,0.7
Bandit80,8,4.07,1.0,20,20,80,Pellet,Right,248,223,294,13,1.16,4257.0,
Bandit80,8,4.07,,20,20,80,Right,Right,248,224,294,14,,,0.04
Bandit80,8,4.06,1.0,20,20,80,Pellet,Right,248,224,295,14,1.36,19.0,
Bandit80,8,4.07,,20,20,80,Right,Right,248,225,295,15,,,0.02
Bandit80,8,4.07,1.0,20,20,80,Pellet,Right,248,225,296,15,0.79,21.0,
Bandit80,8,4.07,,20,20,80,Right,Right,248,226,296,16,,,0.1
Bandit80,8,4.07,1.0,20,20,80,Pellet,Right,248,226,297,16,0.79,17.0,
Bandit80,8,4.07,,20,20,80,Right,Right,248,227,297,17,,,0.16
Bandit80,8,4.07,1.0,20,20,80,Pellet,Right,248,227,298,17,1.80,20.0,
Bandit80,8,4.07,,20,20,80,Right,Right,248,228,298,18,,,0.18
Bandit80,8,4.07,1.0,20,20,80,Pellet,Right,248,228,299,18,0.66,32.0,
Bandit80,8,4.06,,20,20,80,Right,Right,248,229,299,19,,,0.02
Bandit80,8,4.07,1.0,20,20,80,Pellet,Right,248,229,300,19,0.79,24.0,
Bandit80,8,4.07,,20,80,20,Right,Left,248,230,300,0,,,0.35
Bandit80,8,4.06,1.0,20,80,20,Pellet,Left,248,230,301,0,2.05,20.0,
Bandit80,8,4.06,,20,80,20,Right,Left,248,231,301,1,,,0.15
Bandit80,8,4.06,,20,80,20,Right,Left,248,232,301,1,,,0.21
Bandit80,8,4.07,1.0,20,80,20,Pellet,Left,248,232,302,1,1.23,196.0,
Bandit80,8,4.07,,20,80,20,Right,Left,248,233,302,2,,,0.06
Bandit80,8,4.07,,20,80,20,RightinTimeout,Left,248,233,302,2,,,0.0
Bandit80,8,4.07,,20,80,20,Left,Left,249,233,302,2,,,0.19
Bandit80,8,4.07,,20,80,20,Left,Left,250,233,302,2,,,0.1
Bandit80,8,4.07,1.0,20,80,20,Pellet,Left,250,233,303,2,3.13,4163.0,
Bandit80,8,4.06,,20,80,20,Left,Left,251,233,303,3,,,0.07
Bandit80,8,4.06,1.0,20,80,20,Pellet,Left,251,233,304,3,0.66,39.0,
Bandit80,8,4.07,,20,80,20,Left,Left,252,233,304,4,,,0.09
Bandit80,8,4.06,1.0,20,80,20,Pellet,Left,252,233,305,4,1.10,68.0,
Bandit80,8,4.06,,20,80,20,Left,Left,253,233,305,5,,,0.22
Bandit80,8,4.06,,20,80,20,Right,Left,253,234,305,5,,,0.19
Bandit80,8,4.06,,20,80,20,RightinTimeout,Left,253,234,305,5,,,0.0
Bandit80,8,4.06,,20,80,20,Right,Left,253,235,305,5,,,0.23
Bandit80,8,4.06,1.0,20,80,20,Pellet,Left,253,235,306,5,0.85,1313.0,
Bandit80,8,4.06,,20,80,20,Right,Left,253,236,306,6,,,0.14
Bandit80,8,4.06,,20,80,20,RightinTimeout,Left,253,236,306,6,,,0.0
Bandit80,8,4.06,,20,80,20,RightinTimeout,Left,253,236,306,6,,,0.0
Bandit80,8,4.07,,20,80,20,RightinTimeout,Left,253,236,306,6,,,0.0
Bandit80,8,4.07,,20,80,20,Left,Left,254,236,306,6,,,0.16
Bandit80,8,4.06,,20,80,20,Right,Left,254,237,306,6,,,0.17
Bandit80,8,4.06,,20,80,20,RightinTimeout,Left,254,237,306,6,,,0.0
Bandit80,8,4.06,,20,80,20,RightinTimeout,Left,254,237,306,6,,,0.0
Bandit80,8,4.06,,20,80,20,RightinTimeout,Left,254,237,306,6,,,0.0
Bandit80,8,4.06,,20,80,20,RightinTimeout,Left,254,237,306,6,,,0.0
Bandit80,8,4.06,,20,80,20,RightinTimeout,Left,254,237,306,6,,,0.0
Bandit80,8,4.07,,20,80,20,LeftinTimeOut,Left,254,237,306,6,,,
Bandit80,8,4.06,,20,80,20,LeftinTimeOut,Left,254,237,306,6,,,
Bandit80,8,4.06,,20,80,20,Right,Left,254,238,306,6,,,0.21
Bandit80,8,4.07,1.0,20,80,20,Pellet,Left,254,238,307,6,1.80,1904.0,
Bandit80,8,4.06,,20,80,20,Right,Left,254,239,307,7,,,0.45
Bandit80,8,4.06,,20,80,20,Right,Left,254,240,307,7,,,0.19
Bandit80,8,4.06,,20,80,20,RightinTimeout,Left,254,240,307,7,,,0.0
Bandit80,8,4.06,,20,80,20,RightinTimeout,Left,254,240,307,7,,,0.0
Bandit80,8,4.06,,20,80,20,RightinTimeout,Left,254,240,307,7,,,0.0
Bandit80,8,4.06,,20,80,20,RightinTimeout,Left,254,240,307,7,,,0.0
Bandit80,8,4.06,,20,80,20,RightinTimeout,Left,254,240,307,7,,,0.0
Bandit80,8,4.06,,20,80,20,Left,Left,255,240,307,7,,,0.39
Bandit80,8,4.06,1.0,20,80,20,Pellet,Left,255,240,308,7,0.98,172.0,
Bandit80,8,4.07,,20,80,20,Left,Left,256,240,308,8,,,0.38
Bandit80,8,4.06,1.0,20,80,20,Pellet,Left,256,240,309,8,0.66,43.0,
Bandit80,8,4.07,,20,80,20,Left,Left,257,240,309,9,,,0.09
Bandit80,8,4.06,2.0,20,80,20,Pellet,Left,257,240,310,9,0.66,22.0,
Bandit80,8,4.06,,20,80,20,Left,Left,258,240,310,10,,,0.13
Bandit80,8,4.06,2.0,20,80,20,Pellet,Left,258,240,311,10,0.66,21.0,
Bandit80,8,4.06,,20,80,20,Left,Left,259,240,311,11,,,0.15
Bandit80,8,4.06,1.0,20,80,20,Pellet,Left,259,240,312,11,0.66,26.0,
Bandit80,8,4.06,,20,80,20,Left,Left,260,240,312,12,,,0.21
Bandit80,8,4.07,,20,80,20,LeftinTimeOut,Left,260,240,312,12,,,
Bandit80,8,4.06,,20,80,20,Right,Left,260,241,312,12,,,0.22
Bandit80,8,4.06,,20,80,20,RightinTimeout,Left,260,241,312,12,,,0.0
Bandit80,8,4.06,,20,80,20,Right,Left,260,242,312,12,,,0.03
Bandit80,8,4.06,,20,80,20,RightinTimeout,Left,260,242,312,12,,,0.0
Bandit80,8,4.06,,20,80,20,Right,Left,260,243,312,12,,,0.08
Bandit80,8,4.06,1.0,20,80,20,Pellet,Left,260,243,313,12,0.79,810.0,
Bandit80,8,4.06,,20,80,20,Right,Left,260,244,313,13,,,0.07
Bandit80,8,4.06,,20,80,20,RightinTimeout,Left,260,244,313,13,,,0.0
Bandit80,8,4.06,,20,80,20,Left,Left,261,244,313,13,,,0.09
Bandit80,8,4.06,1.0,20,80,20,Pellet,Left,261,244,314,13,0.66,926.0,
Bandit80,8,4.07,,20,80,20,Left,Left,262,244,314,14,,,0.38
Bandit80,8,4.06,1.0,20,80,20,Pellet,Left,262,244,315,14,0.66,16.0,
Bandit80,8,4.06,,20,80,20,Right,Left,262,245,315,15,,,0.05
Bandit80,8,4.06,,20,80,20,Right,Left,262,246,315,15,,,0.13
Bandit80,8,4.06,,20,80,20,Right,Left,262,247,315,15,,,0.2
Bandit80,8,4.06,,20,80,20,Left,Left,263,247,315,15,,,0.28
Bandit80,8,4.05,2.0,20,80,20,Pellet,Left,263,247,316,15,0.66,440.0,
Bandit80,8,4.06,,20,80,20,Left,Left,264,247,316,16,,,0.3
Bandit80,8,4.06,1.0,20,80,20,Pellet,Left,264,247,317,16,0.66,35.0,
Bandit80,8,4.06,,20,80,20,Left,Left,265,247,317,17,,,0.17
Bandit80,8,4.05,1.0,20,80,20,Pellet,Left,265,247,318,17,0.66,21.0,
Bandit80,8,4.06,,20,80,20,Left,Left,266,247,318,18,,,0.14
Bandit80,8,4.06,,20,80,20,LeftinTimeOut,Left,266,247,318,18,,,
Bandit80,8,4.05,,20,80,20,Right,Left,266,248,318,18,,,0.06
Bandit80,8,4.06,,20,80,20,LeftinTimeOut,Left,266,248,318,18,,,
Bandit80,8,4.06,,20,80,20,Left,Left,267,248,318,18,,,0.11
Bandit80,8,4.06,1.0,20,80,20,Pellet,Left,267,248,319,18,0.72,399.0,
Bandit80,8,4.06,,20,80,20,Left,Left,268,248,319,19,,,0.1
Bandit80,8,4.07,2.0,20,80,20,Pellet,Left,268,248,320,19,0.79,22.0,
Bandit80,8,4.06,,20,20,80,Left,Right,269,248,320,0,,,0.06
Bandit80,8,4.06,,20,20,80,Left,Right,270,248,320,0,,,0.14
Bandit80,8,4.06,1.0,20,20,80,Pellet,Right,270,248,321,0,0.66,35.0,
Bandit80,8,4.06,,20,20,80,Left,Right,271,248,321,1,,,0.07
Bandit80,8,4.06,,20,20,80,Left,Right,272,248,321,1,,,0.13
Bandit80,8,4.06,,20,20,80,Left,Right,273,248,321,1,,,0.19
Bandit80,8,4.06,,20,20,80,Right,Right,273,249,321,1,,,0.01
Bandit80,8,4.06,1.0,20,20,80,Pellet,Right,273,249,322,1,0.66,192.0,
Bandit80,8,4.06,,20,20,80,Right,Right,273,250,322,2,,,0.05
Bandit80,8,4.06,1.0,20,20,80,Pellet,Right,273,250,323,2,1.17,19.0,
Bandit80,8,4.06,,20,20,80,Right,Right,273,251,323,3,,,0.06
Bandit80,8,4.06,1.0,20,20,80,Pellet,Right,273,251,324,3,1.17,18.0,
Bandit80,8,4.05,,20,20,80,Right,Right,273,252,324,4,,,0.07
Bandit80,8,4.06,1.0,20,20,80,Pellet,Right,273,252,325,4,0.66,37.0,
Bandit80,8,4.06,,20,20,80,Right,Right,273,253,325,5,,,0.14
Bandit80,8,4.06,1.0,20,20,80,Pellet,Right,273,253,326,5,1.86,29.0,
Bandit80,8,4.06,,20,20,80,Left,Right,274,253,326,6,,,0.04
Bandit80,8,4.06,,20,20,80,Left,Right,275,253,326,6,,,0.23
Bandit80,8,4.05,,20,20,80,Left,Right,276,253,326,6,,,0.09
Bandit80,8,4.05,,20,20,80,LeftinTimeOut,Right,276,253,326,6,,,
Bandit80,8,4.05,,20,20,80,LeftinTimeOut,Right,276,253,326,6,,,
Bandit80,8,4.05,,20,20,80,LeftinTimeOut,Right,276,253,326,6,,,
Bandit80,8,4.05,,20,20,80,LeftinTimeOut,Right,276,253,326,6,,,
Bandit80,8,4.05,,20,20,80,Left,Right,277,253,326,6,,,0.04
Bandit80,8,4.05,1.0,20,20,80,Pellet,Right,277,253,327,6,0.91,23186.0,
