mm:dd:yyyy hh:mm:ss,library_version,session_type,device_number,battery_voltage,motor_turns,pelletstoswitch,prob_left,prob_right,event,high_prob_poke,left_poke_count,right_poke_count,pellet_count,block_pellet_count,retrieval_time,interpelletinterval,poke_time
5/5/2025 13:52:22,1.17.0,Bandit80,20,4.19,,20,20,80,Left,Right,1,0,0,0,,,0.03
5/5/2025 13:53:03,1.17.0,Bandit80,20,4.19,,20,20,80,Right,Right,1,1,0,0,,,0.2
5/5/2025 13:53:09,1.17.0,Bandit80,20,4.19,3.0,20,20,80,Pellet,Right,1,1,1,0,1.39,,
5/5/2025 13:53:34,1.17.0,Bandit80,20,4.19,,20,20,80,Right,Right,1,2,1,1,,,0.28
5/5/2025 13:53:35,1.17.0,Bandit80,20,4.19,1.0,20,20,80,Pellet,Right,1,2,2,1,0.5,26.0,
5/5/2025 13:53:56,1.17.0,Bandit80,20,4.19,,20,20,80,Right,Right,1,3,2,2,,,0.11
5/5/2025 13:53:57,1.17.0,Bandit80,20,4.18,1.0,20,20,80,Pellet,Right,1,3,3,2,0.44,22.0,
5/5/2025 13:54:50,1.17.0,Bandit80,20,4.19,,20,20,80,Left,Right,2,3,3,3,,,0.34
5/5/2025 13:55:27,1.17.0,Bandit80,20,4.19,,20,20,80,Right,Right,2,4,3,3,,,0.22
5/5/2025 13:55:50,1.17.0,Bandit80,20,4.19,,20,20,80,Left,Right,3,4,3,3,,,0.35
5/5/2025 13:56:05,1.17.0,Bandit80,20,4.18,,20,20,80,Left,Right,4,4,3,3,,,0.38
5/5/2025 13:56:49,1.17.0,Bandit80,20,4.19,,20,20,80,Right,Right,4,5,3,3,,,0.33
5/5/2025 13:56:52,1.17.0,Bandit80,20,4.19,2.0,20,20,80,Pellet,Right,4,5,4,3,0.69,175.0,
5/5/2025 13:57:10,1.17.0,Bandit80,20,4.19,,20,20,80,Right,Right,4,6,4,4,,,0.18
5/5/2025 13:57:15,1.17.0,Bandit80,20,4.18,,20,20,80,RightinTimeout,Right,4,6,4,4,,,0.0
5/5/2025 13:57:16,1.17.0,Bandit80,20,4.19,,20,20,80,RightinTimeout,Right,4,6,4,4,,,0.0
5/5/2025 13:57:17,1.17.0,Bandit80,20,4.19,,20,20,80,RightinTimeout,Right,4,6,4,4,,,0.0
5/5/2025 13:57:17,1.17.0,Bandit80,20,4.19,,20,20,80,RightinTimeout,Right,4,6,4,4,,,0.0
5/5/2025 13:57:18,1.17.0,Bandit80,20,4.19,,20,20,80,RightinTimeout,Right,4,6,4,4,,,0.0
5/5/2025 13:57:23,1.17.0,Bandit80,20,4.19,,20,20,80,RightinTimeout,Right,4,6,4,4,,,0.0
5/5/2025 13:57:25,1.17.0,Bandit80,20,4.19,,20,20,80,RightinTimeout,Right,4,6,4,4,,,0.0
5/5/2025 13:58:28,1.17.0,Bandit80,20,4.19,,20,20,80,Left,Right,5,6,4,4,,,0.28
5/5/2025 13:58:29,1.17.0,Bandit80,20,4.19,,20,20,80,LeftinTimeOut,Right,5,6,4,4,,,
5/5/2025 13:58:35,1.17.0,Bandit80,20,4.19,,20,20,80,LeftinTimeOut,Right,5,6,4,4,,,
5/5/2025 13:58:48,1.17.0,Bandit80,20,4.19,,20,20,80,Left,Right,6,6,4,4,,,0.21
5/5/2025 13:58:50,1.17.0,Bandit80,20,4.19,,20,20,80,LeftinTimeOut,Right,6,6,4,4,,,
5/5/2025 14:00:15,1.17.0,Bandit80,20,4.19,,20,20,80,Right,Right,6,7,4,4,,,0.22
5/5/2025 14:00:17,1.17.0,Bandit80,20,4.18,1.0,20,20,80,Pellet,Right,6,7,5,4,0.5,205.0,
5/5/2025 14:00:35,1.17.0,Bandit80,20,4.19,,20,20,80,Right,Right,6,8,5,5,,,0.1
5/5/2025 14:00:46,1.17.0,Bandit80,20,4.18,2.0,20,20,80,Pellet,Right,6,8,6,5,8.3,29.0,
5/5/2025 14:01:09,1.17.0,Bandit80,20,4.19,,20,20,80,Right,Right,6,9,6,6,,,0.2
5/5/2025 14:01:10,1.17.0,Bandit80,20,4.19,1.0,20,20,80,Pellet,Right,6,9,7,6,0.25,24.0,
5/5/2025 14:01:29,1.17.0,Bandit80,20,4.18,,20,20,80,Right,Right,6,10,7,7,,,0.14
5/5/2025 14:01:41,1.17.0,Bandit80,20,4.18,,20,20,80,Left,Right,7,10,7,7,,,0.26
5/5/2025 14:02:20,1.17.0,Bandit80,20,4.18,,20,20,80,Right,Right,7,11,7,7,,,0.03
5/5/2025 14:02:32,1.17.0,Bandit80,20,4.18,3.0,20,20,80,Pellet,Right,7,11,8,7,7.92,82.0,
5/5/2025 14:02:52,1.17.0,Bandit80,20,4.19,,20,20,80,Right,Right,7,12,8,8,,,0.03
5/5/2025 14:02:54,1.17.0,Bandit80,20,4.19,1.0,20,20,80,Pellet,Right,7,12,9,8,1.01,22.0,
5/5/2025 14:03:08,1.17.0,Bandit80,20,4.19,,20,20,80,Right,Right,7,13,9,9,,,0.23
5/5/2025 14:03:10,1.17.0,Bandit80,20,4.19,1.0,20,20,80,Pellet,Right,7,13,10,9,0.88,16.0,
5/5/2025 14:03:27,1.17.0,Bandit80,20,4.19,,20,20,80,Right,Right,7,14,10,10,,,0.07
5/5/2025 14:03:29,1.17.0,Bandit80,20,4.18,1.0,20,20,80,Pellet,Right,7,14,11,10,0.82,19.0,
5/5/2025 14:03:45,1.17.0,Bandit80,20,4.19,,20,20,80,Right,Right,7,15,11,11,,,0.12
5/5/2025 14:05:19,1.17.0,Bandit80,20,4.19,,20,20,80,Left,Right,8,15,11,11,,,0.05
5/5/2025 14:05:20,1.17.0,Bandit80,20,4.19,,20,20,80,LeftinTimeOut,Right,8,15,11,11,,,
5/5/2025 14:05:23,1.17.0,Bandit80,20,4.19,,20,20,80,RightinTimeout,Right,8,15,11,11,,,0.0
5/5/2025 14:07:13,1.17.0,Bandit80,20,4.19,,20,20,80,Right,Right,8,16,11,11,,,0.14
5/5/2025 14:07:16,1.17.0,Bandit80,20,4.19,1.0,20,20,80,Pellet,Right,8,16,12,11,2.65,227.0,
5/5/2025 14:08:28,1.17.0,Bandit80,20,4.19,,20,20,80,Left,Right,9,16,12,12,,,0.17
5/5/2025 14:08:47,1.17.0,Bandit80,20,4.19,,20,20,80,Right,Right,9,17,12,12,,,0.17
5/5/2025 14:08:49,1.17.0,Bandit80,20,4.19,1.0,20,20,80,Pellet,Right,9,17,13,12,1.39,93.0,
5/5/2025 14:09:05,1.17.0,Bandit80,20,4.19,,20,20,80,Left,Right,10,17,13,13,,,0.03
5/5/2025 14:12:25,1.17.0,Bandit80,20,4.19,,20,20,80,Left,Right,11,17,13,13,,,0.02
5/5/2025 14:12:58,1.17.0,Bandit80,20,4.19,,20,20,80,Left,Right,12,17,13,13,,,0.03
5/5/2025 14:13:21,1.17.0,Bandit80,20,4.19,,20,20,80,Left,Right,13,17,13,13,,,0.1
5/5/2025 14:25:29,1.17.0,Bandit80,20,4.19,,20,20,80,Left,Right,14,17,13,13,,,0.23
5/5/2025 14:25:54,1.17.0,Bandit80,20,4.19,,20,20,80,Left,Right,15,17,13,13,,,0.18
5/5/2025 14:26:43,1.17.0,Bandit80,20,4.19,,20,20,80,Left,Right,16,17,13,13,,,0.02
5/5/2025 14:26:45,1.17.0,Bandit80,20,4.18,1.0,20,20,80,Pellet,Right,16,17,14,13,1.2,1076.0,
5/5/2025 14:27:12,1.17.0,Bandit80,20,4.19,,20,20,80,Left,Right,17,17,14,14,,,0.16
5/5/2025 14:27:13,1.17.0,Bandit80,20,4.18,,20,20,80,LeftinTimeOut,Right,17,17,14,14,,,
5/5/2025 16:36:12,1.17.0,Bandit80,20,4.18,,20,20,80,Left,Right,18,17,14,14,,,0.24
5/5/2025 16:36:14,1.17.0,Bandit80,20,4.18,1.0,20,20,80,Pellet,Right,18,17,15,14,0.82,7769.0,
5/5/2025 16:36:30,1.17.0,Bandit80,20,4.18,,20,20,80,Left,Right,19,17,15,15,,,0.01
5/5/2025 16:36:33,1.17.0,Bandit80,20,4.18,,20,20,80,LeftinTimeOut,Right,19,17,15,15,,,
5/5/2025 16:36:34,1.17.0,Bandit80,20,4.18,,20,20,80,LeftinTimeOut,Right,19,17,15,15,,,
5/5/2025 16:36:36,1.17.0,Bandit80,20,4.18,,20,20,80,LeftinTimeOut,Right,19,17,15,15,,,
5/5/2025 16:36:39,1.17.0,Bandit80,20,4.18,,20,20,80,LeftinTimeOut,Right,19,17,15,15,,,
5/5/2025 16:36:43,1.17.0,Bandit80,20,4.18,,20,20,80,LeftinTimeOut,Right,19,17,15,15,,,
5/5/2025 16:36:43,1.17.0,Bandit80,20,4.18,,20,20,80,LeftinTimeOut,Right,19,17,15,15,,,
5/5/2025 16:36:44,1.17.0,Bandit80,20,4.18,,20,20,80,LeftinTimeOut,Right,19,17,15,15,,,
5/5/2025 16:36:48,1.17.0,Bandit80,20,4.18,,20,20,80,LeftinTimeOut,Right,19,17,15,15,,,
5/5/2025 16:36:48,1.17.0,Bandit80,20,4.18,,20,20,80,LeftinTimeOut,Right,19,17,15,15,,,
5/5/2025 16:36:49,1.17.0,Bandit80,20,4.18,,20,20,80,LeftinTimeOut,Right,19,17,15,15,,,
5/5/2025 16:36:50,1.17.0,Bandit80,20,4.18,,20,20,80,LeftinTimeOut,Right,19,17,15,15,,,
5/5/2025 16:36:57,1.17.0,Bandit80,20,4.18,,20,20,80,LeftinTimeOut,Right,19,17,15,15,,,
5/5/2025 16:36:59,1.17.0,Bandit80,20,4.18,,20,20,80,LeftinTimeOut,Right,19,17,15,15,,,
5/5/2025 16:37:00,1.17.0,Bandit80,20,4.18,,20,20,80,LeftinTimeOut,Right,19,17,15,15,,,
5/5/2025 16:37:03,1.17.0,Bandit80,20,4.18,,20,20,80,LeftinTimeOut,Right,19,17,15,15,,,
5/5/2025 16:37:17,1.17.0,Bandit80,20,4.18,,20,20,80,Right,Right,19,18,15,15,,,0.35
5/5/2025 16:37:18,1.17.0,Bandit80,20,4.18,1.0,20,20,80,Pellet,Right,19,18,16,15,0.69,64.0,
5/5/2025 16:37:38,1.17.0,Bandit80,20,4.18,,20,20,80,Right,Right,19,19,16,16,,,0.31
5/5/2025 16:37:39,1.17.0,Bandit80,20,4.18,1.0,20,20,80,Pellet,Right,19,19,17,16,0.5,21.0,
5/5/2025 16:37:52,1.17.0,Bandit80,20,4.18,,20,20,80,Right,Right,19,20,17,17,,,0.15
5/5/2025 16:37:53,1.17.0,Bandit80,20,4.19,,20,20,80,RightinTimeout,Right,19,20,17,17,,,0.0
5/5/2025 16:37:55,1.17.0,Bandit80,20,4.18,,20,20,80,RightinTimeout,Right,19,20,17,17,,,0.0
5/5/2025 16:37:55,1.17.0,Bandit80,20,4.18,,20,20,80,RightinTimeout,Right,19,20,17,17,,,0.0
5/5/2025 16:37:56,1.17.0,Bandit80,20,4.18,,20,20,80,RightinTimeout,Right,19,20,17,17,,,0.0
5/5/2025 16:37:59,1.17.0,Bandit80,20,4.18,,20,20,80,LeftinTimeOut,Right,19,20,17,17,,,
5/5/2025 16:38:00,1.17.0,Bandit80,20,4.18,,20,20,80,LeftinTimeOut,Right,19,20,17,17,,,
5/5/2025 16:38:03,1.17.0,Bandit80,20,4.18,,20,20,80,LeftinTimeOut,Right,19,20,17,17,,,
5/5/2025 16:38:04,1.17.0,Bandit80,20,4.18,,20,20,80,LeftinTimeOut,Right,19,20,17,17,,,
5/5/2025 16:38:05,1.17.0,Bandit80,20,4.18,,20,20,80,LeftinTimeOut,Right,19,20,17,17,,,
5/5/2025 16:38:08,1.17.0,Bandit80,20,4.18,,20,20,80,RightinTimeout,Right,19,20,17,17,,,0.0
5/5/2025 16:38:08,1.17.0,Bandit80,20,4.18,,20,20,80,RightinTimeout,Right,19,20,17,17,,,0.0
5/5/2025 16:38:09,1.17.0,Bandit80,20,4.18,,20,20,80,RightinTimeout,Right,19,20,17,17,,,0.0
5/5/2025 16:38:09,1.17.0,Bandit80,20,4.18,,20,20,80,RightinTimeout,Right,19,20,17,17,,,0.0
5/5/2025 16:38:11,1.17.0,Bandit80,20,4.18,,20,20,80,RightinTimeout,Right,19,20,17,17,,,0.0
5/5/2025 16:38:11,1.17.0,Bandit80,20,4.18,,20,20,80,RightinTimeout,Right,19,20,17,17,,,0.0
5/5/2025 16:38:19,1.17.0,Bandit80,20,4.18,,20,20,80,RightinTimeout,Right,19,20,17,17,,,0.0
5/5/2025 16:38:19,1.17.0,Bandit80,20,4.18,,20,20,80,RightinTimeout,Right,19,20,17,17,,,0.0
5/5/2025 16:38:40,1.17.0,Bandit80,20,4.18,,20,20,80,Left,Right,20,20,17,17,,,0.13
5/5/2025 16:38:40,1.17.0,Bandit80,20,4.18,,20,20,80,LeftinTimeOut,Right,20,20,17,17,,,
5/5/2025 16:38:41,1.17.0,Bandit80,20,4.18,,20,20,80,LeftinTimeOut,Right,20,20,17,17,,,
5/5/2025 16:38:42,1.17.0,Bandit80,20,4.18,,20,20,80,LeftinTimeOut,Right,20,20,17,17,,,
5/5/2025 16:39:07,1.17.0,Bandit80,20,4.18,,20,20,80,Right,Right,20,21,17,17,,,0.08
5/5/2025 16:40:27,1.17.0,Bandit80,20,4.18,,20,20,80,Right,Right,20,22,17,17,,,0.27
5/5/2025 16:40:29,1.17.0,Bandit80,20,4.18,1.0,20,20,80,Pellet,Right,20,22,18,17,0.69,170.0,
5/5/2025 16:40:47,1.17.0,Bandit80,20,4.18,,20,20,80,Right,Right,20,23,18,18,,,0.0
5/5/2025 16:40:48,1.17.0,Bandit80,20,4.18,1.0,20,20,80,Pellet,Right,20,23,19,18,0.37,19.0,
5/5/2025 16:41:08,1.17.0,Bandit80,20,4.18,,20,20,80,Right,Right,20,24,19,19,,,0.46
5/5/2025 16:41:10,1.17.0,Bandit80,20,4.18,1.0,20,20,80,Pellet,Right,20,24,20,19,1.32,22.0,
5/5/2025 16:41:29,1.17.0,Bandit80,20,4.18,,20,80,20,Right,Left,20,25,20,0,,,0.11
5/5/2025 16:41:33,1.17.0,Bandit80,20,4.18,,20,80,20,LeftinTimeOut,Left,20,25,20,0,,,
5/5/2025 16:41:34,1.17.0,Bandit80,20,4.18,,20,80,20,LeftinTimeOut,Left,20,25,20,0,,,
5/5/2025 16:41:35,1.17.0,Bandit80,20,4.18,,20,80,20,LeftinTimeOut,Left,20,25,20,0,,,
5/5/2025 16:42:19,1.17.0,Bandit80,20,4.18,,20,80,20,Right,Left,20,26,20,0,,,0.22
5/5/2025 16:43:07,1.17.0,Bandit80,20,4.18,,20,80,20,Right,Left,20,27,20,0,,,0.4
5/5/2025 16:43:12,1.17.0,Bandit80,20,4.18,,20,80,20,LeftinTimeOut,Left,20,27,20,0,,,
5/5/2025 16:43:31,1.17.0,Bandit80,20,4.18,,20,80,20,Left,Left,21,27,20,0,,,0.46
5/5/2025 16:43:32,1.17.0,Bandit80,20,4.18,1.0,20,80,20,Pellet,Left,21,27,21,0,0.25,142.0,
5/5/2025 16:43:57,1.17.0,Bandit80,20,4.18,,20,80,20,Left,Left,22,27,21,1,,,0.1
5/5/2025 16:44:00,1.17.0,Bandit80,20,4.18,2.0,20,80,20,Pellet,Left,22,27,22,1,0.31,28.0,
5/5/2025 16:44:22,1.17.0,Bandit80,20,4.18,,20,80,20,Left,Left,23,27,22,2,,,0.24
5/5/2025 16:44:23,1.17.0,Bandit80,20,4.18,1.0,20,80,20,Pellet,Left,23,27,23,2,0.19,23.0,
5/5/2025 16:44:41,1.17.0,Bandit80,20,4.18,,20,80,20,Left,Left,24,27,23,3,,,0.05
5/5/2025 16:44:42,1.17.0,Bandit80,20,4.18,1.0,20,80,20,Pellet,Left,24,27,24,3,0.19,19.0,
5/5/2025 16:45:04,1.17.0,Bandit80,20,4.18,,20,80,20,Left,Left,25,27,24,4,,,0.05
5/5/2025 16:45:05,1.17.0,Bandit80,20,4.18,,20,80,20,LeftinTimeOut,Left,25,27,24,4,,,
5/5/2025 16:45:06,1.17.0,Bandit80,20,4.18,,20,80,20,LeftinTimeOut,Left,25,27,24,4,,,
5/5/2025 16:45:07,1.17.0,Bandit80,20,4.18,,20,80,20,LeftinTimeOut,Left,25,27,24,4,,,
5/5/2025 16:45:08,1.17.0,Bandit80,20,4.18,,20,80,20,LeftinTimeOut,Left,25,27,24,4,,,
5/5/2025 16:45:12,1.17.0,Bandit80,20,4.18,,20,80,20,RightinTimeout,Left,25,27,24,4,,,0.0
5/5/2025 17:06:51,1.17.0,Bandit80,20,4.18,,20,80,20,Left,Left,26,27,24,4,,,0.52
5/5/2025 17:06:52,1.17.0,Bandit80,20,4.18,,20,80,20,LeftinTimeOut,Left,26,27,24,4,,,
5/5/2025 17:06:54,1.17.0,Bandit80,20,4.18,,20,80,20,LeftinTimeOut,Left,26,27,24,4,,,
5/5/2025 17:16:02,1.17.0,Bandit80,20,4.18,,20,80,20,Left,Left,27,27,24,4,,,0.06
5/5/2025 17:16:03,1.17.0,Bandit80,20,4.18,1.0,20,80,20,Pellet,Left,27,27,25,4,0.44,1881.0,
5/5/2025 17:16:21,1.17.0,Bandit80,20,4.18,,20,80,20,Left,Left,28,27,25,5,,,0.16
5/5/2025 17:16:22,1.17.0,Bandit80,20,4.18,1.0,20,80,20,Pellet,Left,28,27,26,5,0.31,19.0,
5/5/2025 17:16:36,1.17.0,Bandit80,20,4.18,,20,80,20,Left,Left,29,27,26,6,,,0.07
5/5/2025 17:16:37,1.17.0,Bandit80,20,4.18,1.0,20,80,20,Pellet,Left,29,27,27,6,0.37,15.0,
5/5/2025 17:16:53,1.17.0,Bandit80,20,4.18,,20,80,20,Left,Left,30,27,27,7,,,0.23
5/5/2025 17:16:54,1.17.0,Bandit80,20,4.18,1.0,20,80,20,Pellet,Left,30,27,28,7,0.12,17.0,
5/5/2025 17:17:08,1.17.0,Bandit80,20,4.18,,20,80,20,Left,Left,31,27,28,8,,,0.29
5/5/2025 17:17:09,1.17.0,Bandit80,20,4.18,1.0,20,80,20,Pellet,Left,31,27,29,8,0.31,15.0,
5/5/2025 17:17:27,1.17.0,Bandit80,20,4.18,,20,80,20,Left,Left,32,27,29,9,,,0.04
5/5/2025 17:17:31,1.17.0,Bandit80,20,4.18,2.0,20,80,20,Pellet,Left,32,27,30,9,0.63,22.0,
5/5/2025 17:18:49,1.17.0,Bandit80,20,4.18,,20,80,20,Left,Left,33,27,30,10,,,0.07
5/5/2025 17:18:52,1.17.0,Bandit80,20,4.18,,20,80,20,LeftWithPellet,Left,33,27,30,10,,,0.0
5/5/2025 17:18:55,1.17.0,Bandit80,20,4.18,1.0,20,80,20,Pellet,Left,33,27,31,10,4.66,84.0,
5/5/2025 17:19:09,1.17.0,Bandit80,20,4.18,,20,80,20,Left,Left,34,27,31,11,,,0.04
5/5/2025 17:19:11,1.17.0,Bandit80,20,4.18,1.0,20,80,20,Pellet,Left,34,27,32,11,1.13,16.0,
5/5/2025 17:20:27,1.17.0,Bandit80,20,4.18,,20,80,20,Left,Left,35,27,32,12,,,0.03
5/5/2025 17:21:22,1.17.0,Bandit80,20,4.18,,20,80,20,Left,Left,36,27,32,12,,,0.2
5/5/2025 17:21:26,1.17.0,Bandit80,20,4.18,2.0,20,80,20,Pellet,Left,36,27,33,12,1.58,135.0,
5/5/2025 17:23:51,1.17.0,Bandit80,20,4.18,,20,80,20,Left,Left,37,27,33,13,,,0.16
5/5/2025 17:23:55,1.17.0,Bandit80,20,4.18,1.0,20,80,20,Pellet,Left,37,27,34,13,3.42,149.0,
5/5/2025 17:24:35,1.17.0,Bandit80,20,4.18,,20,80,20,Right,Left,37,28,34,14,,,0.06
5/5/2025 17:26:31,1.17.0,Bandit80,20,4.18,,20,80,20,Left,Left,38,28,34,14,,,0.27
5/5/2025 17:26:57,1.17.0,Bandit80,20,4.18,1.0,20,80,20,Pellet,Left,38,28,35,14,25.19,182.0,
5/5/2025 17:27:10,1.17.0,Bandit80,20,4.18,,20,80,20,Left,Left,39,28,35,15,,,0.09
5/5/2025 17:29:04,1.17.0,Bandit80,20,4.18,,20,80,20,Left,Left,40,28,35,15,,,0.1
5/5/2025 17:29:22,1.17.0,Bandit80,20,4.18,,20,80,20,LeftWithPellet,Left,40,28,35,15,,,0.01
5/5/2025 17:29:44,1.17.0,Bandit80,20,4.18,,20,80,20,RightWithPellet,Left,40,29,35,15,,,0.02
5/5/2025 17:30:04,1.17.0,Bandit80,20,4.18,1.0,20,80,20,Pellet,Left,40,29,36,15,59.43,187.0,
5/5/2025 17:32:01,1.17.0,Bandit80,20,4.18,,20,80,20,Right,Left,40,30,36,16,,,0.43
5/5/2025 17:32:50,1.17.0,Bandit80,20,4.18,,20,80,20,Left,Left,41,30,36,16,,,0.06
5/5/2025 17:32:51,1.17.0,Bandit80,20,4.18,,20,80,20,LeftinTimeOut,Left,41,30,36,16,,,
5/5/2025 17:33:25,1.17.0,Bandit80,20,4.18,,20,80,20,Right,Left,41,31,36,16,,,0.04
5/5/2025 17:35:15,1.17.0,Bandit80,20,4.18,,20,80,20,Left,Left,42,31,36,16,,,0.11
5/5/2025 17:35:18,1.17.0,Bandit80,20,4.18,1.0,20,80,20,Pellet,Left,42,31,37,16,1.89,314.0,
5/5/2025 17:35:38,1.17.0,Bandit80,20,4.18,,20,80,20,Left,Left,43,31,37,17,,,0.06
5/5/2025 17:35:40,1.17.0,Bandit80,20,4.18,1.0,20,80,20,Pellet,Left,43,31,38,17,0.94,22.0,
5/5/2025 17:35:54,1.17.0,Bandit80,20,4.18,,20,80,20,Left,Left,44,31,38,18,,,0.05
5/5/2025 17:35:56,1.17.0,Bandit80,20,4.18,1.0,20,80,20,Pellet,Left,44,31,39,18,1.01,16.0,
5/5/2025 17:43:53,1.17.0,Bandit80,20,4.18,,20,80,20,Left,Left,45,31,39,19,,,0.07
5/5/2025 17:43:55,1.17.0,Bandit80,20,4.18,1.0,20,80,20,Pellet,Left,45,31,40,19,1.13,479.0,
5/5/2025 17:46:27,1.17.0,Bandit80,20,4.18,,20,20,80,Left,Right,46,31,40,0,,,0.23
5/5/2025 17:46:35,1.17.0,Bandit80,20,4.18,,20,20,80,LeftinTimeOut,Right,46,31,40,0,,,
5/5/2025 17:47:06,1.17.0,Bandit80,20,4.18,,20,20,80,Left,Right,47,31,40,0,,,0.08
5/5/2025 17:47:06,1.17.0,Bandit80,20,4.18,,20,20,80,LeftinTimeOut,Right,47,31,40,0,,,
5/5/2025 17:51:17,1.17.0,Bandit80,20,4.18,,20,20,80,Right,Right,47,32,40,0,,,0.0
5/5/2025 17:51:54,1.17.0,Bandit80,20,4.18,,20,20,80,Left,Right,48,32,40,0,,,0.16
5/5/2025 17:52:58,1.17.0,Bandit80,20,4.18,,20,20,80,Right,Right,48,33,40,0,,,0.22
5/5/2025 17:53:00,1.17.0,Bandit80,20,4.18,1.0,20,20,80,Pellet,Right,48,33,41,0,1.13,545.0,
5/5/2025 17:54:34,1.17.0,Bandit80,20,4.17,,20,20,80,Right,Right,48,34,41,1,,,0.17
5/5/2025 17:56:59,1.17.0,Bandit80,20,4.18,,20,20,80,Right,Right,48,35,41,1,,,0.16
5/5/2025 17:57:50,1.17.0,Bandit80,20,4.18,,20,20,80,Left,Right,49,35,41,1,,,0.26
5/5/2025 17:59:38,1.17.0,Bandit80,20,4.18,,20,20,80,Left,Right,50,35,41,1,,,0.05
5/5/2025 17:59:39,1.17.0,Bandit80,20,4.18,,20,20,80,LeftinTimeOut,Right,50,35,41,1,,,
5/5/2025 18:00:33,1.17.0,Bandit80,20,4.18,,20,20,80,Right,Right,50,36,41,1,,,0.19
5/5/2025 18:00:35,1.17.0,Bandit80,20,4.18,1.0,20,20,80,Pellet,Right,50,36,42,1,1.13,455.0,
5/5/2025 18:01:27,1.17.0,Bandit80,20,4.18,,20,20,80,Left,Right,51,36,42,2,,,0.03
5/5/2025 18:01:28,1.17.0,Bandit80,20,4.18,,20,20,80,LeftinTimeOut,Right,51,36,42,2,,,
5/5/2025 18:08:47,1.17.0,Bandit80,20,4.18,,20,20,80,Left,Right,52,36,42,2,,,0.19
5/5/2025 19:04:49,1.17.0,Bandit80,20,4.17,,20,20,80,Right,Right,52,37,42,2,,,0.03
5/5/2025 19:04:52,1.17.0,Bandit80,20,4.17,2.0,20,20,80,Pellet,Right,52,37,43,2,1.01,3857.0,
5/5/2025 19:05:09,1.17.0,Bandit80,20,4.18,,20,20,80,Right,Right,52,38,43,3,,,0.1
5/5/2025 19:05:10,1.17.0,Bandit80,20,4.18,1.0,20,20,80,Pellet,Right,52,38,44,3,0.5,18.0,
5/5/2025 19:05:24,1.17.0,Bandit80,20,4.18,,20,20,80,Right,Right,52,39,44,4,,,0.02
5/5/2025 19:05:25,1.17.0,Bandit80,20,4.18,1.0,20,20,80,Pellet,Right,52,39,45,4,0.56,15.0,
5/5/2025 19:05:42,1.17.0,Bandit80,20,4.18,,20,20,80,Right,Right,52,40,45,5,,,0.24
5/5/2025 19:05:43,1.17.0,Bandit80,20,4.18,1.0,20,20,80,Pellet,Right,52,40,46,5,0.31,18.0,
5/5/2025 19:05:58,1.17.0,Bandit80,20,4.17,,20,20,80,Right,Right,52,41,46,6,,,0.23
5/5/2025 19:05:59,1.17.0,Bandit80,20,4.17,1.0,20,20,80,Pellet,Right,52,41,47,6,0.25,16.0,
5/5/2025 19:06:23,1.17.0,Bandit80,20,4.17,,20,20,80,Left,Right,53,41,47,7,,,0.32
5/5/2025 19:07:24,1.17.0,Bandit80,20,4.17,,20,20,80,Left,Right,54,41,47,7,,,0.23
5/5/2025 19:08:03,1.17.0,Bandit80,20,4.18,,20,20,80,Right,Right,54,42,47,7,,,0.22
5/5/2025 19:08:04,1.17.0,Bandit80,20,4.17,1.0,20,20,80,Pellet,Right,54,42,48,7,0.31,125.0,
5/5/2025 19:08:23,1.17.0,Bandit80,20,4.17,,20,20,80,Right,Right,54,43,48,8,,,0.2
5/5/2025 19:08:24,1.17.0,Bandit80,20,4.17,1.0,20,20,80,Pellet,Right,54,43,49,8,0.25,20.0,
5/5/2025 19:08:54,1.17.0,Bandit80,20,4.17,,20,20,80,Right,Right,54,44,49,9,,,0.21
5/5/2025 19:08:57,1.17.0,Bandit80,20,4.18,2.0,20,20,80,Pellet,Right,54,44,50,9,0.25,33.0,
5/5/2025 19:09:14,1.17.0,Bandit80,20,4.18,,20,20,80,Right,Right,54,45,50,10,,,0.12
5/5/2025 19:09:15,1.17.0,Bandit80,20,4.18,1.0,20,20,80,Pellet,Right,54,45,51,10,0.44,18.0,
5/5/2025 19:09:35,1.17.0,Bandit80,20,4.18,,20,20,80,Right,Right,54,46,51,11,,,0.04
5/5/2025 19:10:00,1.17.0,Bandit80,20,4.17,,20,20,80,Left,Right,55,46,51,11,,,0.17
5/5/2025 19:10:01,1.17.0,Bandit80,20,4.18,1.0,20,20,80,Pellet,Right,55,46,52,11,0.44,46.0,
5/5/2025 19:10:18,1.17.0,Bandit80,20,4.18,,20,20,80,Left,Right,56,46,52,12,,,0.06
5/5/2025 19:12:46,1.17.0,Bandit80,20,4.17,,20,20,80,Right,Right,56,47,52,12,,,0.14
5/5/2025 19:12:50,1.17.0,Bandit80,20,4.18,2.0,20,20,80,Pellet,Right,56,47,53,12,1.07,169.0,
5/5/2025 19:13:11,1.17.0,Bandit80,20,4.18,,20,20,80,Right,Right,56,48,53,13,,,0.23
5/5/2025 19:13:12,1.17.0,Bandit80,20,4.18,1.0,20,20,80,Pellet,Right,56,48,54,13,0.31,22.0,
5/5/2025 19:13:24,1.17.0,Bandit80,20,4.18,,20,20,80,Right,Right,56,49,54,14,,,0.04
5/5/2025 19:13:25,1.17.0,Bandit80,20,4.17,1.0,20,20,80,Pellet,Right,56,49,55,14,0.31,13.0,
5/5/2025 19:13:42,1.17.0,Bandit80,20,4.18,,20,20,80,Right,Right,56,50,55,15,,,0.1
5/5/2025 19:13:43,1.17.0,Bandit80,20,4.17,1.0,20,20,80,Pellet,Right,56,50,56,15,0.31,18.0,
5/5/2025 19:14:03,1.17.0,Bandit80,20,4.18,,20,20,80,Left,Right,57,50,56,16,,,0.11
5/5/2025 21:01:54,1.17.0,Bandit80,20,4.16,,20,20,80,Left,Right,58,50,56,16,,,0.07
5/5/2025 21:01:55,1.17.0,Bandit80,20,4.17,,20,20,80,LeftinTimeOut,Right,58,50,56,16,,,
5/5/2025 21:01:56,1.17.0,Bandit80,20,4.17,,20,20,80,LeftinTimeOut,Right,58,50,56,16,,,
5/5/2025 21:01:58,1.17.0,Bandit80,20,4.17,,20,20,80,RightinTimeout,Right,58,50,56,16,,,0.0
5/5/2025 21:02:40,1.17.0,Bandit80,20,4.17,,20,20,80,Left,Right,59,50,56,16,,,0.28
5/5/2025 21:02:42,1.17.0,Bandit80,20,4.17,,20,20,80,RightinTimeout,Right,59,50,56,16,,,0.0
5/5/2025 21:02:43,1.17.0,Bandit80,20,4.16,,20,20,80,RightinTimeout,Right,59,50,56,16,,,0.0
5/5/2025 21:03:04,1.17.0,Bandit80,20,4.17,,20,20,80,Right,Right,59,51,56,16,,,0.04
5/5/2025 21:03:05,1.17.0,Bandit80,20,4.17,1.0,20,20,80,Pellet,Right,59,51,57,16,0.94,6562.0,
5/5/2025 21:03:27,1.17.0,Bandit80,20,4.17,,20,20,80,Right,Right,59,52,57,17,,,0.21
5/5/2025 21:03:28,1.17.0,Bandit80,20,4.16,1.0,20,20,80,Pellet,Right,59,52,58,17,0.44,23.0,
5/5/2025 21:03:49,1.17.0,Bandit80,20,4.16,,20,20,80,Right,Right,59,53,58,18,,,0.34
5/5/2025 21:03:51,1.17.0,Bandit80,20,4.16,1.0,20,20,80,Pellet,Right,59,53,59,18,0.37,22.0,
5/5/2025 21:04:06,1.17.0,Bandit80,20,4.17,,20,20,80,Right,Right,59,54,59,19,,,0.19
5/5/2025 21:04:10,1.17.0,Bandit80,20,4.17,,20,20,80,RightinTimeout,Right,59,54,59,19,,,0.0
5/5/2025 21:04:12,1.17.0,Bandit80,20,4.16,,20,20,80,RightinTimeout,Right,59,54,59,19,,,0.0
5/5/2025 21:04:12,1.17.0,Bandit80,20,4.16,,20,20,80,RightinTimeout,Right,59,54,59,19,,,0.0
5/5/2025 21:04:14,1.17.0,Bandit80,20,4.17,,20,20,80,RightinTimeout,Right,59,54,59,19,,,0.0
5/5/2025 21:05:12,1.17.0,Bandit80,20,4.17,,20,20,80,Right,Right,59,55,59,19,,,0.0
5/5/2025 21:05:14,1.17.0,Bandit80,20,4.17,1.0,20,20,80,Pellet,Right,59,55,60,19,0.69,84.0,
5/5/2025 21:06:14,1.17.0,Bandit80,20,4.17,,20,80,20,Right,Left,59,56,60,0,,,0.0
5/5/2025 21:06:15,1.17.0,Bandit80,20,4.17,,20,80,20,RightinTimeout,Left,59,56,60,0,,,0.0
5/5/2025 21:06:46,1.17.0,Bandit80,20,4.17,,20,80,20,Left,Left,60,56,60,0,,,0.26
5/5/2025 21:06:52,1.17.0,Bandit80,20,4.17,3.0,20,80,20,Pellet,Left,60,56,61,0,0.37,98.0,
5/5/2025 21:07:06,1.17.0,Bandit80,20,4.16,,20,80,20,Left,Left,61,56,61,1,,,0.07
5/5/2025 21:07:07,1.17.0,Bandit80,20,4.17,1.0,20,80,20,Pellet,Left,61,56,62,1,0.37,15.0,
5/5/2025 21:07:21,1.17.0,Bandit80,20,4.17,,20,80,20,Left,Left,62,56,62,2,,,0.13
5/5/2025 21:07:22,1.17.0,Bandit80,20,4.17,,20,80,20,LeftDuringDispense,Left,62,56,62,2,,,0.02
5/5/2025 21:07:25,1.17.0,Bandit80,20,4.17,2.0,20,80,20,Pellet,Left,62,56,63,2,0.12,18.0,
5/5/2025 21:07:41,1.17.0,Bandit80,20,4.17,,20,80,20,Left,Left,63,56,63,3,,,0.18
5/5/2025 21:07:42,1.17.0,Bandit80,20,4.16,,20,80,20,LeftDuringDispense,Left,63,56,63,3,,,0.15
5/5/2025 21:07:45,1.17.0,Bandit80,20,4.16,3.0,20,80,20,Pellet,Left,63,56,64,3,0.06,20.0,
5/5/2025 21:07:58,1.17.0,Bandit80,20,4.16,,20,80,20,Left,Left,64,56,64,4,,,0.0
5/5/2025 21:07:59,1.17.0,Bandit80,20,4.16,,20,80,20,LeftDuringDispense,Left,64,56,64,4,,,0.19
5/5/2025 21:08:02,1.17.0,Bandit80,20,4.17,3.0,20,80,20,Pellet,Left,64,56,65,4,0.31,17.0,
5/5/2025 21:08:24,1.17.0,Bandit80,20,4.16,,20,80,20,Left,Left,65,56,65,5,,,0.22
5/5/2025 21:08:25,1.17.0,Bandit80,20,4.17,,20,80,20,LeftDuringDispense,Left,65,56,65,5,,,0.11
5/5/2025 21:08:30,1.17.0,Bandit80,20,4.17,3.0,20,80,20,Pellet,Left,65,56,66,5,0.25,28.0,
5/5/2025 21:08:45,1.17.0,Bandit80,20,4.17,,20,80,20,Left,Left,66,56,66,6,,,0.08
5/5/2025 21:08:46,1.17.0,Bandit80,20,4.17,,20,80,20,LeftDuringDispense,Left,66,56,66,6,,,0.19
5/5/2025 21:08:47,1.17.0,Bandit80,20,4.17,,20,80,20,LeftDuringDispense,Left,66,56,66,6,,,0.26
5/5/2025 21:08:49,1.17.0,Bandit80,20,4.17,3.0,20,80,20,Pellet,Left,66,56,67,6,0.12,19.0,
5/5/2025 21:09:08,1.17.0,Bandit80,20,4.17,,20,80,20,Left,Left,67,56,67,7,,,0.09
5/5/2025 21:09:09,1.17.0,Bandit80,20,4.17,1.0,20,80,20,Pellet,Left,67,56,68,7,0.31,20.0,
5/5/2025 21:09:27,1.17.0,Bandit80,20,4.16,,20,80,20,Left,Left,68,56,68,8,,,0.03
5/5/2025 21:09:28,1.17.0,Bandit80,20,4.17,,20,80,20,LeftDuringDispense,Left,68,56,68,8,,,0.23
5/5/2025 21:09:31,1.17.0,Bandit80,20,4.17,2.0,20,80,20,Pellet,Left,68,56,69,8,0.06,22.0,
5/5/2025 21:10:10,1.17.0,Bandit80,20,4.17,,20,80,20,Left,Left,69,56,69,9,,,0.16
5/5/2025 21:10:11,1.17.0,Bandit80,20,4.17,,20,80,20,LeftinTimeOut,Left,69,56,69,9,,,
5/5/2025 21:10:12,1.17.0,Bandit80,20,4.17,,20,80,20,LeftinTimeOut,Left,69,56,69,9,,,
5/5/2025 21:10:13,1.17.0,Bandit80,20,4.16,,20,80,20,LeftinTimeOut,Left,69,56,69,9,,,
5/5/2025 21:15:53,1.17.0,Bandit80,20,4.16,,20,80,20,Left,Left,70,56,69,9,,,0.12
5/5/2025 21:16:44,1.17.0,Bandit80,20,4.17,,20,80,20,Right,Left,70,57,69,9,,,0.03
5/5/2025 21:16:47,1.17.0,Bandit80,20,4.17,3.0,20,80,20,Pellet,Left,70,57,70,9,0.19,436.0,
5/5/2025 21:17:05,1.17.0,Bandit80,20,4.16,,20,80,20,Left,Left,71,57,70,10,,,0.12
5/5/2025 21:17:06,1.17.0,Bandit80,20,4.17,1.0,20,80,20,Pellet,Left,71,57,71,10,0.5,19.0,
5/5/2025 21:17:22,1.17.0,Bandit80,20,4.17,,20,80,20,Left,Left,72,57,71,11,,,0.17
5/5/2025 21:17:24,1.17.0,Bandit80,20,4.17,1.0,20,80,20,Pellet,Left,72,57,72,11,0.25,18.0,
5/5/2025 21:17:43,1.17.0,Bandit80,20,4.17,,20,80,20,Left,Left,73,57,72,12,,,0.24
5/5/2025 21:17:44,1.17.0,Bandit80,20,4.17,1.0,20,80,20,Pellet,Left,73,57,73,12,0.19,20.0,
5/5/2025 21:18:02,1.17.0,Bandit80,20,4.16,,20,80,20,Left,Left,74,57,73,13,,,0.08
5/5/2025 21:18:03,1.17.0,Bandit80,20,4.17,1.0,20,80,20,Pellet,Left,74,57,74,13,0.44,19.0,
5/5/2025 21:26:28,1.17.0,Bandit80,20,4.17,,20,80,20,Left,Left,75,57,74,14,,,0.04
5/5/2025 21:26:29,1.17.0,Bandit80,20,4.16,1.0,20,80,20,Pellet,Left,75,57,75,14,0.5,506.0,
5/5/2025 21:26:48,1.17.0,Bandit80,20,4.17,,20,80,20,Left,Left,76,57,75,15,,,0.24
5/5/2025 21:26:49,1.17.0,Bandit80,20,4.17,,20,80,20,LeftinTimeOut,Left,76,57,75,15,,,
5/5/2025 21:26:52,1.17.0,Bandit80,20,4.17,,20,80,20,RightinTimeout,Left,76,57,75,15,,,0.0
5/5/2025 22:04:11,1.17.0,Bandit80,20,4.17,,20,80,20,Right,Left,76,58,75,15,,,0.08
5/5/2025 22:05:01,1.17.0,Bandit80,20,4.16,,20,80,20,Left,Left,77,58,75,15,,,0.12
5/5/2025 22:05:02,1.17.0,Bandit80,20,4.17,1.0,20,80,20,Pellet,Left,77,58,76,15,0.5,2313.0,
5/5/2025 22:05:36,1.17.0,Bandit80,20,4.16,,20,80,20,Left,Left,78,58,76,16,,,0.26
5/5/2025 22:05:37,1.17.0,Bandit80,20,4.16,1.0,20,80,20,Pellet,Left,78,58,77,16,0.31,35.0,
5/5/2025 22:05:58,1.17.0,Bandit80,20,4.17,,20,80,20,Left,Left,79,58,77,17,,,0.14
5/5/2025 22:05:59,1.17.0,Bandit80,20,4.16,,20,80,20,LeftinTimeOut,Left,79,58,77,17,,,
5/5/2025 22:06:00,1.17.0,Bandit80,20,4.16,,20,80,20,LeftinTimeOut,Left,79,58,77,17,,,
5/5/2025 22:06:01,1.17.0,Bandit80,20,4.16,,20,80,20,LeftinTimeOut,Left,79,58,77,17,,,
5/5/2025 22:06:19,1.17.0,Bandit80,20,4.17,,20,80,20,Right,Left,79,59,77,17,,,0.03
5/5/2025 22:06:21,1.17.0,Bandit80,20,4.16,,20,80,20,LeftinTimeOut,Left,79,59,77,17,,,
5/5/2025 22:07:41,1.17.0,Bandit80,20,4.16,,20,80,20,Left,Left,80,59,77,17,,,0.45
5/5/2025 22:07:42,1.17.0,Bandit80,20,4.16,1.0,20,80,20,Pellet,Left,80,59,78,17,0.25,125.0,
5/5/2025 22:08:22,1.17.0,Bandit80,20,4.17,,20,80,20,Left,Left,81,59,78,18,,,0.34
5/5/2025 22:08:23,1.17.0,Bandit80,20,4.16,,20,80,20,LeftinTimeOut,Left,81,59,78,18,,,
5/5/2025 22:08:23,1.17.0,Bandit80,20,4.17,,20,80,20,LeftinTimeOut,Left,81,59,78,18,,,
5/5/2025 22:08:25,1.17.0,Bandit80,20,4.16,,20,80,20,LeftinTimeOut,Left,81,59,78,18,,,
5/5/2025 22:08:25,1.17.0,Bandit80,20,4.16,,20,80,20,LeftinTimeOut,Left,81,59,78,18,,,
5/5/2025 22:10:29,1.17.0,Bandit80,20,4.16,,20,80,20,Right,Left,81,60,78,18,,,0.17
5/5/2025 22:10:54,1.17.0,Bandit80,20,4.16,,20,80,20,Left,Left,82,60,78,18,,,0.17
5/5/2025 22:10:56,1.17.0,Bandit80,20,4.16,1.0,20,80,20,Pellet,Left,82,60,79,18,0.5,194.0,
5/5/2025 22:11:19,1.17.0,Bandit80,20,4.16,,20,80,20,Left,Left,83,60,79,19,,,0.26
5/5/2025 22:11:19,1.17.0,Bandit80,20,4.16,,20,80,20,LeftinTimeOut,Left,83,60,79,19,,,
5/5/2025 22:11:21,1.17.0,Bandit80,20,4.16,,20,80,20,LeftinTimeOut,Left,83,60,79,19,,,
5/5/2025 22:21:50,1.17.0,Bandit80,20,4.17,,20,80,20,Left,Left,84,60,79,19,,,0.06
5/5/2025 22:21:54,1.17.0,Bandit80,20,4.17,3.0,20,80,20,Pellet,Left,84,60,80,19,0.31,658.0,
5/5/2025 22:22:12,1.17.0,Bandit80,20,4.17,,20,20,80,Left,Right,85,60,80,0,,,0.26
5/5/2025 22:22:27,1.17.0,Bandit80,20,4.16,3.0,20,20,80,Pellet,Right,85,60,81,0,11.62,33.0,
5/5/2025 22:22:42,1.17.0,Bandit80,20,4.16,,20,20,80,Left,Right,86,60,81,1,,,0.04
5/5/2025 22:22:43,1.17.0,Bandit80,20,4.17,,20,20,80,LeftinTimeOut,Right,86,60,81,1,,,
5/5/2025 22:22:44,1.17.0,Bandit80,20,4.16,,20,20,80,LeftinTimeOut,Right,86,60,81,1,,,
5/5/2025 22:22:48,1.17.0,Bandit80,20,4.16,,20,20,80,LeftinTimeOut,Right,86,60,81,1,,,
5/5/2025 22:22:50,1.17.0,Bandit80,20,4.16,,20,20,80,LeftinTimeOut,Right,86,60,81,1,,,
5/5/2025 22:24:07,1.17.0,Bandit80,20,4.16,,20,20,80,Left,Right,87,60,81,1,,,0.07
5/5/2025 22:24:30,1.17.0,Bandit80,20,4.16,,20,20,80,Left,Right,88,60,81,1,,,0.0
5/5/2025 22:24:34,1.17.0,Bandit80,20,4.16,2.0,20,20,80,Pellet,Right,88,60,82,1,3.29,127.0,
5/5/2025 22:26:33,1.17.0,Bandit80,20,4.16,,20,20,80,Left,Right,89,60,82,2,,,0.04
5/5/2025 22:26:33,1.17.0,Bandit80,20,4.16,,20,20,80,LeftDuringDispense,Right,89,60,82,2,,,0.04
5/5/2025 22:26:37,1.17.0,Bandit80,20,4.16,3.0,20,20,80,Pellet,Right,89,60,83,2,0.06,123.0,
5/5/2025 22:26:53,1.17.0,Bandit80,20,4.16,,20,20,80,Left,Right,90,60,83,3,,,0.16
5/5/2025 22:26:54,1.17.0,Bandit80,20,4.16,,20,20,80,LeftinTimeOut,Right,90,60,83,3,,,
5/5/2025 22:26:55,1.17.0,Bandit80,20,4.16,,20,20,80,LeftinTimeOut,Right,90,60,83,3,,,
5/5/2025 22:26:57,1.17.0,Bandit80,20,4.16,,20,20,80,LeftinTimeOut,Right,90,60,83,3,,,
5/5/2025 22:27:16,1.17.0,Bandit80,20,4.16,,20,20,80,Left,Right,91,60,83,3,,,0.37
5/5/2025 22:29:31,1.17.0,Bandit80,20,4.16,,20,20,80,Left,Right,92,60,83,3,,,0.09
5/5/2025 22:33:56,1.17.0,Bandit80,20,4.16,,20,20,80,Left,Right,93,60,83,3,,,0.28
5/5/2025 22:35:44,1.17.0,Bandit80,20,4.16,,20,20,80,Right,Right,93,61,83,3,,,0.24
5/5/2025 22:35:47,1.17.0,Bandit80,20,4.16,2.0,20,20,80,Pellet,Right,93,61,84,3,0.63,550.0,
5/5/2025 22:36:05,1.17.0,Bandit80,20,4.17,,20,20,80,Right,Right,93,62,84,4,,,0.23
5/5/2025 22:36:06,1.17.0,Bandit80,20,4.16,1.0,20,20,80,Pellet,Right,93,62,85,4,0.37,19.0,
5/5/2025 22:37:02,1.17.0,Bandit80,20,4.16,,20,20,80,Left,Right,94,62,85,5,,,0.04
5/5/2025 22:37:04,1.17.0,Bandit80,20,4.16,,20,20,80,RightinTimeout,Right,94,62,85,5,,,0.0
5/5/2025 22:42:55,1.17.0,Bandit80,20,4.16,,20,20,80,Left,Right,95,62,85,5,,,0.11
5/5/2025 22:45:41,1.17.0,Bandit80,20,4.16,,20,20,80,Left,Right,96,62,85,5,,,0.41
5/5/2025 22:50:09,1.17.0,Bandit80,20,4.16,,20,20,80,Left,Right,97,62,85,5,,,0.0
5/5/2025 22:50:10,1.17.0,Bandit80,20,4.16,,20,20,80,LeftinTimeOut,Right,97,62,85,5,,,
5/5/2025 22:51:48,1.17.0,Bandit80,20,4.16,,20,20,80,Right,Right,97,63,85,5,,,0.21
5/5/2025 22:51:48,1.17.0,Bandit80,20,4.16,,20,20,80,RightinTimeout,Right,97,63,85,5,,,0.0
5/5/2025 22:51:49,1.17.0,Bandit80,20,4.16,,20,20,80,RightinTimeout,Right,97,63,85,5,,,0.0
5/5/2025 22:52:16,1.17.0,Bandit80,20,4.16,,20,20,80,Right,Right,97,64,85,5,,,0.02
5/5/2025 22:52:17,1.17.0,Bandit80,20,4.16,1.0,20,20,80,Pellet,Right,97,64,86,5,0.44,971.0,
5/5/2025 22:52:46,1.17.0,Bandit80,20,4.16,,20,20,80,Right,Right,97,65,86,6,,,0.42
5/5/2025 22:53:01,1.17.0,Bandit80,20,4.16,2.0,20,20,80,Pellet,Right,97,65,87,6,11.82,44.0,
5/5/2025 22:53:22,1.17.0,Bandit80,20,4.16,,20,20,80,Right,Right,97,66,87,7,,,0.21
5/5/2025 22:53:23,1.17.0,Bandit80,20,4.16,2.0,20,20,80,Pellet,Right,97,66,88,7,0.19,22.0,
5/5/2025 22:53:46,1.17.0,Bandit80,20,4.16,,20,20,80,Right,Right,97,67,88,8,,,0.17
5/5/2025 22:53:47,1.17.0,Bandit80,20,4.16,1.0,20,20,80,Pellet,Right,97,67,89,8,0.25,24.0,
5/5/2025 22:54:06,1.17.0,Bandit80,20,4.16,,20,20,80,Right,Right,97,68,89,9,,,0.22
5/5/2025 22:54:07,1.17.0,Bandit80,20,4.16,2.0,20,20,80,Pellet,Right,97,68,90,9,0.06,20.0,
5/6/2025 0:11:59,1.17.0,Bandit80,20,4.16,,20,20,80,Right,Right,97,69,90,10,,,0.03
5/6/2025 0:12:01,1.17.0,Bandit80,20,4.16,1.0,20,20,80,Pellet,Right,97,69,91,10,1.2,4674.0,
5/6/2025 0:12:31,1.17.0,Bandit80,20,4.16,,20,20,80,Right,Right,97,70,91,11,,,0.21
5/6/2025 0:12:32,1.17.0,Bandit80,20,4.16,1.0,20,20,80,Pellet,Right,97,70,92,11,0.69,31.0,
5/6/2025 0:12:51,1.17.0,Bandit80,20,4.16,,20,20,80,Right,Right,97,71,92,12,,,0.08
5/6/2025 0:12:52,1.17.0,Bandit80,20,4.16,1.0,20,20,80,Pellet,Right,97,71,93,12,0.37,20.0,
5/6/2025 0:13:16,1.17.0,Bandit80,20,4.16,,20,20,80,Right,Right,97,72,93,13,,,0.3
5/6/2025 0:13:17,1.17.0,Bandit80,20,4.16,1.0,20,20,80,Pellet,Right,97,72,94,13,0.56,25.0,
5/6/2025 0:13:37,1.17.0,Bandit80,20,4.16,,20,20,80,Left,Right,98,72,94,14,,,0.09
5/6/2025 0:13:38,1.17.0,Bandit80,20,4.16,,20,20,80,LeftinTimeOut,Right,98,72,94,14,,,
5/6/2025 0:16:27,1.17.0,Bandit80,20,4.16,,20,20,80,Left,Right,99,72,94,14,,,0.06
5/6/2025 0:17:05,1.17.0,Bandit80,20,4.16,,20,20,80,Right,Right,99,73,94,14,,,0.19
5/6/2025 0:17:07,1.17.0,Bandit80,20,4.16,1.0,20,20,80,Pellet,Right,99,73,95,14,0.75,230.0,
5/6/2025 0:17:32,1.17.0,Bandit80,20,4.16,,20,20,80,Right,Right,99,74,95,15,,,0.23
5/6/2025 0:17:33,1.17.0,Bandit80,20,4.16,,20,20,80,RightinTimeout,Right,99,74,95,15,,,0.0
5/6/2025 0:17:36,1.17.0,Bandit80,20,4.16,,20,20,80,LeftinTimeOut,Right,99,74,95,15,,,
5/6/2025 0:17:36,1.17.0,Bandit80,20,4.16,,20,20,80,LeftinTimeOut,Right,99,74,95,15,,,
5/6/2025 0:17:37,1.17.0,Bandit80,20,4.16,,20,20,80,LeftinTimeOut,Right,99,74,95,15,,,
5/6/2025 1:25:35,1.17.0,Bandit80,20,4.16,,20,20,80,Left,Right,100,74,95,15,,,0.4
5/6/2025 1:25:37,1.17.0,Bandit80,20,4.16,,20,20,80,RightinTimeout,Right,100,74,95,15,,,0.0
5/6/2025 2:09:40,1.17.0,Bandit80,20,4.16,,20,20,80,Right,Right,100,75,95,15,,,0.24
5/6/2025 2:09:42,1.17.0,Bandit80,20,4.16,1.0,20,20,80,Pellet,Right,100,75,96,15,1.07,6754.0,
5/6/2025 2:09:59,1.17.0,Bandit80,20,4.16,,20,20,80,Right,Right,100,76,96,16,,,0.04
5/6/2025 2:10:00,1.17.0,Bandit80,20,4.16,1.0,20,20,80,Pellet,Right,100,76,97,16,0.37,19.0,
5/6/2025 2:10:18,1.17.0,Bandit80,20,4.16,,20,20,80,Right,Right,100,77,97,17,,,0.23
5/6/2025 2:10:18,1.17.0,Bandit80,20,4.16,,20,20,80,RightDuringDispense,Right,100,77,97,17,,,0.1
5/6/2025 2:10:21,1.17.0,Bandit80,20,4.16,3.0,20,20,80,Pellet,Right,100,77,98,17,0.06,21.0,
5/6/2025 2:10:52,1.17.0,Bandit80,20,4.16,,20,20,80,Right,Right,100,78,98,18,,,0.24
5/6/2025 2:10:58,1.17.0,Bandit80,20,4.16,4.0,20,20,80,Pellet,Right,100,78,99,18,0.06,37.0,
5/6/2025 2:12:08,1.17.0,Bandit80,20,4.16,,20,20,80,Right,Right,100,79,99,19,,,0.22
5/6/2025 2:12:09,1.17.0,Bandit80,20,4.16,1.0,20,20,80,Pellet,Right,100,79,100,19,0.5,71.0,
5/6/2025 2:12:34,1.17.0,Bandit80,20,4.15,,20,80,20,Right,Left,100,80,100,0,,,0.28
5/6/2025 2:12:36,1.17.0,Bandit80,20,4.16,,20,80,20,RightinTimeout,Left,100,80,100,0,,,0.0
5/6/2025 2:12:37,1.17.0,Bandit80,20,4.16,,20,80,20,RightinTimeout,Left,100,80,100,0,,,0.0
5/6/2025 2:12:39,1.17.0,Bandit80,20,4.15,,20,80,20,RightinTimeout,Left,100,80,100,0,,,0.0
5/6/2025 2:12:39,1.17.0,Bandit80,20,4.16,,20,80,20,RightinTimeout,Left,100,80,100,0,,,0.0
5/6/2025 2:12:41,1.17.0,Bandit80,20,4.15,,20,80,20,RightinTimeout,Left,100,80,100,0,,,0.0
5/6/2025 2:12:42,1.17.0,Bandit80,20,4.16,,20,80,20,RightinTimeout,Left,100,80,100,0,,,0.0
5/6/2025 2:12:53,1.17.0,Bandit80,20,4.16,,20,80,20,Left,Left,101,80,100,0,,,0.28
5/6/2025 2:12:57,1.17.0,Bandit80,20,4.16,3.0,20,80,20,Pellet,Left,101,80,101,0,0.25,48.0,
5/6/2025 2:13:23,1.17.0,Bandit80,20,4.16,,20,80,20,Left,Left,102,80,101,1,,,0.08
5/6/2025 2:13:24,1.17.0,Bandit80,20,4.16,1.0,20,80,20,Pellet,Left,102,80,102,1,0.25,26.0,
5/6/2025 2:13:48,1.17.0,Bandit80,20,4.15,,20,80,20,Right,Left,102,81,102,2,,,0.0
5/6/2025 2:13:51,1.17.0,Bandit80,20,4.15,,20,80,20,RightinTimeout,Left,102,81,102,2,,,0.0
5/6/2025 2:14:13,1.17.0,Bandit80,20,4.15,,20,80,20,Left,Left,103,81,102,2,,,0.1
5/6/2025 2:14:14,1.17.0,Bandit80,20,4.16,1.0,20,80,20,Pellet,Left,103,81,103,2,0.18,51.0,
5/6/2025 2:14:42,1.17.0,Bandit80,20,4.16,,20,80,20,Right,Left,103,82,103,3,,,0.06
5/6/2025 2:14:43,1.17.0,Bandit80,20,4.16,,20,80,20,RightinTimeout,Left,103,82,103,3,,,0.0
5/6/2025 2:14:43,1.17.0,Bandit80,20,4.16,,20,80,20,RightinTimeout,Left,103,82,103,3,,,0.0
5/6/2025 3:36:14,1.17.0,Bandit80,20,4.15,,20,80,20,Right,Left,103,83,103,3,,,0.32
5/6/2025 3:37:38,1.17.0,Bandit80,20,4.16,,20,80,20,Left,Left,104,83,103,3,,,0.17
5/6/2025 3:37:39,1.17.0,Bandit80,20,4.15,1.0,20,80,20,Pellet,Left,104,83,104,3,0.44,5005.0,
5/6/2025 3:38:02,1.17.0,Bandit80,20,4.15,,20,80,20,Left,Left,105,83,104,4,,,0.03
5/6/2025 3:38:03,1.17.0,Bandit80,20,4.16,1.0,20,80,20,Pellet,Left,105,83,105,4,0.19,24.0,
5/6/2025 3:38:16,1.17.0,Bandit80,20,4.15,,20,80,20,Left,Left,106,83,105,5,,,0.17
5/6/2025 3:38:18,1.17.0,Bandit80,20,4.15,,20,80,20,LeftinTimeOut,Left,106,83,105,5,,,
5/6/2025 3:38:18,1.17.0,Bandit80,20,4.14,,20,80,20,LeftinTimeOut,Left,106,83,105,5,,,
5/6/2025 3:38:19,1.17.0,Bandit80,20,4.15,,20,80,20,LeftinTimeOut,Left,106,83,105,5,,,
5/6/2025 3:38:19,1.17.0,Bandit80,20,4.15,,20,80,20,LeftinTimeOut,Left,106,83,105,5,,,
5/6/2025 3:38:20,1.17.0,Bandit80,20,4.15,,20,80,20,LeftinTimeOut,Left,106,83,105,5,,,
5/6/2025 3:38:21,1.17.0,Bandit80,20,4.15,,20,80,20,LeftinTimeOut,Left,106,83,105,5,,,
5/6/2025 3:38:22,1.17.0,Bandit80,20,4.14,,20,80,20,LeftinTimeOut,Left,106,83,105,5,,,
5/6/2025 3:38:23,1.17.0,Bandit80,20,4.14,,20,80,20,LeftinTimeOut,Left,106,83,105,5,,,
5/6/2025 3:38:26,1.17.0,Bandit80,20,4.15,,20,80,20,RightinTimeout,Left,106,83,105,5,,,0.0
5/6/2025 3:42:15,1.17.0,Bandit80,20,4.15,,20,80,20,Right,Left,106,84,105,5,,,0.32
5/6/2025 3:43:26,1.17.0,Bandit80,20,4.16,,20,80,20,Left,Left,107,84,105,5,,,0.09
5/6/2025 3:43:27,1.17.0,Bandit80,20,4.15,1.0,20,80,20,Pellet,Left,107,84,106,5,0.19,324.0,
5/6/2025 3:43:57,1.17.0,Bandit80,20,4.15,,20,80,20,Left,Left,108,84,106,6,,,0.27
5/6/2025 3:43:57,1.17.0,Bandit80,20,4.15,,20,80,20,LeftDuringDispense,Left,108,84,106,6,,,0.03
5/6/2025 3:44:02,1.17.0,Bandit80,20,4.15,3.0,20,80,20,Pellet,Left,108,84,107,6,0.06,35.0,
5/6/2025 3:44:19,1.17.0,Bandit80,20,4.15,,20,80,20,Left,Left,109,84,107,7,,,0.18
5/6/2025 3:44:19,1.17.0,Bandit80,20,4.15,,20,80,20,LeftDuringDispense,Left,109,84,107,7,,,0.01
5/6/2025 3:44:22,1.17.0,Bandit80,20,4.15,,20,80,20,LeftDuringDispense,Left,109,84,107,7,,,0.21
5/6/2025 3:44:25,1.17.0,Bandit80,20,4.15,3.0,20,80,20,Pellet,Left,109,84,108,7,0.44,23.0,
5/6/2025 3:44:40,1.17.0,Bandit80,20,4.15,,20,80,20,Left,Left,110,84,108,8,,,0.07
5/6/2025 3:44:41,1.17.0,Bandit80,20,4.15,,20,80,20,LeftinTimeOut,Left,110,84,108,8,,,
5/6/2025 3:44:42,1.17.0,Bandit80,20,4.15,,20,80,20,LeftinTimeOut,Left,110,84,108,8,,,
5/6/2025 3:44:43,1.17.0,Bandit80,20,4.15,,20,80,20,LeftinTimeOut,Left,110,84,108,8,,,
5/6/2025 3:45:52,1.17.0,Bandit80,20,4.15,,20,80,20,Left,Left,111,84,108,8,,,0.15
5/6/2025 3:45:53,1.17.0,Bandit80,20,4.14,1.0,20,80,20,Pellet,Left,111,84,109,8,0.19,88.0,
5/6/2025 3:46:16,1.17.0,Bandit80,20,4.15,,20,80,20,Left,Left,112,84,109,9,,,0.19
5/6/2025 3:46:17,1.17.0,Bandit80,20,4.15,2.0,20,80,20,Pellet,Left,112,84,110,9,0.06,24.0,
5/6/2025 3:46:41,1.17.0,Bandit80,20,4.15,,20,80,20,Left,Left,113,84,110,10,,,0.16
5/6/2025 3:46:42,1.17.0,Bandit80,20,4.15,,20,80,20,LeftDuringDispense,Left,113,84,110,10,,,0.13
5/6/2025 3:46:42,1.17.0,Bandit80,20,4.16,1.0,20,80,20,Pellet,Left,113,84,111,10,0.25,25.0,
5/6/2025 3:47:03,1.17.0,Bandit80,20,4.16,,20,80,20,Left,Left,114,84,111,11,,,0.12
5/6/2025 3:47:04,1.17.0,Bandit80,20,4.15,,20,80,20,LeftinTimeOut,Left,114,84,111,11,,,
5/6/2025 3:47:05,1.17.0,Bandit80,20,4.15,,20,80,20,LeftinTimeOut,Left,114,84,111,11,,,
5/6/2025 3:47:40,1.17.0,Bandit80,20,4.15,,20,80,20,Left,Left,115,84,111,11,,,0.06
5/6/2025 3:47:41,1.17.0,Bandit80,20,4.15,,20,80,20,LeftDuringDispense,Left,115,84,111,11,,,0.14
5/6/2025 3:47:45,1.17.0,Bandit80,20,4.15,3.0,20,80,20,Pellet,Left,115,84,112,11,0.69,63.0,
5/6/2025 3:47:58,1.17.0,Bandit80,20,4.15,,20,80,20,Left,Left,116,84,112,12,,,0.14
5/6/2025 3:48:00,1.17.0,Bandit80,20,4.15,2.0,20,80,20,Pellet,Left,116,84,113,12,0.25,15.0,
5/6/2025 3:48:16,1.17.0,Bandit80,20,4.15,,20,80,20,Left,Left,117,84,113,13,,,0.04
5/6/2025 3:48:17,1.17.0,Bandit80,20,4.16,2.0,20,80,20,Pellet,Left,117,84,114,13,0.06,17.0,
5/6/2025 3:48:35,1.17.0,Bandit80,20,4.15,,20,80,20,Left,Left,118,84,114,14,,,0.11
5/6/2025 3:48:36,1.17.0,Bandit80,20,4.15,1.0,20,80,20,Pellet,Left,118,84,115,14,0.12,19.0,
5/6/2025 3:48:55,1.17.0,Bandit80,20,4.15,,20,80,20,Left,Left,119,84,115,15,,,0.06
5/6/2025 3:48:56,1.17.0,Bandit80,20,4.15,1.0,20,80,20,Pellet,Left,119,84,116,15,0.12,20.0,
5/6/2025 3:49:13,1.17.0,Bandit80,20,4.15,,20,80,20,Left,Left,120,84,116,16,,,0.14
5/6/2025 3:49:13,1.17.0,Bandit80,20,4.15,1.0,20,80,20,Pellet,Left,120,84,117,16,0.19,17.0,
5/6/2025 3:49:35,1.17.0,Bandit80,20,4.15,,20,80,20,Left,Left,121,84,117,17,,,0.04
5/6/2025 3:49:36,1.17.0,Bandit80,20,4.15,2.0,20,80,20,Pellet,Left,121,84,118,17,0.06,23.0,
5/6/2025 3:51:27,1.17.0,Bandit80,20,4.15,,20,80,20,Left,Left,122,84,118,18,,,0.24
5/6/2025 3:51:28,1.17.0,Bandit80,20,4.15,1.0,20,80,20,Pellet,Left,122,84,119,18,0.44,112.0,
5/6/2025 3:51:43,1.17.0,Bandit80,20,4.15,,20,80,20,Left,Left,123,84,119,19,,,0.06
5/6/2025 3:51:45,1.17.0,Bandit80,20,4.15,,20,80,20,LeftinTimeOut,Left,123,84,119,19,,,
5/6/2025 4:00:24,1.17.0,Bandit80,20,4.15,,20,80,20,Right,Left,123,85,119,19,,,0.17
5/6/2025 4:02:43,1.17.0,Bandit80,20,4.15,,20,80,20,Left,Left,124,85,119,19,,,0.18
5/6/2025 4:02:44,1.17.0,Bandit80,20,4.15,2.0,20,80,20,Pellet,Left,124,85,120,19,0.06,676.0,
5/6/2025 5:06:11,1.17.0,Bandit80,20,4.15,,20,20,80,Right,Right,124,86,120,0,,,0.18
5/6/2025 5:06:12,1.17.0,Bandit80,20,4.14,1.0,20,20,80,Pellet,Right,124,86,121,0,0.56,3808.0,
5/6/2025 5:06:29,1.17.0,Bandit80,20,4.14,,20,20,80,Right,Right,124,87,121,1,,,0.18
5/6/2025 5:06:30,1.17.0,Bandit80,20,4.15,1.0,20,20,80,Pellet,Right,124,87,122,1,0.25,18.0,
5/6/2025 5:06:47,1.17.0,Bandit80,20,4.15,,20,20,80,Right,Right,124,88,122,2,,,0.03
5/6/2025 5:06:58,1.17.0,Bandit80,20,4.15,3.0,20,20,80,Pellet,Right,124,88,123,2,5.96,27.0,
5/6/2025 5:07:44,1.17.0,Bandit80,20,4.15,,20,20,80,Right,Right,124,89,123,3,,,0.36
5/6/2025 5:07:45,1.17.0,Bandit80,20,4.15,1.0,20,20,80,Pellet,Right,124,89,124,3,0.75,48.0,
5/6/2025 5:08:24,1.17.0,Bandit80,20,4.15,,20,20,80,Left,Right,125,89,124,4,,,0.05
5/6/2025 5:08:26,1.17.0,Bandit80,20,4.14,1.0,20,20,80,Pellet,Right,125,89,125,4,0.69,41.0,
5/6/2025 5:08:51,1.17.0,Bandit80,20,4.14,,20,20,80,Left,Right,126,89,125,5,,,0.32
5/6/2025 5:08:54,1.17.0,Bandit80,20,4.14,,20,20,80,RightinTimeout,Right,126,89,125,5,,,0.0
5/6/2025 5:08:54,1.17.0,Bandit80,20,4.14,,20,20,80,RightinTimeout,Right,126,89,125,5,,,0.0
5/6/2025 5:09:56,1.17.0,Bandit80,20,4.14,,20,20,80,Left,Right,127,89,125,5,,,0.14
5/6/2025 5:15:55,1.17.0,Bandit80,20,4.15,,20,20,80,Left,Right,128,89,125,5,,,0.0
5/6/2025 5:16:23,1.17.0,Bandit80,20,4.15,,20,20,80,Left,Right,129,89,125,5,,,0.03
5/6/2025 5:16:24,1.17.0,Bandit80,20,4.14,,20,20,80,LeftinTimeOut,Right,129,89,125,5,,,
5/6/2025 5:24:17,1.17.0,Bandit80,20,4.14,,20,20,80,Left,Right,130,89,125,5,,,0.11
5/6/2025 5:24:20,1.17.0,Bandit80,20,4.15,3.0,20,20,80,Pellet,Right,130,89,126,5,0.12,954.0,
5/6/2025 5:24:37,1.17.0,Bandit80,20,4.14,,20,20,80,Left,Right,131,89,126,6,,,0.07
5/6/2025 5:24:38,1.17.0,Bandit80,20,4.14,,20,20,80,LeftinTimeOut,Right,131,89,126,6,,,
5/6/2025 5:24:39,1.17.0,Bandit80,20,4.14,,20,20,80,LeftinTimeOut,Right,131,89,126,6,,,
5/6/2025 5:24:42,1.17.0,Bandit80,20,4.14,,20,20,80,LeftinTimeOut,Right,131,89,126,6,,,
5/6/2025 5:24:44,1.17.0,Bandit80,20,4.14,,20,20,80,LeftinTimeOut,Right,131,89,126,6,,,
5/6/2025 5:24:45,1.17.0,Bandit80,20,4.14,,20,20,80,LeftinTimeOut,Right,131,89,126,6,,,
5/6/2025 5:24:46,1.17.0,Bandit80,20,4.14,,20,20,80,LeftinTimeOut,Right,131,89,126,6,,,
5/6/2025 5:30:38,1.17.0,Bandit80,20,4.15,,20,20,80,Left,Right,132,89,126,6,,,0.35
5/6/2025 5:30:39,1.17.0,Bandit80,20,4.15,2.0,20,20,80,Pellet,Right,132,89,127,6,0.25,379.0,
5/6/2025 5:30:58,1.17.0,Bandit80,20,4.14,,20,20,80,Left,Right,133,89,127,7,,,0.06
5/6/2025 5:30:58,1.17.0,Bandit80,20,4.15,,20,20,80,LeftinTimeOut,Right,133,89,127,7,,,
5/6/2025 5:31:00,1.17.0,Bandit80,20,4.14,,20,20,80,LeftinTimeOut,Right,133,89,127,7,,,
5/6/2025 5:31:00,1.17.0,Bandit80,20,4.15,,20,20,80,LeftinTimeOut,Right,133,89,127,7,,,
5/6/2025 5:31:02,1.17.0,Bandit80,20,4.15,,20,20,80,LeftinTimeOut,Right,133,89,127,7,,,
5/6/2025 5:31:21,1.17.0,Bandit80,20,4.14,,20,20,80,Right,Right,133,90,127,7,,,0.2
5/6/2025 5:31:22,1.17.0,Bandit80,20,4.14,2.0,20,20,80,Pellet,Right,133,90,128,7,0.25,43.0,
5/6/2025 5:32:23,1.17.0,Bandit80,20,4.14,,20,20,80,Right,Right,133,91,128,8,,,0.09
5/6/2025 5:32:25,1.17.0,Bandit80,20,4.14,1.0,20,20,80,Pellet,Right,133,91,129,8,0.69,62.0,
5/6/2025 5:32:49,1.17.0,Bandit80,20,4.14,,20,20,80,Right,Right,133,92,129,9,,,0.1
5/6/2025 5:32:50,1.17.0,Bandit80,20,4.14,1.0,20,20,80,Pellet,Right,133,92,130,9,0.19,26.0,
5/6/2025 5:38:43,1.17.0,Bandit80,20,4.15,,20,20,80,Right,Right,133,93,130,10,,,0.19
5/6/2025 5:38:45,1.17.0,Bandit80,20,4.15,1.0,20,20,80,Pellet,Right,133,93,131,10,0.82,355.0,
5/6/2025 5:39:36,1.17.0,Bandit80,20,4.14,,20,20,80,Left,Right,134,93,131,11,,,0.34
5/6/2025 5:44:20,1.17.0,Bandit80,20,4.15,,20,20,80,Right,Right,134,94,131,11,,,0.13
5/6/2025 5:44:21,1.17.0,Bandit80,20,4.14,1.0,20,20,80,Pellet,Right,134,94,132,11,1.07,336.0,
5/6/2025 7:18:33,1.17.0,Bandit80,20,4.14,,20,20,80,Right,Right,134,95,132,12,,,0.08
5/6/2025 7:18:35,1.17.0,Bandit80,20,4.14,1.0,20,20,80,Pellet,Right,134,95,133,12,1.07,5654.0,
5/6/2025 8:57:57,1.17.0,Bandit80,20,4.14,,20,20,80,Left,Right,135,95,133,13,,,0.01
5/6/2025 8:58:20,1.17.0,Bandit80,20,4.14,,20,20,80,Left,Right,136,95,133,13,,,0.45
5/6/2025 9:00:34,1.17.0,Bandit80,20,4.14,,20,20,80,Right,Right,136,96,133,13,,,0.47
5/6/2025 9:00:37,1.17.0,Bandit80,20,4.14,1.0,20,20,80,Pellet,Right,136,96,134,13,1.96,6121.0,
5/6/2025 9:01:04,1.17.0,Bandit80,20,4.14,,20,20,80,Left,Right,137,96,134,14,,,0.2
5/6/2025 9:06:45,1.17.0,Bandit80,20,4.13,,20,20,80,Right,Right,137,97,134,14,,,0.08
5/6/2025 9:06:47,1.17.0,Bandit80,20,4.14,1.0,20,20,80,Pellet,Right,137,97,135,14,0.94,371.0,
5/6/2025 9:07:09,1.17.0,Bandit80,20,4.14,,20,20,80,Right,Right,137,98,135,15,,,0.28
5/6/2025 9:12:58,1.17.0,Bandit80,20,4.14,,20,20,80,Left,Right,138,98,135,15,,,0.09
5/6/2025 9:15:12,1.17.0,Bandit80,20,4.14,,20,20,80,Right,Right,138,99,135,15,,,0.16
5/6/2025 9:15:13,1.17.0,Bandit80,20,4.14,1.0,20,20,80,Pellet,Right,138,99,136,15,0.56,506.0,
5/6/2025 9:15:43,1.17.0,Bandit80,20,4.13,,20,20,80,Right,Right,138,100,136,16,,,0.23
5/6/2025 9:15:44,1.17.0,Bandit80,20,4.13,1.0,20,20,80,Pellet,Right,138,100,137,16,0.19,31.0,
5/6/2025 9:16:02,1.17.0,Bandit80,20,4.13,,20,20,80,Right,Right,138,101,137,17,,,0.34
5/6/2025 9:16:03,1.17.0,Bandit80,20,4.13,1.0,20,20,80,Pellet,Right,138,101,138,17,0.31,19.0,
5/6/2025 11:35:08,1.17.0,Bandit80,20,4.12,,20,20,80,Right,Right,138,102,138,18,,,0.15
5/6/2025 11:35:10,1.17.0,Bandit80,20,4.13,1.0,20,20,80,Pellet,Right,138,102,139,18,0.63,8347.0,
5/6/2025 11:35:34,1.17.0,Bandit80,20,4.13,,20,20,80,Right,Right,138,103,139,19,,,0.17
5/6/2025 11:35:50,1.17.0,Bandit80,20,4.13,3.0,20,20,80,Pellet,Right,138,103,140,19,11.93,40.0,
5/6/2025 11:36:20,1.17.0,Bandit80,20,4.12,,20,80,20,Right,Left,138,104,140,0,,,0.0
5/6/2025 11:36:24,1.17.0,Bandit80,20,4.12,,20,80,20,LeftinTimeOut,Left,138,104,140,0,,,
5/6/2025 11:58:52,1.17.0,Bandit80,20,4.12,,20,80,20,Right,Left,138,105,140,0,,,0.0
5/6/2025 12:01:33,1.17.0,Bandit80,20,4.12,,20,80,20,Left,Left,139,105,140,0,,,0.0
5/6/2025 12:01:34,1.17.0,Bandit80,20,4.13,1.0,20,80,20,Pellet,Left,139,105,141,0,0.56,1544.0,
5/6/2025 12:01:56,1.17.0,Bandit80,20,4.12,,20,80,20,Left,Left,140,105,141,1,,,0.56
5/6/2025 12:01:57,1.17.0,Bandit80,20,4.13,1.0,20,80,20,Pellet,Left,140,105,142,1,0.25,23.0,
5/6/2025 12:02:20,1.17.0,Bandit80,20,4.12,,20,80,20,Left,Left,141,105,142,2,,,0.25
5/6/2025 12:02:22,1.17.0,Bandit80,20,4.13,,20,80,20,LeftinTimeOut,Left,141,105,142,2,,,
5/6/2025 12:02:30,1.17.0,Bandit80,20,4.13,,20,80,20,RightinTimeout,Left,141,105,142,2,,,0.0
5/6/2025 12:03:26,1.17.0,Bandit80,20,4.13,,20,80,20,Left,Left,142,105,142,2,,,0.22
5/6/2025 12:03:27,1.17.0,Bandit80,20,4.13,1.0,20,80,20,Pellet,Left,142,105,143,2,0.31,90.0,
5/6/2025 12:03:48,1.17.0,Bandit80,20,4.12,,20,80,20,Left,Left,143,105,143,3,,,0.07
5/6/2025 14:15:29,1.17.0,Bandit80,20,4.12,,20,80,20,Left,Left,144,105,143,3,,,0.18
5/6/2025 14:16:11,1.17.0,Bandit80,20,4.12,,20,80,20,Right,Left,144,106,143,3,,,0.06
5/6/2025 14:21:30,1.17.0,Bandit80,20,4.12,,20,80,20,Right,Left,144,107,143,3,,,0.51
5/6/2025 14:22:38,1.17.0,Bandit80,20,4.12,,20,80,20,Right,Left,144,108,143,3,,,0.17
5/6/2025 14:23:39,1.17.0,Bandit80,20,4.12,,20,80,20,Right,Left,144,109,143,3,,,0.06
5/6/2025 14:23:48,1.17.0,Bandit80,20,4.12,3.0,20,80,20,Pellet,Left,144,109,144,3,3.8,8421.0,
5/6/2025 14:24:06,1.17.0,Bandit80,20,4.12,,20,80,20,Left,Left,145,109,144,4,,,0.0
5/6/2025 14:24:08,1.17.0,Bandit80,20,4.12,1.0,20,80,20,Pellet,Left,145,109,145,4,0.44,20.0,
5/6/2025 14:24:19,1.17.0,Bandit80,20,4.12,,20,80,20,Left,Left,146,109,145,5,,,0.07
5/6/2025 14:24:22,1.17.0,Bandit80,20,4.12,,20,80,20,LeftinTimeOut,Left,146,109,145,5,,,
5/6/2025 14:24:22,1.17.0,Bandit80,20,4.12,,20,80,20,LeftinTimeOut,Left,146,109,145,5,,,
5/6/2025 14:25:58,1.17.0,Bandit80,20,4.12,,20,80,20,Left,Left,147,109,145,5,,,0.09
5/6/2025 14:26:00,1.17.0,Bandit80,20,4.12,1.0,20,80,20,Pellet,Left,147,109,146,5,1.77,112.0,
5/6/2025 14:26:24,1.17.0,Bandit80,20,4.12,,20,80,20,Left,Left,148,109,146,6,,,0.19
5/6/2025 14:27:16,1.17.0,Bandit80,20,4.12,,20,80,20,Left,Left,149,109,146,6,,,0.0
5/6/2025 14:28:23,1.17.0,Bandit80,20,4.12,,20,80,20,Right,Left,149,110,146,6,,,0.3
5/6/2025 14:28:25,1.17.0,Bandit80,20,4.12,1.0,20,80,20,Pellet,Left,149,110,147,6,1.01,145.0,
5/6/2025 14:30:44,1.17.0,Bandit80,20,4.12,,20,80,20,Left,Left,150,110,147,7,,,0.19
5/6/2025 14:30:45,1.17.0,Bandit80,20,4.12,1.0,20,80,20,Pellet,Left,150,110,148,7,0.5,140.0,
5/6/2025 14:31:15,1.17.0,Bandit80,20,4.12,,20,80,20,Left,Left,151,110,148,8,,,0.3
5/6/2025 14:31:16,1.17.0,Bandit80,20,4.12,1.0,20,80,20,Pellet,Left,151,110,149,8,0.69,31.0,
5/6/2025 14:31:34,1.17.0,Bandit80,20,4.12,,20,80,20,Left,Left,152,110,149,9,,,0.13
5/6/2025 14:31:37,1.17.0,Bandit80,20,4.12,,20,80,20,LeftinTimeOut,Left,152,110,149,9,,,
5/6/2025 14:31:45,1.17.0,Bandit80,20,4.12,,20,80,20,RightinTimeout,Left,152,110,149,9,,,0.0
5/6/2025 14:31:47,1.17.0,Bandit80,20,4.12,,20,80,20,LeftinTimeOut,Left,152,110,149,9,,,
5/6/2025 16:00:22,1.17.0,Bandit80,20,4.12,,20,80,20,Right,Left,152,111,149,9,,,0.42
5/6/2025 16:00:27,1.17.0,Bandit80,20,4.12,,20,80,20,LeftinTimeOut,Left,152,111,149,9,,,
5/6/2025 16:00:41,1.17.0,Bandit80,20,4.11,,20,80,20,Left,Left,153,111,149,9,,,0.28
5/6/2025 16:00:42,1.17.0,Bandit80,20,4.12,1.0,20,80,20,Pellet,Left,153,111,150,9,0.31,5366.0,
5/6/2025 16:01:05,1.17.0,Bandit80,20,4.12,,20,80,20,Left,Left,154,111,150,10,,,0.22
5/6/2025 16:01:06,1.17.0,Bandit80,20,4.12,1.0,20,80,20,Pellet,Left,154,111,151,10,0.25,24.0,
5/6/2025 16:01:20,1.17.0,Bandit80,20,4.12,,20,80,20,Left,Left,155,111,151,11,,,0.11
5/6/2025 16:01:21,1.17.0,Bandit80,20,4.12,,20,80,20,LeftDuringDispense,Left,155,111,151,11,,,0.02
5/6/2025 16:01:24,1.17.0,Bandit80,20,4.12,2.0,20,80,20,Pellet,Left,155,111,152,11,0.37,18.0,
5/6/2025 16:01:40,1.17.0,Bandit80,20,4.12,,20,80,20,Left,Left,156,111,152,12,,,0.32
5/6/2025 16:01:41,1.17.0,Bandit80,20,4.12,1.0,20,80,20,Pellet,Left,156,111,153,12,0.25,17.0,
5/6/2025 16:01:55,1.17.0,Bandit80,20,4.12,,20,80,20,Left,Left,157,111,153,13,,,0.33
5/6/2025 16:01:56,1.17.0,Bandit80,20,4.12,1.0,20,80,20,Pellet,Left,157,111,154,13,0.25,15.0,
5/6/2025 16:02:13,1.17.0,Bandit80,20,4.12,,20,80,20,Left,Left,158,111,154,14,,,0.21
5/6/2025 16:02:14,1.17.0,Bandit80,20,4.12,2.0,20,80,20,Pellet,Left,158,111,155,14,0.31,18.0,
5/6/2025 16:02:30,1.17.0,Bandit80,20,4.12,,20,80,20,Left,Left,159,111,155,15,,,0.18
5/6/2025 16:02:31,1.17.0,Bandit80,20,4.12,1.0,20,80,20,Pellet,Left,159,111,156,15,0.19,17.0,
5/6/2025 16:02:49,1.17.0,Bandit80,20,4.12,,20,80,20,Left,Left,160,111,156,16,,,0.07
5/6/2025 16:02:50,1.17.0,Bandit80,20,4.11,,20,80,20,LeftinTimeOut,Left,160,111,156,16,,,
5/6/2025 16:02:51,1.17.0,Bandit80,20,4.12,,20,80,20,LeftinTimeOut,Left,160,111,156,16,,,
5/6/2025 16:03:49,1.17.0,Bandit80,20,4.12,,20,80,20,Right,Left,160,112,156,16,,,0.15
5/6/2025 16:03:56,1.17.0,Bandit80,20,4.12,,20,80,20,LeftinTimeOut,Left,160,112,156,16,,,
5/6/2025 16:04:22,1.17.0,Bandit80,20,4.12,,20,80,20,Left,Left,161,112,156,16,,,0.02
5/6/2025 16:04:23,1.17.0,Bandit80,20,4.11,1.0,20,80,20,Pellet,Left,161,112,157,16,0.56,112.0,
5/6/2025 16:04:55,1.17.0,Bandit80,20,4.12,,20,80,20,Left,Left,162,112,157,17,,,0.09
5/6/2025 16:04:57,1.17.0,Bandit80,20,4.12,1.0,20,80,20,Pellet,Left,162,112,158,17,1.01,34.0,
5/6/2025 16:05:13,1.17.0,Bandit80,20,4.12,,20,80,20,Left,Left,163,112,158,18,,,0.06
5/6/2025 16:05:15,1.17.0,Bandit80,20,4.12,2.0,20,80,20,Pellet,Left,163,112,159,18,0.06,18.0,
5/6/2025 16:06:01,1.17.0,Bandit80,20,4.12,,20,80,20,Left,Left,164,112,159,19,,,0.28
5/6/2025 16:06:03,1.17.0,Bandit80,20,4.12,2.0,20,80,20,Pellet,Left,164,112,160,19,0.94,48.0,
5/6/2025 16:07:29,1.17.0,Bandit80,20,4.12,,20,20,80,Left,Right,165,112,160,0,,,0.19
5/6/2025 16:09:51,1.17.0,Bandit80,20,4.12,,20,20,80,Right,Right,165,113,160,0,,,0.0
5/6/2025 16:13:29,1.17.0,Bandit80,20,4.12,,20,20,80,Right,Right,165,114,160,0,,,0.15
5/6/2025 16:13:31,1.17.0,Bandit80,20,4.12,2.0,20,20,80,Pellet,Right,165,114,161,0,1.07,448.0,
5/6/2025 16:14:34,1.17.0,Bandit80,20,4.12,,20,20,80,Left,Right,166,114,161,1,,,0.19
5/6/2025 16:14:36,1.17.0,Bandit80,20,4.12,,20,20,80,LeftinTimeOut,Right,166,114,161,1,,,
5/6/2025 17:16:14,1.17.0,Bandit80,20,4.11,,20,20,80,Left,Right,167,114,161,1,,,0.22
5/6/2025 17:16:33,1.17.0,Bandit80,20,4.12,,20,20,80,Right,Right,167,115,161,1,,,0.14
5/6/2025 17:16:35,1.17.0,Bandit80,20,4.12,2.0,20,20,80,Pellet,Right,167,115,162,1,0.82,3784.0,
5/6/2025 17:17:08,1.17.0,Bandit80,20,4.12,,20,20,80,Left,Right,168,115,162,2,,,0.29
5/6/2025 17:17:09,1.17.0,Bandit80,20,4.12,,20,20,80,LeftinTimeOut,Right,168,115,162,2,,,
5/6/2025 17:17:43,1.17.0,Bandit80,20,4.12,,20,20,80,Right,Right,168,116,162,2,,,0.03
5/6/2025 17:17:44,1.17.0,Bandit80,20,4.11,1.0,20,20,80,Pellet,Right,168,116,163,2,0.56,69.0,
5/6/2025 17:18:07,1.17.0,Bandit80,20,4.11,,20,20,80,Left,Right,169,116,163,3,,,0.13
5/6/2025 17:18:09,1.17.0,Bandit80,20,4.12,1.0,20,20,80,Pellet,Right,169,116,164,3,0.82,25.0,
5/6/2025 17:18:24,1.17.0,Bandit80,20,4.12,,20,20,80,Left,Right,170,116,164,4,,,0.08
5/6/2025 17:18:26,1.17.0,Bandit80,20,4.11,,20,20,80,LeftinTimeOut,Right,170,116,164,4,,,
5/6/2025 17:18:35,1.17.0,Bandit80,20,4.12,,20,20,80,RightinTimeout,Right,170,116,164,4,,,0.0
5/6/2025 17:19:25,1.17.0,Bandit80,20,4.12,,20,20,80,Left,Right,171,116,164,4,,,0.22
5/6/2025 17:19:27,1.17.0,Bandit80,20,4.11,,20,20,80,LeftinTimeOut,Right,171,116,164,4,,,
5/6/2025 17:20:09,1.17.0,Bandit80,20,4.12,,20,20,80,Right,Right,171,117,164,4,,,0.2
5/6/2025 17:20:14,1.17.0,Bandit80,20,4.11,,20,20,80,RightinTimeout,Right,171,117,164,4,,,0.0
5/6/2025 17:20:28,1.17.0,Bandit80,20,4.11,,20,20,80,Left,Right,172,117,164,4,,,0.09
5/6/2025 17:20:55,1.17.0,Bandit80,20,4.11,,20,20,80,Left,Right,173,117,164,4,,,0.19
5/6/2025 17:23:56,1.17.0,Bandit80,20,4.11,,20,20,80,Right,Right,173,118,164,4,,,0.14
5/6/2025 17:23:57,1.17.0,Bandit80,20,4.12,,20,20,80,RightinTimeout,Right,173,118,164,4,,,0.0
5/6/2025 17:24:12,1.17.0,Bandit80,20,4.11,,20,20,80,Left,Right,174,118,164,4,,,0.1
5/6/2025 17:25:11,1.17.0,Bandit80,20,4.12,,20,20,80,Left,Right,175,118,164,4,,,0.15
5/6/2025 17:28:28,1.17.0,Bandit80,20,4.11,,20,20,80,Left,Right,176,118,164,4,,,0.13
5/6/2025 17:29:59,1.17.0,Bandit80,20,4.11,,20,20,80,Left,Right,177,118,164,4,,,0.13
5/6/2025 17:30:25,1.17.0,Bandit80,20,4.11,,20,20,80,Left,Right,178,118,164,4,,,0.06
5/6/2025 17:30:46,1.17.0,Bandit80,20,4.11,,20,20,80,Left,Right,179,118,164,4,,,0.16
5/6/2025 17:32:20,1.17.0,Bandit80,20,4.11,,20,20,80,Left,Right,180,118,164,4,,,0.07
5/6/2025 17:32:26,1.17.0,Bandit80,20,4.12,,20,20,80,LeftinTimeOut,Right,180,118,164,4,,,
5/6/2025 17:36:10,1.17.0,Bandit80,20,4.12,,20,20,80,Left,Right,181,118,164,4,,,0.25
5/6/2025 17:36:12,1.17.0,Bandit80,20,4.12,,20,20,80,LeftinTimeOut,Right,181,118,164,4,,,
5/6/2025 17:36:27,1.17.0,Bandit80,20,4.11,,20,20,80,Right,Right,181,119,164,4,,,0.0
5/6/2025 17:36:28,1.17.0,Bandit80,20,4.12,1.0,20,20,80,Pellet,Right,181,119,165,4,0.37,1099.0,
5/6/2025 17:36:50,1.17.0,Bandit80,20,4.12,,20,20,80,Right,Right,181,120,165,5,,,0.36
5/6/2025 17:36:51,1.17.0,Bandit80,20,4.11,1.0,20,20,80,Pellet,Right,181,120,166,5,0.25,23.0,
5/6/2025 17:37:09,1.17.0,Bandit80,20,4.11,,20,20,80,Right,Right,181,121,166,6,,,0.09
5/6/2025 17:37:10,1.17.0,Bandit80,20,4.12,2.0,20,20,80,Pellet,Right,181,121,167,6,0.19,19.0,
5/6/2025 17:37:38,1.17.0,Bandit80,20,4.12,,20,20,80,Left,Right,182,121,167,7,,,0.16
5/6/2025 17:38:17,1.17.0,Bandit80,20,4.11,,20,20,80,Left,Right,183,121,167,7,,,0.05
5/6/2025 17:38:18,1.17.0,Bandit80,20,4.11,1.0,20,20,80,Pellet,Right,183,121,168,7,0.31,68.0,
5/6/2025 17:38:32,1.17.0,Bandit80,20,4.11,,20,20,80,Left,Right,184,121,168,8,,,0.18
5/6/2025 17:38:34,1.17.0,Bandit80,20,4.11,,20,20,80,LeftinTimeOut,Right,184,121,168,8,,,
5/6/2025 17:38:37,1.17.0,Bandit80,20,4.11,,20,20,80,LeftinTimeOut,Right,184,121,168,8,,,
5/6/2025 17:39:23,1.17.0,Bandit80,20,4.12,,20,20,80,Left,Right,185,121,168,8,,,0.17
5/6/2025 17:40:09,1.17.0,Bandit80,20,4.11,,20,20,80,Right,Right,185,122,168,8,,,0.0
5/6/2025 17:40:10,1.17.0,Bandit80,20,4.11,1.0,20,20,80,Pellet,Right,185,122,169,8,0.56,112.0,
5/6/2025 17:44:09,1.17.0,Bandit80,20,4.11,,20,20,80,Left,Right,186,122,169,9,,,0.04
5/6/2025 17:44:16,1.17.0,Bandit80,20,4.11,,20,20,80,LeftinTimeOut,Right,186,122,169,9,,,
5/6/2025 17:44:25,1.17.0,Bandit80,20,4.11,,20,20,80,RightinTimeout,Right,186,122,169,9,,,0.0
5/6/2025 17:46:15,1.17.0,Bandit80,20,4.12,,20,20,80,Right,Right,186,123,169,9,,,0.14
5/6/2025 17:47:01,1.17.0,Bandit80,20,4.11,,20,20,80,Right,Right,186,124,169,9,,,0.06
5/6/2025 17:47:04,1.17.0,Bandit80,20,4.12,1.0,20,20,80,Pellet,Right,186,124,170,9,1.45,414.0,
5/6/2025 17:47:24,1.17.0,Bandit80,20,4.11,,20,20,80,Right,Right,186,125,170,10,,,0.2
5/6/2025 17:47:25,1.17.0,Bandit80,20,4.11,1.0,20,20,80,Pellet,Right,186,125,171,10,0.44,21.0,
5/6/2025 17:48:31,1.17.0,Bandit80,20,4.12,,20,20,80,Left,Right,187,125,171,11,,,0.1
5/6/2025 17:48:32,1.17.0,Bandit80,20,4.11,,20,20,80,LeftinTimeOut,Right,187,125,171,11,,,
5/6/2025 17:48:56,1.17.0,Bandit80,20,4.11,,20,20,80,Left,Right,188,125,171,11,,,0.0
5/6/2025 17:52:49,1.17.0,Bandit80,20,4.11,,20,20,80,Left,Right,189,125,171,11,,,0.53
5/6/2025 17:52:50,1.17.0,Bandit80,20,4.11,2.0,20,20,80,Pellet,Right,189,125,172,11,0.37,325.0,
5/6/2025 17:56:21,1.17.0,Bandit80,20,4.11,,20,20,80,Right,Right,189,126,172,12,,,0.03
5/6/2025 17:56:22,1.17.0,Bandit80,20,4.12,1.0,20,20,80,Pellet,Right,189,126,173,12,0.5,212.0,
5/6/2025 17:57:08,1.17.0,Bandit80,20,4.11,,20,20,80,Left,Right,190,126,173,13,,,0.08
5/6/2025 17:57:10,1.17.0,Bandit80,20,4.12,,20,20,80,LeftinTimeOut,Right,190,126,173,13,,,
5/6/2025 17:57:59,1.17.0,Bandit80,20,4.12,,20,20,80,Right,Right,190,127,173,13,,,0.11
5/6/2025 17:58:42,1.17.0,Bandit80,20,4.11,,20,20,80,Left,Right,191,127,173,13,,,0.06
5/6/2025 18:02:23,1.17.0,Bandit80,20,4.11,,20,20,80,Left,Right,192,127,173,13,,,0.17
5/6/2025 18:02:24,1.17.0,Bandit80,20,4.11,1.0,20,20,80,Pellet,Right,192,127,174,13,0.31,362.0,
5/6/2025 18:03:34,1.17.0,Bandit80,20,4.11,,20,20,80,Left,Right,193,127,174,14,,,0.08
5/6/2025 18:04:01,1.17.0,Bandit80,20,4.11,,20,20,80,Right,Right,193,128,174,14,,,0.13
5/6/2025 18:04:03,1.17.0,Bandit80,20,4.11,1.0,20,20,80,Pellet,Right,193,128,175,14,1.32,99.0,
5/6/2025 18:04:38,1.17.0,Bandit80,20,4.11,,20,20,80,Right,Right,193,129,175,15,,,0.11
5/6/2025 18:04:52,1.17.0,Bandit80,20,4.11,,20,20,80,Left,Right,194,129,175,15,,,0.08
5/6/2025 18:06:57,1.17.0,Bandit80,20,4.11,,20,20,80,Right,Right,194,130,175,15,,,0.16
5/6/2025 18:06:58,1.17.0,Bandit80,20,4.12,1.0,20,20,80,Pellet,Right,194,130,176,15,0.31,175.0,
5/6/2025 18:07:41,1.17.0,Bandit80,20,4.11,,20,20,80,Left,Right,195,130,176,16,,,0.01
5/6/2025 18:08:08,1.17.0,Bandit80,20,4.12,,20,20,80,Right,Right,195,131,176,16,,,0.04
5/6/2025 18:08:09,1.17.0,Bandit80,20,4.11,1.0,20,20,80,Pellet,Right,195,131,177,16,0.5,71.0,
5/6/2025 18:09:10,1.17.0,Bandit80,20,4.11,,20,20,80,Right,Right,195,132,177,17,,,0.09
5/6/2025 18:09:43,1.17.0,Bandit80,20,4.11,,20,20,80,Right,Right,195,133,177,17,,,0.32
5/6/2025 18:09:46,1.17.0,Bandit80,20,4.11,2.0,20,20,80,Pellet,Right,195,133,178,17,0.12,97.0,
5/6/2025 18:10:06,1.17.0,Bandit80,20,4.11,,20,20,80,Right,Right,195,134,178,18,,,0.11
5/6/2025 18:10:07,1.17.0,Bandit80,20,4.12,1.0,20,20,80,Pellet,Right,195,134,179,18,0.31,21.0,
5/6/2025 18:10:29,1.17.0,Bandit80,20,4.11,,20,20,80,Right,Right,195,135,179,19,,,0.02
5/6/2025 18:10:44,1.17.0,Bandit80,20,4.11,,20,20,80,Right,Right,195,136,179,19,,,0.08
5/6/2025 18:10:45,1.17.0,Bandit80,20,4.12,1.0,20,20,80,Pellet,Right,195,136,180,19,0.44,38.0,
5/6/2025 18:11:08,1.17.0,Bandit80,20,4.11,,20,80,20,Right,Left,195,137,180,0,,,0.1
5/6/2025 18:13:01,1.17.0,Bandit80,20,4.12,,20,80,20,Left,Left,196,137,180,0,,,0.24
5/6/2025 18:13:02,1.17.0,Bandit80,20,4.12,1.0,20,80,20,Pellet,Left,196,137,181,0,0.37,137.0,
5/6/2025 18:13:22,1.17.0,Bandit80,20,4.11,,20,80,20,Left,Left,197,137,181,1,,,0.13
5/6/2025 18:13:24,1.17.0,Bandit80,20,4.11,1.0,20,80,20,Pellet,Left,197,137,182,1,0.5,22.0,
5/6/2025 18:13:41,1.17.0,Bandit80,20,4.11,,20,80,20,Left,Left,198,137,182,2,,,0.11
5/6/2025 18:13:42,1.17.0,Bandit80,20,4.11,1.0,20,80,20,Pellet,Left,198,137,183,2,0.37,18.0,
5/6/2025 18:16:36,1.17.0,Bandit80,20,4.12,,20,80,20,Left,Left,199,137,183,3,,,0.0
5/6/2025 18:22:37,1.17.0,Bandit80,20,4.12,,20,80,20,Left,Left,200,137,183,3,,,0.01
5/6/2025 18:22:38,1.17.0,Bandit80,20,4.12,1.0,20,80,20,Pellet,Left,200,137,184,3,0.31,536.0,
5/6/2025 18:24:08,1.17.0,Bandit80,20,4.11,,20,80,20,Left,Left,201,137,184,4,,,0.02
5/6/2025 18:24:27,1.17.0,Bandit80,20,4.12,,20,80,20,Right,Left,201,138,184,4,,,0.03
5/6/2025 18:27:54,1.17.0,Bandit80,20,4.12,,20,80,20,Right,Left,201,139,184,4,,,0.1
5/6/2025 18:27:55,1.17.0,Bandit80,20,4.11,1.0,20,80,20,Pellet,Left,201,139,185,4,0.63,317.0,
5/6/2025 18:28:10,1.17.0,Bandit80,20,4.11,,20,80,20,Right,Left,201,140,185,5,,,0.01
5/6/2025 18:28:12,1.17.0,Bandit80,20,4.11,,20,80,20,RightinTimeout,Left,201,140,185,5,,,0.0
5/6/2025 18:28:14,1.17.0,Bandit80,20,4.11,,20,80,20,RightinTimeout,Left,201,140,185,5,,,0.0
5/6/2025 18:30:10,1.17.0,Bandit80,20,4.11,,20,80,20,Right,Left,201,141,185,5,,,0.08
5/6/2025 18:30:11,1.17.0,Bandit80,20,4.11,1.0,20,80,20,Pellet,Left,201,141,186,5,0.44,136.0,
5/6/2025 18:30:38,1.17.0,Bandit80,20,4.11,,20,80,20,Right,Left,201,142,186,6,,,0.19
5/6/2025 18:31:24,1.17.0,Bandit80,20,4.11,,20,80,20,Right,Left,201,143,186,6,,,0.0
5/6/2025 18:31:55,1.17.0,Bandit80,20,4.11,,20,80,20,Right,Left,201,144,186,6,,,0.06
5/6/2025 18:32:17,1.17.0,Bandit80,20,4.11,,20,80,20,Left,Left,202,144,186,6,,,0.0
5/6/2025 18:32:18,1.17.0,Bandit80,20,4.12,1.0,20,80,20,Pellet,Left,202,144,187,6,0.44,127.0,
5/6/2025 18:34:05,1.17.0,Bandit80,20,4.11,,20,80,20,Left,Left,203,144,187,7,,,0.17
5/6/2025 18:34:07,1.17.0,Bandit80,20,4.11,1.0,20,80,20,Pellet,Left,203,144,188,7,1.01,109.0,
5/6/2025 18:34:31,1.17.0,Bandit80,20,4.11,,20,80,20,Left,Left,204,144,188,8,,,0.05
5/6/2025 18:34:32,1.17.0,Bandit80,20,4.11,1.0,20,80,20,Pellet,Left,204,144,189,8,0.25,25.0,
5/6/2025 18:34:54,1.17.0,Bandit80,20,4.11,,20,80,20,Left,Left,205,144,189,9,,,0.13
5/6/2025 18:34:55,1.17.0,Bandit80,20,4.11,1.0,20,80,20,Pellet,Left,205,144,190,9,0.06,23.0,
5/6/2025 18:35:48,1.17.0,Bandit80,20,4.11,,20,80,20,Left,Left,206,144,190,10,,,0.11
5/6/2025 18:35:51,1.17.0,Bandit80,20,4.11,2.0,20,80,20,Pellet,Left,206,144,191,10,0.25,56.0,
5/6/2025 18:36:46,1.17.0,Bandit80,20,4.11,,20,80,20,Right,Left,206,145,191,11,,,0.01
5/6/2025 18:38:25,1.17.0,Bandit80,20,4.11,,20,80,20,Left,Left,207,145,191,11,,,0.19
5/6/2025 18:38:27,1.17.0,Bandit80,20,4.11,1.0,20,80,20,Pellet,Left,207,145,192,11,0.5,156.0,
5/6/2025 18:38:48,1.17.0,Bandit80,20,4.11,,20,80,20,Left,Left,208,145,192,12,,,0.05
5/6/2025 18:38:48,1.17.0,Bandit80,20,4.11,1.0,20,80,20,Pellet,Left,208,145,193,12,0.25,21.0,
5/6/2025 18:39:47,1.17.0,Bandit80,20,4.11,,20,80,20,Right,Left,208,146,193,13,,,0.05
5/6/2025 18:39:48,1.17.0,Bandit80,20,4.11,1.0,20,80,20,Pellet,Left,208,146,194,13,0.75,60.0,
5/6/2025 18:40:13,1.17.0,Bandit80,20,4.11,,20,80,20,Left,Left,209,146,194,14,,,0.1
5/6/2025 18:42:25,1.17.0,Bandit80,20,4.12,,20,80,20,Left,Left,210,146,194,14,,,0.03
5/6/2025 18:42:27,1.17.0,Bandit80,20,4.11,1.0,20,80,20,Pellet,Left,210,146,195,14,0.69,159.0,
5/6/2025 18:43:08,1.17.0,Bandit80,20,4.11,,20,80,20,Left,Left,211,146,195,15,,,0.26
5/6/2025 18:43:09,1.17.0,Bandit80,20,4.11,1.0,20,80,20,Pellet,Left,211,146,196,15,0.5,42.0,
5/6/2025 20:16:11,1.17.0,Bandit80,20,4.11,,20,80,20,Left,Left,212,146,196,16,,,0.06
5/6/2025 20:16:12,1.17.0,Bandit80,20,4.11,1.0,20,80,20,Pellet,Left,212,146,197,16,0.69,5583.0,
5/6/2025 20:16:33,1.17.0,Bandit80,20,4.11,,20,80,20,Left,Left,213,146,197,17,,,0.07
5/6/2025 20:16:34,1.17.0,Bandit80,20,4.11,1.0,20,80,20,Pellet,Left,213,146,198,17,0.18,22.0,
5/6/2025 20:16:47,1.17.0,Bandit80,20,4.11,,20,80,20,Left,Left,214,146,198,18,,,0.03
5/6/2025 20:16:48,1.17.0,Bandit80,20,4.11,2.0,20,80,20,Pellet,Left,214,146,199,18,0.19,14.0,
5/6/2025 20:17:07,1.17.0,Bandit80,20,4.11,,20,80,20,Left,Left,215,146,199,19,,,0.16
5/6/2025 20:17:08,1.17.0,Bandit80,20,4.11,1.0,20,80,20,Pellet,Left,215,146,200,19,0.12,20.0,
5/6/2025 20:17:26,1.17.0,Bandit80,20,4.11,,20,20,80,Left,Right,216,146,200,0,,,0.2
5/6/2025 20:17:27,1.17.0,Bandit80,20,4.11,1.0,20,20,80,Pellet,Right,216,146,201,0,0.12,19.0,
5/6/2025 20:17:43,1.17.0,Bandit80,20,4.11,,20,20,80,Left,Right,217,146,201,1,,,0.06
5/6/2025 20:17:44,1.17.0,Bandit80,20,4.11,,20,20,80,LeftinTimeOut,Right,217,146,201,1,,,
5/6/2025 20:17:45,1.17.0,Bandit80,20,4.11,,20,20,80,LeftinTimeOut,Right,217,146,201,1,,,
5/6/2025 20:17:46,1.17.0,Bandit80,20,4.11,,20,20,80,LeftinTimeOut,Right,217,146,201,1,,,
5/6/2025 20:17:50,1.17.0,Bandit80,20,4.11,,20,20,80,LeftinTimeOut,Right,217,146,201,1,,,
5/6/2025 20:19:18,1.17.0,Bandit80,20,4.11,,20,20,80,Left,Right,218,146,201,1,,,0.1
5/6/2025 20:38:08,1.17.0,Bandit80,20,4.11,,20,20,80,Right,Right,218,147,201,1,,,0.17
5/6/2025 20:38:10,1.17.0,Bandit80,20,4.11,1.0,20,20,80,Pellet,Right,218,147,202,1,0.56,1243.0,
5/6/2025 20:38:48,1.17.0,Bandit80,20,4.11,,20,20,80,Left,Right,219,147,202,2,,,0.51
5/6/2025 20:38:49,1.17.0,Bandit80,20,4.11,,20,20,80,LeftinTimeOut,Right,219,147,202,2,,,
5/6/2025 21:20:09,1.17.0,Bandit80,20,4.11,,20,20,80,Left,Right,220,147,202,2,,,0.08
5/6/2025 21:20:10,1.17.0,Bandit80,20,4.11,1.0,20,20,80,Pellet,Right,220,147,203,2,0.19,2520.0,
5/6/2025 21:20:29,1.17.0,Bandit80,20,4.11,,20,20,80,Left,Right,221,147,203,3,,,0.19
5/6/2025 21:20:30,1.17.0,Bandit80,20,4.11,1.0,20,20,80,Pellet,Right,221,147,204,3,0.19,20.0,
5/6/2025 21:20:45,1.17.0,Bandit80,20,4.1,,20,20,80,Left,Right,222,147,204,4,,,0.18
5/6/2025 21:20:48,1.17.0,Bandit80,20,4.11,,20,20,80,LeftinTimeOut,Right,222,147,204,4,,,
5/6/2025 21:20:49,1.17.0,Bandit80,20,4.1,,20,20,80,LeftinTimeOut,Right,222,147,204,4,,,
5/6/2025 21:20:51,1.17.0,Bandit80,20,4.11,,20,20,80,LeftinTimeOut,Right,222,147,204,4,,,
5/6/2025 21:20:53,1.17.0,Bandit80,20,4.11,,20,20,80,RightinTimeout,Right,222,147,204,4,,,0.0
5/6/2025 21:20:53,1.17.0,Bandit80,20,4.11,,20,20,80,RightinTimeout,Right,222,147,204,4,,,0.0
5/6/2025 21:20:54,1.17.0,Bandit80,20,4.11,,20,20,80,RightinTimeout,Right,222,147,204,4,,,0.0
5/6/2025 21:20:55,1.17.0,Bandit80,20,4.1,,20,20,80,RightinTimeout,Right,222,147,204,4,,,0.0
5/6/2025 21:21:39,1.17.0,Bandit80,20,4.11,,20,20,80,Right,Right,222,148,204,4,,,0.17
5/6/2025 21:21:40,1.17.0,Bandit80,20,4.11,1.0,20,20,80,Pellet,Right,222,148,205,4,0.56,70.0,
5/6/2025 21:22:19,1.17.0,Bandit80,20,4.11,,20,20,80,Right,Right,222,149,205,5,,,0.15
5/6/2025 21:25:08,1.17.0,Bandit80,20,4.11,,20,20,80,Left,Right,223,149,205,5,,,0.08
5/6/2025 21:25:09,1.17.0,Bandit80,20,4.11,,20,20,80,LeftinTimeOut,Right,223,149,205,5,,,
5/6/2025 21:25:09,1.17.0,Bandit80,20,4.11,,20,20,80,LeftinTimeOut,Right,223,149,205,5,,,
5/6/2025 21:25:15,1.17.0,Bandit80,20,4.11,,20,20,80,RightinTimeout,Right,223,149,205,5,,,0.0
5/6/2025 21:25:40,1.17.0,Bandit80,20,4.11,,20,20,80,Left,Right,224,149,205,5,,,0.28
5/6/2025 21:27:08,1.17.0,Bandit80,20,4.11,,20,20,80,Left,Right,225,149,205,5,,,0.04
5/6/2025 21:27:17,1.17.0,Bandit80,20,4.11,,20,20,80,LeftinTimeOut,Right,225,149,205,5,,,
5/6/2025 21:27:32,1.17.0,Bandit80,20,4.11,,20,20,80,Right,Right,225,150,205,5,,,0.05
5/6/2025 21:27:33,1.17.0,Bandit80,20,4.11,1.0,20,20,80,Pellet,Right,225,150,206,5,0.25,353.0,
5/6/2025 21:27:49,1.17.0,Bandit80,20,4.11,,20,20,80,Right,Right,225,151,206,6,,,0.15
5/6/2025 21:27:51,1.17.0,Bandit80,20,4.11,1.0,20,20,80,Pellet,Right,225,151,207,6,0.5,18.0,
5/6/2025 21:28:07,1.17.0,Bandit80,20,4.11,,20,20,80,Right,Right,225,152,207,7,,,0.37
5/6/2025 21:28:08,1.17.0,Bandit80,20,4.11,1.0,20,20,80,Pellet,Right,225,152,208,7,0.44,17.0,
5/6/2025 21:28:25,1.17.0,Bandit80,20,4.11,,20,20,80,Right,Right,225,153,208,8,,,0.15
5/6/2025 21:28:26,1.17.0,Bandit80,20,4.11,1.0,20,20,80,Pellet,Right,225,153,209,8,0.44,18.0,
5/6/2025 21:28:44,1.17.0,Bandit80,20,4.11,,20,20,80,Right,Right,225,154,209,9,,,0.03
5/6/2025 21:29:08,1.17.0,Bandit80,20,4.11,,20,20,80,Left,Right,226,154,209,9,,,0.11
5/6/2025 21:29:08,1.17.0,Bandit80,20,4.11,,20,20,80,LeftinTimeOut,Right,226,154,209,9,,,
5/6/2025 21:29:30,1.17.0,Bandit80,20,4.11,,20,20,80,Right,Right,226,155,209,9,,,0.08
5/6/2025 21:29:56,1.17.0,Bandit80,20,4.11,,20,20,80,Right,Right,226,156,209,9,,,0.1
5/6/2025 21:29:57,1.17.0,Bandit80,20,4.11,1.0,20,20,80,Pellet,Right,226,156,210,9,0.44,91.0,
5/6/2025 21:33:59,1.17.0,Bandit80,20,4.11,,20,20,80,Left,Right,227,156,210,10,,,0.07
5/6/2025 21:35:47,1.17.0,Bandit80,20,4.11,,20,20,80,Right,Right,227,157,210,10,,,0.11
5/6/2025 21:35:48,1.17.0,Bandit80,20,4.11,1.0,20,20,80,Pellet,Right,227,157,211,10,0.5,351.0,
5/6/2025 21:36:02,1.17.0,Bandit80,20,4.11,,20,20,80,Right,Right,227,158,211,11,,,0.11
5/6/2025 21:36:03,1.17.0,Bandit80,20,4.11,1.0,20,20,80,Pellet,Right,227,158,212,11,0.44,15.0,
5/6/2025 21:36:24,1.17.0,Bandit80,20,4.11,,20,20,80,Right,Right,227,159,212,12,,,0.02
5/6/2025 21:36:25,1.17.0,Bandit80,20,4.11,1.0,20,20,80,Pellet,Right,227,159,213,12,0.37,22.0,
5/6/2025 21:36:42,1.17.0,Bandit80,20,4.11,,20,20,80,Right,Right,227,160,213,13,,,0.09
5/6/2025 21:36:43,1.17.0,Bandit80,20,4.11,2.0,20,20,80,Pellet,Right,227,160,214,13,0.12,18.0,
5/6/2025 21:37:06,1.17.0,Bandit80,20,4.11,,20,20,80,Right,Right,227,161,214,14,,,0.21
5/6/2025 21:37:07,1.17.0,Bandit80,20,4.11,1.0,20,20,80,Pellet,Right,227,161,215,14,0.25,24.0,
5/6/2025 21:37:43,1.17.0,Bandit80,20,4.11,,20,20,80,Right,Right,227,162,215,15,,,0.08
5/6/2025 21:37:44,1.17.0,Bandit80,20,4.11,1.0,20,20,80,Pellet,Right,227,162,216,15,0.5,37.0,
5/6/2025 21:39:02,1.17.0,Bandit80,20,4.11,,20,20,80,Right,Right,227,163,216,16,,,0.32
5/6/2025 21:39:03,1.17.0,Bandit80,20,4.11,1.0,20,20,80,Pellet,Right,227,163,217,16,0.37,79.0,
5/6/2025 21:45:14,1.17.0,Bandit80,20,4.11,,20,20,80,Right,Right,227,164,217,17,,,0.05
5/6/2025 21:46:00,1.17.0,Bandit80,20,4.1,,20,20,80,Left,Right,228,164,217,17,,,0.0
5/6/2025 21:46:44,1.17.0,Bandit80,20,4.11,,20,20,80,Left,Right,229,164,217,17,,,0.01
5/6/2025 21:46:53,1.17.0,Bandit80,20,4.11,,20,20,80,LeftinTimeOut,Right,229,164,217,17,,,
5/6/2025 21:47:02,1.17.0,Bandit80,20,4.11,,20,20,80,LeftinTimeOut,Right,229,164,217,17,,,
5/6/2025 21:47:02,1.17.0,Bandit80,20,4.11,,20,20,80,LeftinTimeOut,Right,229,164,217,17,,,
5/6/2025 21:47:55,1.17.0,Bandit80,20,4.1,,20,20,80,Left,Right,230,164,217,17,,,0.08
5/6/2025 21:54:55,1.17.0,Bandit80,20,4.11,,20,20,80,Left,Right,231,164,217,17,,,0.39
5/6/2025 21:54:56,1.17.0,Bandit80,20,4.1,1.0,20,20,80,Pellet,Right,231,164,218,17,0.31,953.0,
5/6/2025 21:55:45,1.17.0,Bandit80,20,4.11,,20,20,80,Left,Right,232,164,218,18,,,0.14
5/6/2025 21:55:49,1.17.0,Bandit80,20,4.11,,20,20,80,LeftinTimeOut,Right,232,164,218,18,,,
5/6/2025 21:55:50,1.17.0,Bandit80,20,4.11,,20,20,80,LeftinTimeOut,Right,232,164,218,18,,,
5/6/2025 21:56:14,1.17.0,Bandit80,20,4.11,,20,20,80,Right,Right,232,165,218,18,,,0.38
5/6/2025 21:56:15,1.17.0,Bandit80,20,4.11,1.0,20,20,80,Pellet,Right,232,165,219,18,0.63,79.0,
5/6/2025 21:56:39,1.17.0,Bandit80,20,4.11,,20,20,80,Right,Right,232,166,219,19,,,0.08
5/6/2025 21:56:40,1.17.0,Bandit80,20,4.11,1.0,20,20,80,Pellet,Right,232,166,220,19,0.25,25.0,
5/6/2025 21:56:56,1.17.0,Bandit80,20,4.11,,20,80,20,Right,Left,232,167,220,0,,,0.12
5/6/2025 21:56:57,1.17.0,Bandit80,20,4.1,1.0,20,80,20,Pellet,Left,232,167,221,0,0.19,17.0,
5/6/2025 21:57:50,1.17.0,Bandit80,20,4.11,,20,80,20,Left,Left,233,167,221,1,,,0.41
5/6/2025 21:57:51,1.17.0,Bandit80,20,4.11,1.0,20,80,20,Pellet,Left,233,167,222,1,0.37,54.0,
5/6/2025 21:58:16,1.17.0,Bandit80,20,4.1,,20,80,20,Left,Left,234,167,222,2,,,0.11
5/6/2025 21:58:17,1.17.0,Bandit80,20,4.11,1.0,20,80,20,Pellet,Left,234,167,223,2,0.25,26.0,
5/6/2025 21:58:40,1.17.0,Bandit80,20,4.11,,20,80,20,Left,Left,235,167,223,3,,,0.14
5/6/2025 21:58:41,1.17.0,Bandit80,20,4.1,1.0,20,80,20,Pellet,Left,235,167,224,3,0.12,24.0,
5/6/2025 21:59:02,1.17.0,Bandit80,20,4.11,,20,80,20,Left,Left,236,167,224,4,,,0.16
5/6/2025 21:59:03,1.17.0,Bandit80,20,4.11,1.0,20,80,20,Pellet,Left,236,167,225,4,0.37,22.0,
5/6/2025 22:01:13,1.17.0,Bandit80,20,4.11,,20,80,20,Right,Left,236,168,225,5,,,0.16
5/6/2025 22:01:14,1.17.0,Bandit80,20,4.11,,20,80,20,RightinTimeout,Left,236,168,225,5,,,0.0
5/6/2025 22:02:23,1.17.0,Bandit80,20,4.11,,20,80,20,Left,Left,237,168,225,5,,,0.04
5/6/2025 22:03:56,1.17.0,Bandit80,20,4.11,,20,80,20,Right,Left,237,169,225,5,,,0.31
5/6/2025 22:18:00,1.17.0,Bandit80,20,4.11,,20,80,20,Left,Left,238,169,225,5,,,0.0
5/6/2025 22:18:02,1.17.0,Bandit80,20,4.11,1.0,20,80,20,Pellet,Left,238,169,226,5,0.56,1139.0,
5/6/2025 22:18:24,1.17.0,Bandit80,20,4.11,,20,80,20,Left,Left,239,169,226,6,,,0.1
5/6/2025 22:18:25,1.17.0,Bandit80,20,4.11,1.0,20,80,20,Pellet,Left,239,169,227,6,0.12,23.0,
5/6/2025 22:18:49,1.17.0,Bandit80,20,4.11,,20,80,20,Left,Left,240,169,227,7,,,0.31
5/6/2025 22:18:50,1.17.0,Bandit80,20,4.11,2.0,20,80,20,Pellet,Left,240,169,228,7,0.25,25.0,
5/6/2025 22:19:09,1.17.0,Bandit80,20,4.1,,20,80,20,Left,Left,241,169,228,8,,,0.09
5/6/2025 22:19:10,1.17.0,Bandit80,20,4.11,1.0,20,80,20,Pellet,Left,241,169,229,8,0.12,20.0,
5/6/2025 22:19:39,1.17.0,Bandit80,20,4.11,,20,80,20,Left,Left,242,169,229,9,,,0.25
5/6/2025 22:19:40,1.17.0,Bandit80,20,4.1,1.0,20,80,20,Pellet,Left,242,169,230,9,0.19,30.0,
5/6/2025 22:19:59,1.17.0,Bandit80,20,4.11,,20,80,20,Left,Left,243,169,230,10,,,0.29
5/6/2025 22:20:00,1.17.0,Bandit80,20,4.1,1.0,20,80,20,Pellet,Left,243,169,231,10,0.12,20.0,
5/6/2025 22:20:26,1.17.0,Bandit80,20,4.11,,20,80,20,Left,Left,244,169,231,11,,,0.37
5/6/2025 22:20:27,1.17.0,Bandit80,20,4.11,1.0,20,80,20,Pellet,Left,244,169,232,11,0.06,27.0,
5/6/2025 22:20:53,1.17.0,Bandit80,20,4.11,,20,80,20,Left,Left,245,169,232,12,,,0.18
5/6/2025 22:25:41,1.17.0,Bandit80,20,4.11,,20,80,20,Left,Left,246,169,232,12,,,0.29
5/6/2025 22:25:42,1.17.0,Bandit80,20,4.11,1.0,20,80,20,Pellet,Left,246,169,233,12,0.63,315.0,
5/6/2025 22:26:04,1.17.0,Bandit80,20,4.1,,20,80,20,Left,Left,247,169,233,13,,,0.27
5/6/2025 22:26:06,1.17.0,Bandit80,20,4.11,1.0,20,80,20,Pellet,Left,247,169,234,13,0.63,24.0,
5/6/2025 22:26:44,1.17.0,Bandit80,20,4.1,,20,80,20,Right,Left,247,170,234,14,,,0.06
5/6/2025 22:27:13,1.17.0,Bandit80,20,4.1,,20,80,20,Right,Left,247,171,234,14,,,0.0
5/6/2025 22:27:14,1.17.0,Bandit80,20,4.1,2.0,20,80,20,Pellet,Left,247,171,235,14,0.31,68.0,
5/6/2025 22:27:35,1.17.0,Bandit80,20,4.11,,20,80,20,Right,Left,247,172,235,15,,,0.24
5/6/2025 22:28:18,1.17.0,Bandit80,20,4.11,,20,80,20,Right,Left,247,173,235,15,,,0.21
5/6/2025 22:29:12,1.17.0,Bandit80,20,4.11,,20,80,20,Right,Left,247,174,235,15,,,0.1
5/6/2025 22:38:49,1.17.0,Bandit80,20,4.11,,20,80,20,Left,Left,248,174,235,15,,,0.19
5/6/2025 22:38:50,1.17.0,Bandit80,20,4.1,1.0,20,80,20,Pellet,Left,248,174,236,15,0.44,696.0,
5/6/2025 22:39:10,1.17.0,Bandit80,20,4.1,,20,80,20,Left,Left,249,174,236,16,,,0.18
5/6/2025 22:39:10,1.17.0,Bandit80,20,4.1,,20,80,20,LeftDuringDispense,Left,249,174,236,16,,,0.02
5/6/2025 22:39:13,1.17.0,Bandit80,20,4.11,3.0,20,80,20,Pellet,Left,249,174,237,16,0.06,23.0,
5/6/2025 22:39:37,1.17.0,Bandit80,20,4.1,,20,80,20,Left,Left,250,174,237,17,,,0.22
5/6/2025 22:39:37,1.17.0,Bandit80,20,4.11,1.0,20,80,20,Pellet,Left,250,174,238,17,0.19,24.0,
5/6/2025 22:39:59,1.17.0,Bandit80,20,4.1,,20,80,20,Left,Left,251,174,238,18,,,0.11
5/6/2025 22:40:00,1.17.0,Bandit80,20,4.11,2.0,20,80,20,Pellet,Left,251,174,239,18,0.12,23.0,
5/7/2025 0:05:15,1.17.0,Bandit80,20,4.1,,20,80,20,Left,Left,252,174,239,19,,,0.31
5/7/2025 0:05:17,1.17.0,Bandit80,20,4.1,1.0,20,80,20,Pellet,Left,252,174,240,19,0.44,5117.0,
5/7/2025 0:05:35,1.17.0,Bandit80,20,4.11,,20,20,80,Left,Right,253,174,240,0,,,0.23
5/7/2025 0:05:36,1.17.0,Bandit80,20,4.1,1.0,20,20,80,Pellet,Right,253,174,241,0,0.19,18.0,
5/7/2025 0:05:52,1.17.0,Bandit80,20,4.1,,20,20,80,Left,Right,254,174,241,1,,,0.32
5/7/2025 0:05:53,1.17.0,Bandit80,20,4.1,,20,20,80,LeftinTimeOut,Right,254,174,241,1,,,
5/7/2025 0:05:54,1.17.0,Bandit80,20,4.1,,20,20,80,LeftinTimeOut,Right,254,174,241,1,,,
5/7/2025 0:05:56,1.17.0,Bandit80,20,4.1,,20,20,80,LeftinTimeOut,Right,254,174,241,1,,,
5/7/2025 0:07:22,1.17.0,Bandit80,20,4.1,,20,20,80,Right,Right,254,175,241,1,,,0.27
5/7/2025 0:07:23,1.17.0,Bandit80,20,4.1,1.0,20,20,80,Pellet,Right,254,175,242,1,0.63,108.0,
5/7/2025 0:07:41,1.17.0,Bandit80,20,4.1,,20,20,80,Right,Right,254,176,242,2,,,0.2
5/7/2025 0:07:53,1.17.0,Bandit80,20,4.1,6.0,20,20,80,Pellet,Right,254,176,243,2,0.37,30.0,
5/7/2025 0:08:12,1.17.0,Bandit80,20,4.1,,20,20,80,Right,Right,254,177,243,3,,,0.0
5/7/2025 0:08:39,1.17.0,Bandit80,20,4.1,,20,20,80,Right,Right,254,178,243,3,,,0.08
5/7/2025 0:08:47,1.17.0,Bandit80,20,4.1,5.0,20,20,80,Pellet,Right,254,178,244,3,0.25,54.0,
5/7/2025 0:09:09,1.17.0,Bandit80,20,4.1,,20,20,80,Right,Right,254,179,244,4,,,0.16
5/7/2025 0:09:10,1.17.0,Bandit80,20,4.1,1.0,20,20,80,Pellet,Right,254,179,245,4,0.25,23.0,
5/7/2025 0:09:26,1.17.0,Bandit80,20,4.1,,20,20,80,Right,Right,254,180,245,5,,,0.06
5/7/2025 0:09:28,1.17.0,Bandit80,20,4.1,1.0,20,20,80,Pellet,Right,254,180,246,5,0.94,18.0,
5/7/2025 0:14:18,1.17.0,Bandit80,20,4.1,,20,20,80,Right,Right,254,181,246,6,,,0.32
5/7/2025 0:17:03,1.17.0,Bandit80,20,4.1,,20,20,80,Right,Right,254,182,246,6,,,0.05
5/7/2025 0:17:05,1.17.0,Bandit80,20,4.1,1.0,20,20,80,Pellet,Right,254,182,247,6,0.69,457.0,
5/7/2025 0:17:54,1.17.0,Bandit80,20,4.1,,20,20,80,Left,Right,255,182,247,7,,,0.09
5/7/2025 0:18:49,1.17.0,Bandit80,20,4.1,,20,20,80,Right,Right,255,183,247,7,,,0.16
5/7/2025 0:18:50,1.17.0,Bandit80,20,4.1,1.0,20,20,80,Pellet,Right,255,183,248,7,0.56,105.0,
5/7/2025 0:19:05,1.17.0,Bandit80,20,4.1,,20,20,80,Right,Right,255,184,248,8,,,0.05
5/7/2025 0:19:07,1.17.0,Bandit80,20,4.11,1.0,20,20,80,Pellet,Right,255,184,249,8,0.5,17.0,
5/7/2025 0:19:25,1.17.0,Bandit80,20,4.1,,20,20,80,Right,Right,255,185,249,9,,,0.2
5/7/2025 0:19:26,1.17.0,Bandit80,20,4.11,,20,20,80,RightinTimeout,Right,255,185,249,9,,,0.0
5/7/2025 0:20:56,1.17.0,Bandit80,20,4.09,,20,20,80,Left,Right,256,185,249,9,,,0.27
5/7/2025 0:22:40,1.17.0,Bandit80,20,4.1,,20,20,80,Right,Right,256,186,249,9,,,0.26
5/7/2025 0:22:41,1.17.0,Bandit80,20,4.09,1.0,20,20,80,Pellet,Right,256,186,250,9,0.56,214.0,
5/7/2025 0:22:58,1.17.0,Bandit80,20,4.1,,20,20,80,Right,Right,256,187,250,10,,,0.03
5/7/2025 0:22:59,1.17.0,Bandit80,20,4.09,1.0,20,20,80,Pellet,Right,256,187,251,10,0.25,18.0,
5/7/2025 0:23:16,1.17.0,Bandit80,20,4.1,,20,20,80,Right,Right,256,188,251,11,,,0.23
5/7/2025 0:25:12,1.17.0,Bandit80,20,4.1,,20,20,80,Right,Right,256,189,251,11,,,0.32
5/7/2025 0:26:56,1.17.0,Bandit80,20,4.1,,20,20,80,Right,Right,256,190,251,11,,,0.32
5/7/2025 0:33:15,1.17.0,Bandit80,20,4.09,,20,20,80,Right,Right,256,191,251,11,,,0.02
5/7/2025 0:33:16,1.17.0,Bandit80,20,4.1,1.0,20,20,80,Pellet,Right,256,191,252,11,0.44,617.0,
5/7/2025 0:33:56,1.17.0,Bandit80,20,4.09,,20,20,80,Left,Right,257,191,252,12,,,0.08
5/7/2025 0:36:28,1.17.0,Bandit80,20,4.1,,20,20,80,Right,Right,257,192,252,12,,,0.05
5/7/2025 0:36:29,1.17.0,Bandit80,20,4.1,1.0,20,20,80,Pellet,Right,257,192,253,12,0.63,193.0,
5/7/2025 0:37:26,1.17.0,Bandit80,20,4.1,,20,20,80,Right,Right,257,193,253,13,,,0.23
5/7/2025 0:37:28,1.17.0,Bandit80,20,4.1,1.0,20,20,80,Pellet,Right,257,193,254,13,0.31,58.0,
5/7/2025 0:37:44,1.17.0,Bandit80,20,4.1,,20,20,80,Right,Right,257,194,254,14,,,0.31
5/7/2025 0:37:45,1.17.0,Bandit80,20,4.1,1.0,20,20,80,Pellet,Right,257,194,255,14,0.25,18.0,
5/7/2025 0:39:28,1.17.0,Bandit80,20,4.1,,20,20,80,Left,Right,258,194,255,15,,,0.22
5/7/2025 0:43:03,1.17.0,Bandit80,20,4.1,,20,20,80,Left,Right,259,194,255,15,,,0.08
5/7/2025 0:43:35,1.17.0,Bandit80,20,4.1,,20,20,80,Right,Right,259,195,255,15,,,0.16
5/7/2025 0:43:37,1.17.0,Bandit80,20,4.1,1.0,20,20,80,Pellet,Right,259,195,256,15,0.75,352.0,
5/7/2025 0:44:25,1.17.0,Bandit80,20,4.1,,20,20,80,Right,Right,259,196,256,16,,,0.05
5/7/2025 0:44:26,1.17.0,Bandit80,20,4.1,1.0,20,20,80,Pellet,Right,259,196,257,16,0.5,49.0,
5/7/2025 0:44:44,1.17.0,Bandit80,20,4.1,,20,20,80,Left,Right,260,196,257,17,,,0.27
5/7/2025 0:47:35,1.17.0,Bandit80,20,4.1,,20,20,80,Left,Right,261,196,257,17,,,0.07
5/7/2025 0:59:08,1.17.0,Bandit80,20,4.1,,20,20,80,Right,Right,261,197,257,17,,,0.33
5/7/2025 0:59:09,1.17.0,Bandit80,20,4.1,1.0,20,20,80,Pellet,Right,261,197,258,17,0.63,883.0,
5/7/2025 0:59:51,1.17.0,Bandit80,20,4.1,,20,20,80,Right,Right,261,198,258,18,,,0.21
5/7/2025 0:59:56,1.17.0,Bandit80,20,4.09,,20,20,80,RightinTimeout,Right,261,198,258,18,,,0.0
5/7/2025 0:59:56,1.17.0,Bandit80,20,4.1,,20,20,80,RightinTimeout,Right,261,198,258,18,,,0.0
5/7/2025 3:08:11,1.17.0,Bandit80,20,4.09,,20,20,80,Right,Right,261,199,258,18,,,0.13
5/7/2025 3:08:12,1.17.0,Bandit80,20,4.09,1.0,20,20,80,Pellet,Right,261,199,259,18,1.01,7743.0,
5/7/2025 3:09:22,1.17.0,Bandit80,20,4.09,,20,20,80,Right,Right,261,200,259,19,,,0.11
5/7/2025 3:09:23,1.17.0,Bandit80,20,4.09,1.0,20,20,80,Pellet,Right,261,200,260,19,0.63,71.0,
5/7/2025 3:10:14,1.17.0,Bandit80,20,4.09,,20,80,20,Right,Left,261,201,260,0,,,0.05
5/7/2025 3:32:14,1.17.0,Bandit80,20,4.09,,20,80,20,Right,Left,261,202,260,0,,,0.11
5/7/2025 3:32:15,1.17.0,Bandit80,20,4.09,1.0,20,80,20,Pellet,Left,261,202,261,0,0.56,1372.0,
5/7/2025 3:32:35,1.17.0,Bandit80,20,4.09,,20,80,20,Right,Left,261,203,261,1,,,0.35
5/7/2025 3:32:37,1.17.0,Bandit80,20,4.09,1.0,20,80,20,Pellet,Left,261,203,262,1,0.5,22.0,
5/7/2025 3:35:25,1.17.0,Bandit80,20,4.09,,20,80,20,Right,Left,261,204,262,2,,,0.25
5/7/2025 3:36:40,1.17.0,Bandit80,20,4.09,,20,80,20,Right,Left,261,205,262,2,,,0.11
5/7/2025 3:38:45,1.17.0,Bandit80,20,4.09,,20,80,20,Right,Left,261,206,262,2,,,0.0
5/7/2025 3:38:46,1.17.0,Bandit80,20,4.09,1.0,20,80,20,Pellet,Left,261,206,263,2,0.31,369.0,
5/7/2025 3:39:04,1.17.0,Bandit80,20,4.09,,20,80,20,Right,Left,261,207,263,3,,,0.27
5/7/2025 3:39:05,1.17.0,Bandit80,20,4.09,1.0,20,80,20,Pellet,Left,261,207,264,3,0.31,19.0,
5/7/2025 3:39:19,1.17.0,Bandit80,20,4.09,,20,80,20,Right,Left,261,208,264,4,,,0.04
5/7/2025 3:39:21,1.17.0,Bandit80,20,4.09,,20,80,20,RightinTimeout,Left,261,208,264,4,,,0.0
5/7/2025 3:39:22,1.17.0,Bandit80,20,4.09,,20,80,20,RightinTimeout,Left,261,208,264,4,,,0.0
5/7/2025 3:39:24,1.17.0,Bandit80,20,4.09,,20,80,20,RightinTimeout,Left,261,208,264,4,,,0.0
5/7/2025 3:39:38,1.17.0,Bandit80,20,4.09,,20,80,20,Left,Left,262,208,264,4,,,0.04
5/7/2025 3:39:39,1.17.0,Bandit80,20,4.09,1.0,20,80,20,Pellet,Left,262,208,265,4,0.75,34.0,
5/7/2025 3:39:57,1.17.0,Bandit80,20,4.09,,20,80,20,Left,Left,263,208,265,5,,,0.25
5/7/2025 3:40:00,1.17.0,Bandit80,20,4.09,2.0,20,80,20,Pellet,Left,263,208,266,5,0.31,21.0,
5/7/2025 3:40:19,1.17.0,Bandit80,20,4.09,,20,80,20,Left,Left,264,208,266,6,,,0.18
5/7/2025 3:40:22,1.17.0,Bandit80,20,4.09,3.0,20,80,20,Pellet,Left,264,208,267,6,0.06,22.0,
5/7/2025 3:40:42,1.17.0,Bandit80,20,4.09,,20,80,20,Left,Left,265,208,267,7,,,0.16
5/7/2025 3:40:42,1.17.0,Bandit80,20,4.09,1.0,20,80,20,Pellet,Left,265,208,268,7,0.31,20.0,
5/7/2025 3:43:23,1.17.0,Bandit80,20,4.09,,20,80,20,Right,Left,265,209,268,8,,,0.03
5/7/2025 3:45:25,1.17.0,Bandit80,20,4.09,,20,80,20,Right,Left,265,210,268,8,,,0.16
5/7/2025 3:50:10,1.17.0,Bandit80,20,4.09,,20,80,20,Right,Left,265,211,268,8,,,0.27
5/7/2025 3:58:06,1.17.0,Bandit80,20,4.09,,20,80,20,Left,Left,266,211,268,8,,,0.23
5/7/2025 3:58:08,1.17.0,Bandit80,20,4.09,1.0,20,80,20,Pellet,Left,266,211,269,8,0.88,1046.0,
5/7/2025 3:58:26,1.17.0,Bandit80,20,4.09,,20,80,20,Left,Left,267,211,269,9,,,0.22
5/7/2025 3:58:27,1.17.0,Bandit80,20,4.09,1.0,20,80,20,Pellet,Left,267,211,270,9,0.31,19.0,
5/7/2025 3:58:45,1.17.0,Bandit80,20,4.09,,20,80,20,Left,Left,268,211,270,10,,,0.15
5/7/2025 3:58:46,1.17.0,Bandit80,20,4.09,1.0,20,80,20,Pellet,Left,268,211,271,10,0.19,19.0,
5/7/2025 3:59:03,1.17.0,Bandit80,20,4.09,,20,80,20,Left,Left,269,211,271,11,,,0.07
5/7/2025 3:59:04,1.17.0,Bandit80,20,4.09,,20,80,20,LeftinTimeOut,Left,269,211,271,11,,,
5/7/2025 3:59:05,1.17.0,Bandit80,20,4.09,,20,80,20,LeftinTimeOut,Left,269,211,271,11,,,
5/7/2025 3:59:07,1.17.0,Bandit80,20,4.09,,20,80,20,LeftinTimeOut,Left,269,211,271,11,,,
5/7/2025 3:59:12,1.17.0,Bandit80,20,4.09,,20,80,20,RightinTimeout,Left,269,211,271,11,,,0.0
5/7/2025 4:01:35,1.17.0,Bandit80,20,4.09,,20,80,20,Left,Left,270,211,271,11,,,0.1
5/7/2025 4:01:36,1.17.0,Bandit80,20,4.09,1.0,20,80,20,Pellet,Left,270,211,272,11,0.25,170.0,
5/7/2025 4:01:57,1.17.0,Bandit80,20,4.09,,20,80,20,Left,Left,271,211,272,12,,,0.1
5/7/2025 4:01:57,1.17.0,Bandit80,20,4.09,1.0,20,80,20,Pellet,Left,271,211,273,12,0.12,21.0,
5/7/2025 4:02:16,1.17.0,Bandit80,20,4.09,,20,80,20,Left,Left,272,211,273,13,,,0.26
5/7/2025 4:02:17,1.17.0,Bandit80,20,4.09,1.0,20,80,20,Pellet,Left,272,211,274,13,0.12,20.0,
5/7/2025 4:02:35,1.17.0,Bandit80,20,4.09,,20,80,20,Left,Left,273,211,274,14,,,0.2
5/7/2025 4:02:38,1.17.0,Bandit80,20,4.09,2.0,20,80,20,Pellet,Left,273,211,275,14,0.19,21.0,
5/7/2025 4:02:52,1.17.0,Bandit80,20,4.09,,20,80,20,Left,Left,274,211,275,15,,,0.16
5/7/2025 4:02:53,1.17.0,Bandit80,20,4.09,1.0,20,80,20,Pellet,Left,274,211,276,15,0.31,15.0,
5/7/2025 4:03:13,1.17.0,Bandit80,20,4.09,,20,80,20,Left,Left,275,211,276,16,,,0.03
5/7/2025 4:03:13,1.17.0,Bandit80,20,4.09,1.0,20,80,20,Pellet,Left,275,211,277,16,0.19,20.0,
5/7/2025 4:03:50,1.17.0,Bandit80,20,4.09,,20,80,20,Left,Left,276,211,277,17,,,0.12
5/7/2025 4:03:50,1.17.0,Bandit80,20,4.09,1.0,20,80,20,Pellet,Left,276,211,278,17,0.12,37.0,
5/7/2025 4:04:08,1.17.0,Bandit80,20,4.09,,20,80,20,Left,Left,277,211,278,18,,,0.04
5/7/2025 4:04:09,1.17.0,Bandit80,20,4.09,1.0,20,80,20,Pellet,Left,277,211,279,18,0.31,19.0,
5/7/2025 4:04:28,1.17.0,Bandit80,20,4.09,,20,80,20,Left,Left,278,211,279,19,,,0.11
5/7/2025 4:04:29,1.17.0,Bandit80,20,4.09,1.0,20,80,20,Pellet,Left,278,211,280,19,0.19,20.0,
5/7/2025 4:04:51,1.17.0,Bandit80,20,4.09,,20,20,80,Left,Right,279,211,280,0,,,0.13
5/7/2025 4:04:52,1.17.0,Bandit80,20,4.09,,20,20,80,LeftinTimeOut,Right,279,211,280,0,,,
5/7/2025 4:53:55,1.17.0,Bandit80,20,4.09,,20,20,80,Left,Right,280,211,280,0,,,0.02
5/7/2025 4:53:55,1.17.0,Bandit80,20,4.09,,20,20,80,LeftinTimeOut,Right,280,211,280,0,,,
5/7/2025 4:55:21,1.17.0,Bandit80,20,4.09,,20,20,80,Right,Right,280,212,280,0,,,0.03
5/7/2025 4:55:22,1.17.0,Bandit80,20,4.09,1.0,20,20,80,Pellet,Right,280,212,281,0,0.56,3053.0,
5/7/2025 4:58:08,1.17.0,Bandit80,20,4.09,,20,20,80,Right,Right,280,213,281,1,,,0.01
5/7/2025 4:58:09,1.17.0,Bandit80,20,4.09,1.0,20,20,80,Pellet,Right,280,213,282,1,0.75,167.0,
5/7/2025 4:58:27,1.17.0,Bandit80,20,4.09,,20,20,80,Left,Right,281,213,282,2,,,0.39
5/7/2025 4:58:28,1.17.0,Bandit80,20,4.09,,20,20,80,LeftinTimeOut,Right,281,213,282,2,,,
5/7/2025 4:58:37,1.17.0,Bandit80,20,4.09,,20,20,80,LeftinTimeOut,Right,281,213,282,2,,,
5/7/2025 5:00:33,1.17.0,Bandit80,20,4.09,,20,20,80,Right,Right,281,214,282,2,,,0.19
5/7/2025 5:00:35,1.17.0,Bandit80,20,4.09,1.0,20,20,80,Pellet,Right,281,214,283,2,0.44,145.0,
5/7/2025 5:09:10,1.17.0,Bandit80,20,4.09,,20,20,80,Left,Right,282,214,283,3,,,0.06
5/7/2025 5:10:10,1.17.0,Bandit80,20,4.09,,20,20,80,Left,Right,283,214,283,3,,,0.01
5/7/2025 5:15:06,1.17.0,Bandit80,20,4.09,,20,20,80,Right,Right,283,215,283,3,,,0.18
5/7/2025 5:15:07,1.17.0,Bandit80,20,4.09,1.0,20,20,80,Pellet,Right,283,215,284,3,0.5,873.0,
5/7/2025 5:19:52,1.17.0,Bandit80,20,4.09,,20,20,80,Right,Right,283,216,284,4,,,0.01
5/7/2025 5:19:57,1.17.0,Bandit80,20,4.09,1.0,20,20,80,Pellet,Right,283,216,285,4,4.44,290.0,
5/7/2025 5:20:32,1.17.0,Bandit80,20,4.09,,20,20,80,Left,Right,284,216,285,5,,,0.1
5/7/2025 5:21:27,1.17.0,Bandit80,20,4.09,,20,20,80,Right,Right,284,217,285,5,,,0.1
5/7/2025 5:21:29,1.17.0,Bandit80,20,4.09,1.0,20,20,80,Pellet,Right,284,217,286,5,1.07,92.0,
5/7/2025 5:21:44,1.17.0,Bandit80,20,4.09,,20,20,80,Right,Right,284,218,286,6,,,0.21
5/7/2025 5:21:45,1.17.0,Bandit80,20,4.09,1.0,20,20,80,Pellet,Right,284,218,287,6,0.19,16.0,
5/7/2025 5:22:01,1.17.0,Bandit80,20,4.09,,20,20,80,Right,Right,284,219,287,7,,,0.18
5/7/2025 5:22:02,1.17.0,Bandit80,20,4.09,1.0,20,20,80,Pellet,Right,284,219,288,7,0.25,17.0,
5/7/2025 5:22:19,1.17.0,Bandit80,20,4.09,,20,20,80,Right,Right,284,220,288,8,,,0.22
5/7/2025 5:22:49,1.17.0,Bandit80,20,4.09,,20,20,80,Right,Right,284,221,288,8,,,0.2
5/7/2025 5:22:51,1.17.0,Bandit80,20,4.09,2.0,20,20,80,Pellet,Right,284,221,289,8,0.19,49.0,
5/7/2025 5:23:06,1.17.0,Bandit80,20,4.09,,20,20,80,Right,Right,284,222,289,9,,,0.27
5/7/2025 5:23:07,1.17.0,Bandit80,20,4.09,1.0,20,20,80,Pellet,Right,284,222,290,9,0.25,16.0,
5/7/2025 5:23:26,1.17.0,Bandit80,20,4.09,,20,20,80,Right,Right,284,223,290,10,,,0.21
5/7/2025 5:23:27,1.17.0,Bandit80,20,4.09,1.0,20,20,80,Pellet,Right,284,223,291,10,0.25,20.0,
5/7/2025 5:23:45,1.17.0,Bandit80,20,4.09,,20,20,80,Right,Right,284,224,291,11,,,0.18
5/7/2025 5:23:47,1.17.0,Bandit80,20,4.09,1.0,20,20,80,Pellet,Right,284,224,292,11,0.56,20.0,
5/7/2025 5:24:08,1.17.0,Bandit80,20,4.09,,20,20,80,Right,Right,284,225,292,12,,,0.14
5/7/2025 5:24:09,1.17.0,Bandit80,20,4.09,1.0,20,20,80,Pellet,Right,284,225,293,12,0.19,22.0,
5/7/2025 5:31:19,1.17.0,Bandit80,20,4.09,,20,20,80,Left,Right,285,225,293,13,,,0.06
5/7/2025 5:31:20,1.17.0,Bandit80,20,4.09,1.0,20,20,80,Pellet,Right,285,225,294,13,0.69,431.0,
5/7/2025 5:31:40,1.17.0,Bandit80,20,4.09,,20,20,80,Left,Right,286,225,294,14,,,0.12
5/7/2025 5:31:42,1.17.0,Bandit80,20,4.08,,20,20,80,LeftinTimeOut,Right,286,225,294,14,,,
5/7/2025 5:37:43,1.17.0,Bandit80,20,4.09,,20,20,80,Left,Right,287,225,294,14,,,0.31
5/7/2025 5:37:45,1.17.0,Bandit80,20,4.09,1.0,20,20,80,Pellet,Right,287,225,295,14,1.13,385.0,
5/7/2025 5:38:12,1.17.0,Bandit80,20,4.09,,20,20,80,Left,Right,288,225,295,15,,,0.14
5/7/2025 5:38:13,1.17.0,Bandit80,20,4.09,1.0,20,20,80,Pellet,Right,288,225,296,15,0.44,28.0,
5/7/2025 5:38:44,1.17.0,Bandit80,20,4.09,,20,20,80,Left,Right,289,225,296,16,,,0.12
5/7/2025 5:38:46,1.17.0,Bandit80,20,4.09,1.0,20,20,80,Pellet,Right,289,225,297,16,0.37,32.0,
5/7/2025 9:50:17,1.17.0,Bandit80,20,4.08,,20,20,80,Left,Right,290,225,297,17,,,0.16
5/7/2025 9:50:18,1.17.0,Bandit80,20,4.07,1.0,20,20,80,Pellet,Right,290,225,298,17,0.63,15093.0,
5/7/2025 9:50:43,1.17.0,Bandit80,20,4.08,,20,20,80,Left,Right,291,225,298,18,,,0.26
5/7/2025 9:50:44,1.17.0,Bandit80,20,4.07,,20,20,80,LeftinTimeOut,Right,291,225,298,18,,,
5/7/2025 9:53:24,1.17.0,Bandit80,20,4.07,,20,20,80,Right,Right,291,226,298,18,,,0.35
5/7/2025 9:53:26,1.17.0,Bandit80,20,4.08,1.0,20,20,80,Pellet,Right,291,226,299,18,1.14,188.0,
5/7/2025 9:53:56,1.17.0,Bandit80,20,4.08,,20,20,80,Left,Right,292,226,299,19,,,0.14
5/7/2025 9:53:57,1.17.0,Bandit80,20,4.08,1.0,20,20,80,Pellet,Right,292,226,300,19,0.12,31.0,
5/7/2025 9:54:14,1.17.0,Bandit80,20,4.07,,20,80,20,Left,Left,293,226,300,0,,,0.14
5/7/2025 9:54:15,1.17.0,Bandit80,20,4.08,1.0,20,80,20,Pellet,Left,293,226,301,0,0.19,18.0,
5/7/2025 9:54:36,1.17.0,Bandit80,20,4.07,,20,80,20,Left,Left,294,226,301,1,,,0.25
5/7/2025 9:54:48,1.17.0,Bandit80,20,4.07,2.0,20,80,20,Pellet,Left,294,226,302,1,9.45,33.0,
5/7/2025 9:55:12,1.17.0,Bandit80,20,4.08,,20,80,20,Left,Left,295,226,302,2,,,0.06
5/7/2025 9:55:12,1.17.0,Bandit80,20,4.08,,20,80,20,LeftDuringDispense,Left,295,226,302,2,,,0.03
5/7/2025 9:55:15,1.17.0,Bandit80,20,4.07,3.0,20,80,20,Pellet,Left,295,226,303,2,0.06,27.0,
5/7/2025 9:55:34,1.17.0,Bandit80,20,4.07,,20,80,20,Left,Left,296,226,303,3,,,0.06
5/7/2025 9:55:35,1.17.0,Bandit80,20,4.07,,20,80,20,LeftinTimeOut,Left,296,226,303,3,,,
5/7/2025 9:55:53,1.17.0,Bandit80,20,4.08,,20,80,20,Right,Left,296,227,303,3,,,0.07
5/7/2025 9:55:55,1.17.0,Bandit80,20,4.07,1.0,20,80,20,Pellet,Left,296,227,304,3,1.39,40.0,
5/7/2025 9:56:18,1.17.0,Bandit80,20,4.08,,20,80,20,Right,Left,296,228,304,4,,,0.19
5/7/2025 10:15:12,1.17.0,Bandit80,20,4.07,,20,80,20,Right,Left,296,229,304,4,,,0.08
5/7/2025 12:37:26,1.17.0,Bandit80,20,4.07,,20,80,20,Right,Left,296,230,304,4,,,0.3
5/7/2025 12:37:34,1.17.0,Bandit80,20,4.07,,20,80,20,RightinTimeout,Left,296,230,304,4,,,0.0
5/7/2025 12:37:35,1.17.0,Bandit80,20,4.07,,20,80,20,RightinTimeout,Left,296,230,304,4,,,0.0
5/7/2025 12:37:37,1.17.0,Bandit80,20,4.07,,20,80,20,LeftinTimeOut,Left,296,230,304,4,,,
5/7/2025 12:37:49,1.17.0,Bandit80,20,4.07,,20,80,20,Left,Left,297,230,304,4,,,0.24
5/7/2025 12:37:52,1.17.0,Bandit80,20,4.07,3.0,20,80,20,Pellet,Left,297,230,305,4,0.37,9717.0,
5/7/2025 12:38:11,1.17.0,Bandit80,20,4.07,,20,80,20,Left,Left,298,230,305,5,,,0.1
5/7/2025 12:38:12,1.17.0,Bandit80,20,4.07,1.0,20,80,20,Pellet,Left,298,230,306,5,0.31,20.0,
5/7/2025 12:38:30,1.17.0,Bandit80,20,4.07,,20,80,20,Left,Left,299,230,306,6,,,0.18
5/7/2025 12:38:31,1.17.0,Bandit80,20,4.07,,20,80,20,LeftinTimeOut,Left,299,230,306,6,,,
5/7/2025 12:38:32,1.17.0,Bandit80,20,4.07,,20,80,20,LeftinTimeOut,Left,299,230,306,6,,,
5/7/2025 14:10:45,1.17.0,Bandit80,20,4.07,,20,80,20,Left,Left,300,230,306,6,,,0.14
5/7/2025 14:10:47,1.17.0,Bandit80,20,4.07,2.0,20,80,20,Pellet,Left,300,230,307,6,1.07,5555.0,
5/7/2025 14:11:07,1.17.0,Bandit80,20,4.06,,20,80,20,Left,Left,301,230,307,7,,,0.09
5/7/2025 14:11:07,1.17.0,Bandit80,20,4.07,,20,80,20,LeftDuringDispense,Left,301,230,307,7,,,0.15
5/7/2025 14:11:08,1.17.0,Bandit80,20,4.07,,20,80,20,LeftDuringDispense,Left,301,230,307,7,,,0.0
5/7/2025 14:11:22,1.17.0,Bandit80,20,4.07,3.0,20,80,20,Pellet,Left,301,230,308,7,9.64,35.0,
5/7/2025 14:11:40,1.17.0,Bandit80,20,4.07,,20,80,20,Left,Left,302,230,308,8,,,0.18
5/7/2025 14:11:43,1.17.0,Bandit80,20,4.07,3.0,20,80,20,Pellet,Left,302,230,309,8,0.12,21.0,
5/7/2025 14:11:59,1.17.0,Bandit80,20,4.07,,20,80,20,Left,Left,303,230,309,9,,,0.1
5/7/2025 14:12:00,1.17.0,Bandit80,20,4.07,2.0,20,80,20,Pellet,Left,303,230,310,9,0.19,17.0,
5/7/2025 14:12:24,1.17.0,Bandit80,20,4.07,,20,80,20,Left,Left,304,230,310,10,,,0.24
5/7/2025 14:12:37,1.17.0,Bandit80,20,4.07,3.0,20,80,20,Pellet,Left,304,230,311,10,10.21,37.0,
5/7/2025 14:13:11,1.17.0,Bandit80,20,4.06,,20,80,20,Left,Left,305,230,311,11,,,0.23
5/7/2025 15:25:39,1.17.0,Bandit80,20,4.06,,20,80,20,Right,Left,305,231,311,11,,,0.17
5/7/2025 15:25:40,1.17.0,Bandit80,20,4.06,,20,80,20,RightinTimeout,Left,305,231,311,11,,,0.0
5/7/2025 15:25:56,1.17.0,Bandit80,20,4.07,,20,80,20,Left,Left,306,231,311,11,,,0.0
