Filename,Task,Strain,MomGenotype,DadGenotype,SSPsyGene_number,Animal_ID,Sex,Genotype,DOB,FED3,Start_Date,StartWeight,EndWeight
FED006_033125,Bandit100,DNMT3a,,,2,24_2,f,Wt,1/6/2025,006,3/31/2025,20.45,21.05
FED006_040325_00,FR1,DNMT3a,,,2,24_2,f,Wt,1/6/2025,006,3/31/2025,20.45,21.05
FED006_040725_00,Bandit80,DNMT3a,,,2,24_2,f,Wt,1/6/2025,006,3/31/2025,20.68,21.05
FED007_033125,Bandit100,DNMT3a,,,2,22_11,f,Wt,1/8/2025,007,3/31/2025,17.48,17.97
FED007_040325_00,FR1,DNMT3a,,,2,22_11,f,Wt,1/8/2025,007,3/31/2025,17.48,17.97
FED007_040725_00,Bandit80,DNMT3a,,,2,22_11,f,Wt,1/8/2025,007,3/31/2025,18.44,18.43
FED007_042825,Bandit100,DNMT3a,,,2,26_55,f,Wt,2/6/2025,007,4/28/2025,19.3,18.64
FED007_050125_00,FR1,DNMT3a,,,2,26_55,f,Wt,2/6/2025,007,4/28/2025,19.3,18.64
FED007_050525_00,Bandit80,DNMT3a,,,2,26_55,f,Wt,2/6/2025,007,4/28/2025,19.26,19.62
FED008_033125,Bandit100,DNMT3a,,,2,22_9,f,Wt,1/8/2025,008,3/31/2025,18.03,18.72
FED008_040325_00,FR1,DNMT3a,,,2,22_9,f,Wt,1/8/2025,008,3/31/2025,18.03,18.72
FED008_040425_00,Bandit80,DNMT3a,,,2,22_9,f,Wt,1/8/2025,008,3/31/2025,17.86,19.38
FED009_033125,Bandit100,DNMT3a,,,2,23_5,f,Wt,1/10/2025,009,3/31/2025,17.72,17.06
FED009_040325_00,FR1,DNMT3a,,,2,23_5,f,Wt,1/10/2025,009,3/31/2025,17.72,17.06
FED009_040725_00,Bandit80,DNMT3a,,,2,23_5,f,Wt,1/10/2025,009,3/31/2025,17.57,17.85
FED009_042825,Bandit100,DNMT3a,,,2,19_53,f,Wt,2/6/2025,009,4/28/2025,16.87,17.07
FED009_050125_00,FR1,DNMT3a,,,2,19_53,f,Wt,2/6/2025,009,4/28/2025,16.87,17.07
FED009_050525_00,Bandit80,DNMT3a,,,2,19_53,f,Wt,2/6/2025,009,4/28/2025,17.22,18.35
FED010_033125,Bandit100,DNMT3a,,,2,28_30,f,Wt,2/8/2025,010,3/31/2025,16.92,16.93
FED010_040325_00,FR1,DNMT3a,,,2,28_30,f,Wt,2/8/2025,010,3/31/2025,16.92,16.93
FED010_040725_00,Bandit80,DNMT3a,,,2,28_30,f,Wt,2/8/2025,010,3/31/2025,17.34,17.86
FED010_042825,Bandit100,DNMT3a,,,2,19_47,f,Wt,2/6/2025,010,4/28/2025,17.44,17.31
FED010_050125_00,FR1,DNMT3a,,,2,19_47,f,Wt,2/6/2025,010,4/28/2025,17.44,17.31
FED010_050525_00,Bandit80,DNMT3a,,,2,19_47,f,Wt,2/6/2025,010,4/28/2025,18.21,19.64
FED011_030325,Bandit100,MYT1L,,,1,1_1,f,Wt,12/12/2024,011,3/3/2025,18.26,19.53
FED011_030625_00,FR1,MYT1L,,,1,1_1,f,Wt,12/12/2024,011,3/3/2025,18.26,19.53
FED011_031025_00,Bandit80,MYT1L,,,1,1_1,f,Wt,12/12/2024,011,3/3/2025,18.34,20.07
FED011_042825,Bandit100,DNMT3a,,,2,26_56,f,Wt,2/6/2025,011,4/28/2025,17.74,18.1
FED011_050125_00,FR1,DNMT3a,,,2,26_56,f,Wt,2/6/2025,011,4/28/2025,17.74,18.1
FED011_050525_00,Bandit80,DNMT3a,,,2,26_56,f,Wt,2/6/2025,011,4/28/2025,18.91,19.72
FED012_030325,Bandit100,MYT1L,,,1,5_23,f,Wt,12/13/2024,012,3/3/2025,18.35,19.15
FED012_030625_00,FR1,MYT1L,,,1,5_23,f,Wt,12/13/2024,012,3/3/2025,18.35,19.15
FED012_031025_00,Bandit80,MYT1L,,,1,5_23,f,Wt,12/13/2024,012,3/3/2025,18.35,19.81
FED012_042825,Bandit100,DNMT3a,,,2,19_49,f,Wt,2/6/2025,012,4/28/2025,19.49,19.32
FED012_050125_00,FR1,DNMT3a,,,2,19_49,f,Wt,2/6/2025,012,4/28/2025,19.49,19.32
FED012_050525_00,Bandit80,DNMT3a,,,2,19_49,f,Wt,2/6/2025,012,4/28/2025,19.84,19.98
FED013_030325,Bandit100,MYT1L,,,1,5_27,f,Wt,12/13/2024,013,3/3/2025,18.5,19.69
FED013_030625_00,FR1,MYT1L,,,1,5_27,f,Wt,12/13/2024,013,3/3/2025,18.5,19.69
FED013_031025_00,Bandit80,MYT1L,,,1,5_27,f,Wt,12/13/2024,013,3/3/2025,18.6,20.07
FED014_030325,Bandit100,MYT1L,,,1,1_4,f,Wt,12/12/2024,014,3/3/2025,18.46,19.74
FED014_030625_00,FR1,MYT1L,,,1,1_4,f,Wt,12/12/2024,014,3/3/2025,18.46,19.74
FED014_031025_00,Bandit80,MYT1L,,,1,1_4,f,Wt,12/12/2024,014,3/3/2025,19.87,19.48
FED015_030325,Bandit100,MYT1L,,,1,2_6,f,Wt,12/12/2024,015,3/3/2025,19.91,21.59
FED015_030625_00,FR1,MYT1L,,,1,2_6,f,Wt,12/12/2024,015,3/3/2025,19.91,21.59
FED015_031025_00,Bandit80,MYT1L,,,1,2_6,f,Wt,12/12/2024,015,3/3/2025,20.03,20.39
FED015_033125,Bandit100,DNMT3a,,,2,22_12,m,Wt,1/8/2025,015,3/31/2025,24.16,25.55
FED015_040325_00,FR1,DNMT3a,,,2,22_12,m,Wt,1/8/2025,015,3/31/2025,24.16,25.55
FED015_040725_00,Bandit80,DNMT3a,,,2,22_12,m,Wt,1/8/2025,015,3/31/2025,25.11,25.66
FED016_030325,Bandit100,MYT1L,,,1,9_11,f,Wt,12/12/2024,016,3/3/2025,18.48,19.05
FED016_030625_00,FR1,MYT1L,,,1,9_11,f,Wt,12/12/2024,016,3/3/2025,18.48,19.05
FED016_031025_00,Bandit80,MYT1L,,,1,9_11,f,Wt,12/12/2024,016,3/3/2025,18.84,19.68
FED016_033125,Bandit100,DNMT3a,,,2,29_20,m,Wt,1/12/2025,016,3/31/2025,24.51,25.13
FED016_040325_00,FR1,DNMT3a,,,2,29_20,m,Wt,1/12/2025,016,3/31/2025,24.51,25.13
FED016_040725_00,Bandit80,DNMT3a,,,2,29_20,m,Wt,1/12/2025,016,3/31/2025,24.63,24.89
FED017_030325,Bandit100,MYT1L,,,1,7_32,f,Wt,12/13/2024,017,3/3/2025,19.95,20.89
FED017_030625_00,FR1,MYT1L,,,1,7_32,f,Wt,12/13/2024,017,3/3/2025,19.95,20.89
FED017_031025_00,Bandit80,MYT1L,,,1,7_32,f,Wt,12/13/2024,017,3/3/2025,20.1,20.42
FED017_033125,Bandit100,DNMT3a,,,2,25_24,m,Wt,1/23/2025,017,3/31/2025,21.54,22.32
FED017_040325_00,FR1,DNMT3a,,,2,25_24,m,Wt,1/23/2025,017,3/31/2025,21.54,22.32
FED017_040725_00,Bandit80,DNMT3a,,,2,25_24,m,Wt,1/23/2025,017,3/31/2025,22.31,23.02
FED017_042825,Bandit100,DNMT3a,,,2,26_59,m,Wt,2/6/2025,017,4/28/2025,25.41,25.03
FED017_050125_00,FR1,DNMT3a,,,2,26_59,m,Wt,2/6/2025,017,4/28/2025,25.41,25.03
FED017_050525_00,Bandit80,DNMT3a,,,2,26_59,m,Wt,2/6/2025,017,4/28/2025,25.84,25.36
FED018_030325,Bandit100,MYT1L,,,1,8_41,f,Wt,12/13/2024,018,3/3/2025,17.53,19.03
FED018_030625_00,FR1,MYT1L,,,1,8_41,f,Wt,12/13/2024,018,3/3/2025,17.53,19.03
FED018_031025_00,Bandit80,MYT1L,,,1,8_41,f,Wt,12/13/2024,018,3/3/2025,18.21,20.08
FED018_033125,Bandit100,DNMT3a,,,2,25_27,m,Wt,1/23/2025,018,3/31/2025,21.7,22.09
FED018_040325_00,FR1,DNMT3a,,,2,25_27,m,Wt,1/23/2025,018,3/31/2025,21.7,22.09
FED018_040725_00,Bandit80,DNMT3a,,,2,25_27,m,Wt,1/23/2025,018,3/31/2025,21.7,22.12
FED018_042825,Bandit100,DNMT3a,,,2,30_66,m,Wt,2/12/2025,018,4/28/2025,26.54,26.73
FED018_050125_00,FR1,DNMT3a,,,2,30_66,m,Wt,2/12/2025,018,4/28/2025,26.54,26.73
FED018_050525_00,Bandit80,DNMT3a,,,2,30_66,m,Wt,2/12/2025,018,4/28/2025,27.57,27.32
FED019_030325,Bandit100,MYT1L,,,1,10_42,f,Wt,12/13/2024,019,3/3/2025,20.25,21.56
FED019_030625_00,FR1,MYT1L,,,1,10_42,f,Wt,12/13/2024,019,3/3/2025,20.25,21.56
FED019_031025_00,Bandit80,MYT1L,,,1,10_42,f,Wt,12/13/2024,019,3/3/2025,20.15,20.63
FED019_033125,Bandit100,DNMT3a,,,2,25_29,m,Wt,1/23/2025,019,3/31/2025,21.37,22.87
FED019_040325_00,FR1,DNMT3a,,,2,25_29,m,Wt,1/23/2025,019,3/31/2025,21.37,22.87
FED019_040725_00,Bandit80,DNMT3a,,,2,25_29,m,Wt,1/23/2025,019,3/31/2025,21.49,22.38
FED019_042825,Bandit100,DNMT3a,,,2,19_45,m,Wt,2/6/2025,019,4/28/2025,23.01,23.22
FED019_050125_00,FR1,DNMT3a,,,2,19_45,m,Wt,2/6/2025,019,4/28/2025,23.01,23.22
FED019_050525_00,Bandit80,DNMT3a,,,2,19_45,m,Wt,2/6/2025,019,4/28/2025,23.34,24.28
FED020_030325,Bandit100,MYT1L,,,1,12_48,f,Wt,12/12/2024,020,3/3/2025,19.24,19.31
FED020_030625_00,FR1,MYT1L,,,1,12_48,f,Wt,12/12/2024,020,3/3/2025,19.24,19.31
FED020_031025_00,Bandit80,MYT1L,,,1,12_48,f,Wt,12/12/2024,020,3/3/2025,18.53,20.23
FED020_042825,Bandit100,DNMT3a,,,2,27_40,m,Wt,2/8/2025,020,4/28/2025,24.9,25.24
FED020_050125_00,FR1,DNMT3a,,,2,27_40,m,Wt,2/8/2025,020,4/28/2025,24.9,25.24
FED020_050525_00,Bandit80,DNMT3a,,,2,27_40,m,Wt,2/8/2025,020,4/28/2025,24.94,25.25
FED022_042825_00,Bandit100,DNMT3a,,,2,28_31,m,Wt,2/8/2025,022,4/28/2025,25.3,25
FED022_050125_00,FR1,DNMT3a,,,2,28_31,m,Wt,2/8/2025,022,4/28/2025,25.3,25
FED022_050525_00,Bandit80,DNMT3a,,,2,28_31,m,Wt,2/8/2025,022,4/28/2025,24.78,25.36
FED024_030325,Bandit100,MYT1L,,,1,3_20,m,Wt,12/13/2024,024,3/3/2025,24.19,25.22
FED024_030625_00,FR1,MYT1L,,,1,3_20,m,Wt,12/13/2024,024,3/3/2025,24.19,25.22
FED024_031025_00,Bandit80,MYT1L,,,1,3_20,m,Wt,12/13/2024,024,3/3/2025,24.21,24.43
FED031_030325,Bandit100,MYT1L,,,1,3_19,m,Wt,12/13/2024,031,3/3/2025,26.74,26.88
FED031_030625_00,FR1,MYT1L,,,1,3_19,m,Wt,12/13/2024,031,3/3/2025,26.74,26.88
FED031_031025_00,Bandit80,MYT1L,,,1,3_19,m,Wt,12/13/2024,031,3/3/2025,25.92,26.05
FED032_030325,Bandit100,MYT1L,,,1,5_22,m,Wt,12/13/2024,032,3/3/2025,26.66,26.44
FED032_030625_00,FR1,MYT1L,,,1,5_22,m,Wt,12/13/2024,032,3/3/2025,26.66,26.44
FED032_031025_00,Bandit80,MYT1L,,,1,5_22,m,Wt,12/13/2024,032,3/3/2025,25.4,26
FED033_030325,Bandit100,MYT1L,,,1,5_26,m,Wt,12/13/2024,033,3/3/2025,24.43,24.94
FED033_030625_00,FR1,MYT1L,,,1,5_26,m,Wt,12/13/2024,033,3/3/2025,24.43,24.94
FED033_031025_00,Bandit80,MYT1L,,,1,5_26,m,Wt,12/13/2024,033,3/3/2025,23.09,23.87
FED034_030325,Bandit100,MYT1L,,,1,1_3,m,Wt,12/12/2024,034,3/3/2025,24.61,24.56
FED034_030625_00,FR1,MYT1L,,,1,1_3,m,Wt,12/12/2024,034,3/3/2025,24.61,24.56
FED034_031025_00,Bandit80,MYT1L,,,1,1_3,m,Wt,12/12/2024,034,3/3/2025,24.21,24.52
FED035_030325,Bandit100,MYT1L,,,1,2_9,m,Wt,12/12/2024,035,3/3/2025,23.28,24.43
FED035_030625_00,FR1,MYT1L,,,1,2_9,m,Wt,12/12/2024,035,3/3/2025,23.28,24.43
FED035_031025_00,Bandit80,MYT1L,,,1,2_9,m,Wt,12/12/2024,035,3/3/2025,22.71,23.59
FED036_030325,Bandit100,MYT1L,,,1,7_30,m,Wt,12/13/2024,036,3/3/2025,26.96,27.54
FED036_030625_00,FR1,MYT1L,,,1,7_30,m,Wt,12/13/2024,036,3/3/2025,26.96,27.54
FED036_031025_00,Bandit80,MYT1L,,,1,7_30,m,Wt,12/13/2024,036,3/3/2025,26.16,25.54
FED037_030325,Bandit100,MYT1L,,,1,8_34,m,Wt,12/13/2024,037,3/3/2025,24.15,24.07
FED037_030625_00,FR1,MYT1L,,,1,8_34,m,Wt,12/13/2024,037,3/3/2025,24.15,24.07
FED037_031025_00,Bandit80,MYT1L,,,1,8_34,m,Wt,12/13/2024,037,3/3/2025,22.89,23.06
FED038_030325,Bandit100,MYT1L,,,1,8_36,m,Wt,12/13/2024,038,3/3/2025,26.43,26.85
FED038_030625_00,FR1,MYT1L,,,1,8_36,m,Wt,12/13/2024,038,3/3/2025,26.43,26.85
FED038_031025_00,Bandit80,MYT1L,,,1,8_36,m,Wt,12/13/2024,038,3/3/2025,25.5,24.9
FED039_030325,Bandit100,MYT1L,,,1,10_44,m,Wt,12/13/2024,039,3/3/2025,27.54,28.15
FED039_030625_00,FR1,MYT1L,,,1,10_44,m,Wt,12/13/2024,039,3/3/2025,27.54,28.15
FED039_031025_00,Bandit80,MYT1L,,,1,10_44,m,Wt,12/13/2024,039,3/3/2025,27.22,27.35
FED040_030325,Bandit100,MYT1L,,,1,12_45,m,Wt,12/12/2024,040,3/3/2025,26.44,26.37
FED040_030625_00,FR1,MYT1L,,,1,12_45,m,Wt,12/12/2024,040,3/3/2025,26.44,26.37
FED040_031025_00,Bandit80,MYT1L,,,1,12_45,m,Wt,12/12/2024,040,3/3/2025,25.59,25.5
,Bandit100,C57Bl6J_Pilot,,,000,29896-1,m,Wt,4/13/2025,008,7/7/2025,30.14,31.02
FED008_070725_00,FR1,C57Bl6J_Pilot,,,000,29896-1,m,Wt,4/13/2025,008,7/7/2025,30.14,31.02
FED008_071125_00,Bandit80,C57Bl6J_Pilot,,,000,29896-1,m,Wt,4/13/2025,008,7/7/2025,29.45,28.2
FED007_070725_00,Bandit100,C57Bl6J_Pilot,,,000,29896-4,m,Wt,4/13/2025,007,7/7/2025,29.52,31.58
FED007_071025_00,FR1,C57Bl6J_Pilot,,,000,29896-4,m,Wt,4/13/2025,007,7/7/2025,29.52,31.58
FED007_071425_00,Bandit80,C57Bl6J_Pilot,,,000,29896-4,m,Wt,4/13/2025,007,7/7/2025,29.21,30.3
FED006_070725_00,Bandit100,C57Bl6J_Pilot,,,000,29861-2,m,Wt,4/14/2025,006,7/7/2025,26.7,24.25
FED006_071025_00,FR1,C57Bl6J_Pilot,,,000,29861-2,m,Wt,4/14/2025,006,7/7/2025,26.7,24.25
FED006_071425_00,Bandit80,C57Bl6J_Pilot,,,000,29861-2,m,Wt,4/14/2025,006,7/7/2025,26.36,25.9
FED010_070725_00,Bandit100,C57Bl6J_Pilot,,,000,29861-5,m,Wt,4/14/2025,010,7/7/2025,27.88,29.13
FED010_071025_00,FR1,C57Bl6J_Pilot,,,000,29861-5,m,Wt,4/14/2025,010,7/7/2025,27.88,29.13
FED010_071425_00,Bandit80,C57Bl6J_Pilot,,,000,29861-5,m,Wt,4/14/2025,010,7/7/2025,27.15,28.3
FED009_070725_00,Bandit100,C57Bl6J_Pilot,,,000,29861-7,m,Wt,4/14/2025,009,7/7/2025,27.91,27.04
FED009_071025_00,FR1,C57Bl6J_Pilot,,,000,29861-7,m,Wt,4/14/2025,009,7/7/2025,27.91,27.04
FED009_071425_01,Bandit80,C57Bl6J_Pilot,,,000,29861-7,m,Wt,4/14/2025,009,7/7/2025,27.33,26.3
FED002_070725_00,Bandit100,C57Bl6J_Pilot,,,000,29860-3,m,Wt,4/15/2025,002,7/7/2025,26.34,26.41
FED002_071025_00,FR1,C57Bl6J_Pilot,,,000,29860-3,m,Wt,4/15/2025,002,7/7/2025,26.34,26.41
FED002_071425_00,Bandit80,C57Bl6J_Pilot,,,000,29860-3,m,Wt,4/15/2025,002,7/7/2025,27.22,26.9
FED004_070725_00,Bandit100,C57Bl6J_Pilot,,,000,29861-1,m,Wt,4/14/2025,004,7/7/2025,26.58,27.34
FED004_071025_00,FR1,C57Bl6J_Pilot,,,000,29861-1,m,Wt,4/14/2025,004,7/7/2025,26.58,27.34
FED004_071425_00,Bandit80,C57Bl6J_Pilot,,,000,29861-1,m,Wt,4/14/2025,004,7/7/2025,26.95,27.2
FED001_070725_00,Bandit100,C57Bl6J_Pilot,,,000,29861-8,m,Wt,4/14/2025,001,7/7/2025,28.55,28.7
FED001_071025_00,FR1,C57Bl6J_Pilot,,,000,29861-8,m,Wt,4/14/2025,001,7/7/2025,28.55,28.7
FED001_071425_00,Bandit80,C57Bl6J_Pilot,,,000,29861-8,m,Wt,4/14/2025,001,7/7/2025,26.3,27.8
FED012_070725_00,Bandit100,C57Bl6J_Pilot,,,000,29896-3,m,Wt,4/13/2025,012,7/7/2025,24.91,26.91
FED012_071025_00,FR1,C57Bl6J_Pilot,,,000,29896-3,m,Wt,4/13/2025,012,7/7/2025,24.91,26.91
FED012_071425_00,Bandit80,C57Bl6J_Pilot,,,000,29896-3,m,Wt,4/13/2025,012,7/7/2025,25.42,26.8
FED017_070725_00,Bandit100,C57Bl6J_Pilot,,,000,29814-1,m,Wt,4/13/2025,017,7/7/2025,26.72,28.98
FED017_071025_00,FR1,C57Bl6J_Pilot,,,000,29814-1,m,Wt,4/13/2025,017,7/7/2025,26.72,28.98
FED017_071425_00,Bandit80,C57Bl6J_Pilot,,,000,29814-1,m,Wt,4/13/2025,017,7/7/2025,26.5,25.1
FED016_070725_00,Bandit100,C57Bl6J_Pilot,,,000,29814-3,m,Wt,4/13/2025,016,7/7/2025,27.94,26.94
,FR1,C57Bl6J_Pilot,,,000,29814-3,m,Wt,4/13/2025,016,7/7/2025,27.94,26.94
FED016_071425_00,Bandit80,C57Bl6J_Pilot,,,000,29814-3,m,Wt,4/13/2025,016,7/7/2025,27.31,28.2
FED015_070725_00,Bandit100,C57Bl6J_Pilot,,,000,29814-4,m,Wt,4/13/2025,015,7/7/2025,26.83,26.27
FED015_071025_00,FR1,C57Bl6J_Pilot,,,000,29814-4,m,Wt,4/13/2025,150,7/7/2025,26.83,26.27
FED015_071425_00,Bandit80,C57Bl6J_Pilot,,,000,29814-4,m,Wt,4/13/2025,015,7/7/2025,27.17,25.5
FED013_070725_00,Bandit100,C57Bl6J_Pilot,,,000,29814-2,m,Wt,4/13/2025,013,7/7/2025,24.76,24.13
FED013_071025_00,FR1,C57Bl6J_Pilot,,,000,29814-2,m,Wt,4/13/2025,013,7/7/2025,24.76,24.13
FED013_071425_00,Bandit80,C57Bl6J_Pilot,,,000,29814-2,m,Wt,4/13/2025,013,7/7/2025,24.51,24.4
,Bandit100,C57Bl6J_Pilot,,,000,29814-7,f,Wt,4/13/2025,023,7/7/2025,19.62,19.85
FED023_071025_00,FR1,C57Bl6J_Pilot,,,000,29814-7,f,Wt,4/13/2025,023,7/7/2025,19.62,19.85
FED023_071425_00,Bandit80,C57Bl6J_Pilot,,,000,29814-7,f,Wt,4/13/2025,023,7/7/2025,19.38,19.4
FED022_070725_00,Bandit100,C57Bl6J_Pilot,,,000,29814-6,f,Wt,4/13/2025,022,7/7/2025,19.59,20.31
FED022_071025_00,FR1,C57Bl6J_Pilot,,,000,29814-6,f,Wt,4/13/2025,022,7/7/2025,19.59,20.31
FED022_071425_00,Bandit80,C57Bl6J_Pilot,,,000,29814-6,f,Wt,4/13/2025,022,7/7/2025,19.94,20.1
FED019_070725_00,Bandit100,C57Bl6J_Pilot,,,000,29814-5,f,Wt,4/13/2025,019,7/7/2025,20.79,21.46
FED019_071025_00,FR1,C57Bl6J_Pilot,,,000,29814-5,f,Wt,4/13/2025,019,7/7/2025,20.79,21.46
FED019_071425_00,Bandit80,C57Bl6J_Pilot,,,000,29814-5,f,Wt,4/13/2025,019,7/7/2025,20.9,21.9
FED018_070725_00,Bandit100,C57Bl6J_Pilot,,,000,29894-1,f,Wt,4/7/2025,018,7/7/2025,17.9,19.72
FED018_071025_00,FR1,C57Bl6J_Pilot,,,000,29894-1,f,Wt,4/7/2025,018,7/7/2025,17.9,19.72
FED018_071425_00,Bandit80,C57Bl6J_Pilot,,,000,29894-1,f,Wt,4/7/2025,018,7/7/2025,18.37,19.1
FED032_070725_00,Bandit100,C57Bl6J_Pilot,,,000,29945-4,f,Wt,5/1/2025,032,7/7/2025,19.14,20.31
FED032_071025_00,FR1,C57Bl6J_Pilot,,,000,29945-4,f,Wt,5/1/2025,032,7/7/2025,19.14,20.31
FED032_071425_00,Bandit80,C57Bl6J_Pilot,,,000,29945-4,f,Wt,5/1/2025,032,7/7/2025,18.35,19.4
FED024_070725_00,Bandit100,C57Bl6J_Pilot,,,000,29945-6,f,Wt,5/1/2025,024,7/7/2025,19.57,21.82
FED024_071025_00,FR1,C57Bl6J_Pilot,,,000,29945-6,f,Wt,5/1/2025,024,7/7/2025,19.57,21.82
FED024_071425_00,Bandit80,C57Bl6J_Pilot,,,000,29945-6,f,Wt,5/1/2025,024,7/7/2025,19.87,20.7
FED026_070725_00,Bandit100,C57Bl6J_Pilot,,,000,29945-3,f,Wt,5/1/2025,026,7/7/2025,18.32,20.41
FED026_071025_00,FR1,C57Bl6J_Pilot,,,000,29945-3,f,Wt,5/1/2025,026,7/7/2025,18.32,20.41
FED026_071425_00,Bandit80,C57Bl6J_Pilot,,,000,29945-3,f,Wt,5/1/2025,026,7/7/2025,19.45,19.9
FED035_070725_00,Bandit100,C57Bl6J_Pilot,,,000,29860-7,f,Wt,4/15/2025,035,7/7/2025,21.48,23.13
FED035_071025_00,FR1,C57Bl6J_Pilot,,,000,29860-7,f,Wt,4/15/2025,035,7/7/2025,21.48,23.13
FED035_071425_00,Bandit80,C57Bl6J_Pilot,,,000,29860-7,f,Wt,4/15/2025,035,7/7/2025,21.78,21.6
FED034_070725_00,Bandit100,C57Bl6J_Pilot,,,000,29860-4,f,Wt,4/15/2025,034,7/7/2025,19.88,19.56
FED034_071025_00,FR1,C57Bl6J_Pilot,,,000,29860-4,f,Wt,4/15/2025,034,7/7/2025,19.88,19.56
FED034_071425_00,Bandit80,C57Bl6J_Pilot,,,000,29860-4,f,Wt,4/15/2025,034,7/7/2025,20.04,21.1
FED030_070725_00,Bandit100,C57Bl6J_Pilot,,,000,29860-1,f,Wt,4/15/2025,030,7/7/2025,20.57,20.21
FED030_071025_00,FR1,C57Bl6J_Pilot,,,000,29860-1,f,Wt,4/15/2025,030,7/7/2025,20.57,20.21
FED030_071425_00,Bandit80,C57Bl6J_Pilot,,,000,29860-1,f,Wt,4/15/2025,030,7/7/2025,20.5,21.2
FED028_070725_00,Bandit100,C57Bl6J_Pilot,,,000,29860-5,f,Wt,4/15/2025,028,7/7/2025,20.11,21.06
FED028_071025_00,FR1,C57Bl6J_Pilot,,,000,29860-5,f,Wt,4/15/2025,028,7/7/2025,20.11,21.06
FED028_071425_00,Bandit80,C57Bl6J_Pilot,,,000,29860-5,f,Wt,4/15/2025,028,7/7/2025,19.82,20.9
,Bandit100,C57Bl6J_Pilot,,,000,29861-3,f,Wt,4/14/2025,027,7/7/2025,21.8,22.25
FED027_071025_00,FR1,C57Bl6J_Pilot,,,000,29861-3,f,Wt,4/14/2025,027,7/7/2025,21.8,22.25
FED014_030524_00,Bandit100,NF1,NF1-1809,,,6930-21,f,Wt,10/7/2023,014,03/05/2024,,
FED021_032524_00,Bandit80,NF1,NF1-1809,,,6931-30,f,Wt,10/7/2023,021,03/25/2024,,
FED024_041524_00,Bandit100,NF1,NF1-1809,,,6928-14,f,Wt,10/5/2023,024,04/15/2024,,
FED024_042324_00,Bandit80,NF1,NF1-1809,,,6928-14,f,Wt,10/5/2023,024,04/15/2024,,
FED025_032524_00,Bandit80,NF1,NF1-1809,,,6928-15,f,Wt,10/5/2023,025,03/25/2024,,
FED031_021924_00,Bandit100,NF1,NF1-ST18,,,6925-2,f,Wt,10/5/2023,031,02/19/2024,,
FED042_030524_00,Bandit100,NF1,NF1-1809,,,6935-56,f,Wt,10/8/2023,042,03/05/2024,,
FED043_030524_00,Bandit100,NF1,NF1-1809,,,6935-59,f,Wt,10/8/2023,043,03/05/2024,,
FED045_030524_00,Bandit100,NF1,NF1-1809,,,6935-61,f,Wt,10/8/2023,045,03/05/2024,,
FED051_030524_00,Bandit100,NF1,NF1-1809,,,6928-16,m,Wt,10/5/2023,051,03/05/2024,,
FED064_032524_00,Bandit80,NF1,NF1-ST18,,,6926-11,m,Wt,10/8/2023,064,03/25/2024,,
FED091_032524_00,Bandit80,NF1,NF1-ST18,,,6925-1,m,Wt,10/5/2023,091,03/25/2024,,
FED092_032524_00,Bandit80,NF1,NF1-ST18,,,6925-3,m,Wt,10/5/2023,092,03/25/2024,,
FED094_032524_00,Bandit80,NF1,NF1-1809,,,6935-57,m,Wt,10/8/2023,094,03/25/2024,,
FED113_021924_00,Bandit100,NF1,NF1-1809,,,6931-32,m,Wt,10/7/2023,113,02/19/2024,,
FED151_042924_00,Bandit100,NF1,NF1-1809,,,6939-13,f,Wt,11/17/2023,151,04/29/2024,,
FED151_050624_00,Bandit80,NF1,NF1-1809,,,6939-13,f,Wt,11/17/2023,151,04/29/2024,,
FED152_041524_00,Bandit100,NF1,NF1-1809,,,6939-14,f,Wt,11/17/2023,152,04/15/2024,,
FED152_042324_00,Bandit80,NF1,NF1-1809,,,6939-14,f,Wt,11/17/2023,152,04/15/2024,,
FED153_062424_00,Bandit100,NF1,NF1-1809,,,6940-30,f,Wt,11/28/2023,153,06/24/2024,,
FED153_070824_00,Bandit80,NF1,NF1-1809,,,6940-30,f,Wt,11/28/2023,153,06/24/2024,,
FED161_041524_00,Bandit100,NF1,NF1-1809,,,6941-29,f,Wt,11/23/2023,161,04/15/2024,,
FED161_042324_00,Bandit80,NF1,NF1-1809,,,6941-29,f,Wt,11/23/2023,161,04/15/2024,,
FED164_062424_00,Bandit100,NF1,NF1-1809,,,6960-42,f,Wt,11/30/2023,164,06/24/2024,,
FED164_070824_00,Bandit80,NF1,NF1-1809,,,6960-42,f,Wt,11/30/2023,164,06/24/2024,,
FED171_041524_00,Bandit100,NF1,NF1-1809,,,6944-19,m,Wt,11/20/2023,171,04/15/2024,,
FED171_042324_00,Bandit80,NF1,NF1-1809,,,6944-19,m,Wt,11/20/2023,171,04/15/2024,,
FED173_042924_00,Bandit100,NF1,NF1-ST18,,,6948-2,m,Wt,11/20/2023,173,04/29/2024,,
FED173_050624_00,Bandit80,NF1,NF1-ST18,,,6948-2,m,Wt,11/20/2023,173,04/29/2024,,
FED174_062424_00,Bandit100,NF1,NF1-1809,,,6960-44,m,Wt,11/30/2023,174,06/24/2024,,
FED174_070924_00,Bandit80,NF1,NF1-1809,,,6960-44,m,Wt,11/30/2023,174,06/24/2024,,
FED175_062424_00,Bandit100,NF1,NF1-ST18,,,6949-10,m,Wt,11/21/2023,175,06/24/2024,,
FED175_070824_00,Bandit80,NF1,NF1-ST18,,,6949-10,m,Wt,11/21/2023,175,06/24/2024,,
FED251_082724_00,Bandit100,NF1,NF1-1809,,,6961-4,f,Wt,1/12/2024,251,08/27/2024,,
FED251_090224_00,Bandit80,NF1,NF1-1809,,,6961-4,f,Wt,1/12/2024,251,08/27/2024,,
FED252_071524_00,Bandit100,NF1,NF1-1809,,,6955-11,f,Wt,1/12/2024,252,07/15/2024,,
FED252_072424_00,Bandit80,NF1,NF1-1809,,,6955-11,f,Wt,1/12/2024,252,07/15/2024,,
FED253_071524_00,Bandit100,NF1,NF1-1809,,,6955-12,f,Wt,1/12/2024,253,07/15/2024,,
FED253_072724_00,Bandit80,NF1,NF1-1809,,,6955-12,f,Wt,1/12/2024,253,07/15/2024,,
FED254_071524_00,Bandit100,NF1,NF1-1809,,,6955-15,f,Wt,1/12/2024,254,07/15/2024,,
FED254_072424_00,Bandit80,NF1,NF1-1809,,,6955-15,f,Wt,1/12/2024,254,07/15/2024,,
FED261_071524_00,Bandit100,NF1,NF1-ST18,,,6953-18,f,Wt,1/19/2024,261,07/15/2024,,
FED261_072424_00,Bandit80,NF1,NF1-ST18,,,6953-18,f,Wt,1/19/2024,261,07/15/2024,,
FED262_071524_00,Bandit100,NF1,NF1-ST18,,,6953-20,f,Wt,1/19/2024,262,07/15/2024,,
FED262_072424_00,Bandit80,NF1,NF1-ST18,,,6953-20,f,Wt,1/19/2024,262,07/15/2024,,
FED263_081224_00,Bandit100,NF1,NF1-ST18,,,6953-22,f,Wt,1/19/2024,263,08/12/2024,,
FED263_081924_00,Bandit80,NF1,NF1-ST18,,,6953-22,f,Wt,1/19/2024,263,08/12/2024,,
FED264_081224_00,Bandit100,NF1,NF1-1809,,,6959-27,f,Wt,1/19/2024,264,08/12/2024,,
FED264_081924_00,Bandit80,NF1,NF1-1809,,,6959-27,f,Wt,1/19/2024,264,08/12/2024,,
FED291_082724_00,Bandit100,NF1,NF1-1809,,,6961-1,m,Wt,1/12/2024,291,08/27/2024,,
FED291_090224_00,Bandit80,NF1,NF1-1809,,,6961-1,m,Wt,1/12/2024,291,08/27/2024,,
FED292_082724_00,Bandit100,NF1,NF1-1809,,,6961-2,m,Wt,1/12/2024,292,08/27/2024,,
FED292_090224_00,Bandit80,NF1,NF1-1809,,,6961-2,m,Wt,1/12/2024,292,08/27/2024,,
FED293_082624_00,Bandit100,NF1,NF1-1809,,,6955-9,m,Wt,1/12/2024,293,08/26/2024,,
FED293_090124_00,Bandit80,NF1,NF1-1809,,,6955-9,m,Wt,1/12/2024,293,08/26/2024,,
FED294_082724_00,Bandit100,NF1,NF1-ST18,,,6953-16,m,Wt,1/19/2024,294,08/27/2024,,
FED294_090224_00,Bandit80,NF1,NF1-ST18,,,6953-16,m,Wt,1/19/2024,294,08/27/2024,,
FED295_082724_00,Bandit100,NF1,NF1-ST18,,,6953-21,m,Wt,1/19/2024,295,08/27/2024,,
FED295_090224_00,Bandit80,NF1,NF1-ST18,,,6953-21,m,Wt,1/19/2024,295,08/27/2024,,
FED301_082724_00,Bandit100,NF1,NF1-ST18,,,6952-23,m,Wt,1/23/2024,301,08/27/2024,,
FED301_090224_00,Bandit80,NF1,NF1-ST18,,,6952-23,m,Wt,1/23/2024,301,08/27/2024,,
FED302_090924_00,Bandit100,NF1,NF1-1809,,,6958-40,m,Wt,1/19/2024,302,09/09/2024,,
FED302_091724_00,Bandit80,NF1,NF1-1809,,,6958-40,m,Wt,1/19/2024,302,09/09/2024,,
FED303_090824_00,Bandit100,NF1,NF1-1809,,,6958-43,m,Wt,1/19/2024,303,09/08/2024,,
FED303_091624_00,Bandit80,NF1,NF1-1809,,,6958-43,m,Wt,1/19/2024,303,09/08/2024,,
FED304_090924_00,Bandit100,NF1,NF1-1809,,,6956-50,m,Wt,1/12/2024,304,09/09/2024,,
FED304_091724_00,Bandit80,NF1,NF1-1809,,,6956-50,m,Wt,1/12/2024,304,09/09/2024,,
FED305_090924_00,Bandit100,NF1,NF1-1809,,,6956-51,m,Wt,1/12/2024,305,09/09/2024,,
FED305_091724_00,Bandit80,NF1,NF1-1809,,,6956-51,m,Wt,1/12/2024,305,09/09/2024,,