MM:DD:YYYY hh:mm:ss,Library_Version,Session_type,Device_Number,Battery_Voltage,Motor_Turns,PelletsToSwitch,Prob_left,Prob_right,Event,High_prob_poke,Left_Poke_Count,Right_Poke_Count,Pellet_Count,Block_Pellet_Count,Retrieval_Time,InterPelletInterval,Poke_Time
7/7/2025 12:48:24,1.17.0,Bandit100,3,4.17,nan,20,0,100,Right,Right,0,1,0,0,nan,nan,0.59
7/7/2025 12:51:15,1.17.0,Bandit100,3,4.17,nan,20,0,100,RightWithPellet,Right,0,1,0,0,nan,nan,0.81
7/7/2025 12:51:31,1.17.0,Bandit100,3,4.17,nan,20,0,100,LeftWithPellet,Right,0,1,0,0,nan,nan,0.71
7/7/2025 12:51:35,1.17.0,Bandit100,3,4.17,nan,20,0,100,LeftWithPellet,Right,0,1,0,0,nan,nan,0.19
7/7/2025 12:51:37,1.17.0,Bandit100,3,4.17,nan,20,0,100,RightWithPellet,Right,0,1,0,0,nan,nan,0.20
7/7/2025 12:53:26,1.17.0,Bandit100,3,4.17,nan,20,0,100,LeftWithPellet,Right,0,1,0,0,nan,nan,0.36
7/7/2025 12:54:41,1.17.0,Bandit100,3,4.17,nan,20,0,100,RightWithPellet,Right,0,1,0,0,nan,nan,0.47
7/7/2025 12:54:56,1.17.0,Bandit100,3,4.17,3,20,0,100,Pellet,Right,0,1,1,0,Timed_out,nan,nan
7/7/2025 12:55:24,1.17.0,Bandit100,3,4.17,nan,20,0,100,Right,Right,0,2,1,1,nan,nan,0.60
7/7/2025 12:55:29,1.17.0,Bandit100,3,4.17,1,20,0,100,Pellet,Right,0,2,2,1,4.49,33,nan
7/7/2025 12:58:45,1.17.0,Bandit100,3,4.18,nan,20,0,100,Left,Right,1,2,2,2,nan,nan,0.19
7/7/2025 13:00:00,1.17.0,Bandit100,3,4.17,nan,20,0,100,Right,Right,1,3,2,2,nan,nan,0.12
7/7/2025 13:00:55,1.17.0,Bandit100,3,4.17,1,20,0,100,Pellet,Right,1,3,3,2,54.66,326,nan
7/7/2025 13:01:09,1.17.0,Bandit100,3,4.17,nan,20,0,100,Right,Right,1,4,3,3,nan,nan,0.41
7/7/2025 13:01:12,1.17.0,Bandit100,3,4.17,nan,20,0,100,LeftWithPellet,Right,1,4,3,3,nan,nan,0.18
7/7/2025 13:02:28,1.17.0,Bandit100,3,4.17,nan,20,0,100,RightWithPellet,Right,1,4,3,3,nan,nan,0.21
7/7/2025 13:02:51,1.17.0,Bandit100,3,4.17,1,20,0,100,Pellet,Right,1,4,4,3,Timed_out,116,nan
7/7/2025 13:05:00,1.17.0,Bandit100,3,4.17,nan,20,0,100,Right,Right,1,5,4,4,nan,nan,0.26
7/7/2025 13:09:20,1.17.0,Bandit100,3,4.17,1,20,0,100,Pellet,Right,1,5,5,4,Timed_out,389,nan
7/7/2025 13:12:59,1.17.0,Bandit100,3,4.17,nan,20,0,100,Left,Right,2,5,5,5,nan,nan,0.16
7/7/2025 13:13:17,1.17.0,Bandit100,3,4.17,nan,20,0,100,Right,Right,2,6,5,5,nan,nan,0.09
7/7/2025 13:13:18,1.17.0,Bandit100,3,4.17,nan,20,0,100,RightDuringDispense,Right,2,6,5,5,nan,nan,0.23
7/7/2025 13:14:44,1.17.0,Bandit100,3,4.16,nan,20,0,100,RightWithPellet,Right,2,6,5,5,nan,nan,0.10
7/7/2025 13:14:57,1.17.0,Bandit100,3,4.17,nan,20,0,100,RightWithPellet,Right,2,6,5,5,nan,nan,0.27
7/7/2025 13:15:00,1.17.0,Bandit100,3,4.17,nan,20,0,100,LeftWithPellet,Right,2,6,5,5,nan,nan,0.22
7/7/2025 13:15:09,1.17.0,Bandit100,3,4.17,nan,20,0,100,LeftWithPellet,Right,2,6,5,5,nan,nan,0.28
7/7/2025 13:15:53,1.17.0,Bandit100,3,4.17,nan,20,0,100,LeftWithPellet,Right,2,6,5,5,nan,nan,0.24
7/7/2025 13:20:11,1.17.0,Bandit100,3,4.17,nan,20,0,100,LeftWithPellet,Right,2,6,5,5,nan,nan,0.30
7/7/2025 13:21:32,1.17.0,Bandit100,3,4.16,nan,20,0,100,LeftWithPellet,Right,2,6,5,5,nan,nan,0.27
7/7/2025 13:22:09,1.17.0,Bandit100,3,4.17,nan,20,0,100,LeftWithPellet,Right,2,6,5,5,nan,nan,0.16
7/7/2025 13:22:10,1.17.0,Bandit100,3,4.16,2,20,0,100,Pellet,Right,2,6,6,5,Timed_out,770,nan
7/7/2025 13:42:36,1.17.0,Bandit100,3,4.17,nan,20,0,100,Left,Right,3,6,6,6,nan,nan,0.03
7/7/2025 13:45:47,1.17.0,Bandit100,3,4.16,nan,20,0,100,Left,Right,4,6,6,6,nan,nan,0.14
7/7/2025 13:45:52,1.17.0,Bandit100,3,4.17,nan,20,0,100,RightinTimeout,Right,4,6,6,6,nan,nan,0.00
7/7/2025 13:45:53,1.17.0,Bandit100,3,4.17,nan,20,0,100,RightinTimeout,Right,4,6,6,6,nan,nan,0.00
7/7/2025 13:45:53,1.17.0,Bandit100,3,4.17,nan,20,0,100,RightinTimeout,Right,4,6,6,6,nan,nan,0.00
7/7/2025 13:47:04,1.17.0,Bandit100,3,4.16,nan,20,0,100,Left,Right,5,6,6,6,nan,nan,0.09
7/7/2025 13:47:08,1.17.0,Bandit100,3,4.17,nan,20,0,100,RightinTimeout,Right,5,6,6,6,nan,nan,0.00
7/7/2025 13:47:09,1.17.0,Bandit100,3,4.16,nan,20,0,100,RightinTimeout,Right,5,6,6,6,nan,nan,0.00
7/7/2025 13:47:09,1.17.0,Bandit100,3,4.17,nan,20,0,100,RightinTimeout,Right,5,6,6,6,nan,nan,0.00
7/7/2025 13:47:09,1.17.0,Bandit100,3,4.16,nan,20,0,100,RightinTimeout,Right,5,6,6,6,nan,nan,0.00
7/7/2025 13:47:21,1.17.0,Bandit100,3,4.17,nan,20,0,100,Left,Right,6,6,6,6,nan,nan,0.30
7/7/2025 14:00:10,1.17.0,Bandit100,3,4.17,nan,20,0,100,Left,Right,7,6,6,6,nan,nan,0.12
7/7/2025 14:04:39,1.17.0,Bandit100,3,4.16,nan,20,0,100,Left,Right,8,6,6,6,nan,nan,0.00
7/7/2025 14:05:42,1.17.0,Bandit100,3,4.17,nan,20,0,100,Right,Right,8,7,6,6,nan,nan,0.51
7/7/2025 14:05:47,1.17.0,Bandit100,3,4.16,1,20,0,100,Pellet,Right,8,7,7,6,4.30,2617,nan
7/7/2025 14:07:30,1.17.0,Bandit100,3,4.17,nan,20,0,100,Right,Right,8,8,7,7,nan,nan,0.22
7/7/2025 14:07:39,1.17.0,Bandit100,3,4.17,1,20,0,100,Pellet,Right,8,8,8,7,8.29,112,nan
7/7/2025 14:11:00,1.17.0,Bandit100,3,4.16,nan,20,0,100,Left,Right,9,8,8,8,nan,nan,0.34
7/7/2025 14:29:20,1.17.0,Bandit100,3,4.16,nan,20,0,100,Right,Right,9,9,8,8,nan,nan,0.07
7/7/2025 14:29:20,1.17.0,Bandit100,3,4.17,nan,20,0,100,RightDuringDispense,Right,9,9,8,8,nan,nan,0.29
7/7/2025 14:29:41,1.17.0,Bandit100,3,4.17,2,20,0,100,Pellet,Right,9,9,9,8,17.76,1322,nan
7/7/2025 14:32:45,1.17.0,Bandit100,3,4.17,nan,20,0,100,Left,Right,10,9,9,9,nan,nan,0.07
7/7/2025 14:32:46,1.17.0,Bandit100,3,4.16,nan,20,0,100,LeftinTimeOut,Right,10,9,9,9,nan,nan,nan
7/7/2025 14:32:51,1.17.0,Bandit100,3,4.16,nan,20,0,100,RightinTimeout,Right,10,9,9,9,nan,nan,0.00
7/7/2025 14:32:51,1.17.0,Bandit100,3,4.16,nan,20,0,100,RightinTimeout,Right,10,9,9,9,nan,nan,0.00
7/7/2025 14:32:51,1.17.0,Bandit100,3,4.16,nan,20,0,100,RightinTimeout,Right,10,9,9,9,nan,nan,0.00
7/7/2025 14:32:52,1.17.0,Bandit100,3,4.16,nan,20,0,100,RightinTimeout,Right,10,9,9,9,nan,nan,0.00
7/7/2025 14:33:54,1.17.0,Bandit100,3,4.17,nan,20,0,100,Right,Right,10,10,9,9,nan,nan,0.46
7/7/2025 14:33:59,1.17.0,Bandit100,3,4.16,1,20,0,100,Pellet,Right,10,10,10,9,4.68,258,nan
7/7/2025 14:35:38,1.17.0,Bandit100,3,4.16,nan,20,0,100,Left,Right,11,10,10,10,nan,nan,0.22
7/7/2025 14:37:14,1.17.0,Bandit100,3,4.16,nan,20,0,100,Left,Right,12,10,10,10,nan,nan,0.23
7/7/2025 14:37:15,1.17.0,Bandit100,3,4.17,nan,20,0,100,LeftinTimeOut,Right,12,10,10,10,nan,nan,nan
7/7/2025 14:39:04,1.17.0,Bandit100,3,4.16,nan,20,0,100,Right,Right,12,11,10,10,nan,nan,0.32
7/7/2025 14:39:20,1.17.0,Bandit100,3,4.16,1,20,0,100,Pellet,Right,12,11,11,10,15.41,321,nan
7/7/2025 15:06:03,1.17.0,Bandit100,3,4.16,nan,20,0,100,Right,Right,12,12,11,11,nan,nan,0.47
7/7/2025 15:06:21,1.17.0,Bandit100,3,4.16,1,20,0,100,Pellet,Right,12,12,12,11,17.51,1621,nan
7/7/2025 15:09:30,1.17.0,Bandit100,3,4.16,nan,20,0,100,Right,Right,12,13,12,12,nan,nan,0.18
7/7/2025 15:10:09,1.17.0,Bandit100,3,4.16,1,20,0,100,Pellet,Right,12,13,13,12,37.76,228,nan
7/7/2025 15:44:39,1.17.0,Bandit100,3,4.16,nan,20,0,100,Right,Right,12,14,13,13,nan,nan,0.50
7/7/2025 15:45:16,1.17.0,Bandit100,3,4.16,1,20,0,100,Pellet,Right,12,14,14,13,35.77,2107,nan
7/7/2025 15:45:23,1.17.0,Bandit100,3,4.16,nan,20,0,100,Left,Right,13,14,14,14,nan,nan,0.01
7/7/2025 15:52:18,1.17.0,Bandit100,3,4.16,nan,20,0,100,Right,Right,13,15,14,14,nan,nan,0.25
7/7/2025 15:52:29,1.17.0,Bandit100,3,4.16,1,20,0,100,Pellet,Right,13,15,15,14,10.27,433,nan
7/7/2025 16:15:03,1.17.0,Bandit100,3,4.16,nan,20,0,100,Right,Right,13,16,15,15,nan,nan,0.26
7/7/2025 16:15:29,1.17.0,Bandit100,3,4.16,1,20,0,100,Pellet,Right,13,16,16,15,24.83,1380,nan
7/7/2025 16:21:41,1.17.0,Bandit100,3,4.16,nan,20,0,100,Right,Right,13,17,16,16,nan,nan,0.40
7/7/2025 16:21:59,1.17.0,Bandit100,3,4.16,1,20,0,100,Pellet,Right,13,17,17,16,16.93,389,nan
7/7/2025 16:25:35,1.17.0,Bandit100,3,4.16,nan,20,0,100,Left,Right,14,17,17,17,nan,nan,0.16
7/7/2025 18:05:41,1.17.0,Bandit100,3,4.15,nan,20,0,100,Right,Right,14,18,17,17,nan,nan,0.24
7/7/2025 18:06:33,1.17.0,Bandit100,3,4.15,1,20,0,100,Pellet,Right,14,18,18,17,51.25,6275,nan
7/7/2025 18:08:27,1.17.0,Bandit100,3,4.15,nan,20,0,100,Left,Right,15,18,18,18,nan,nan,0.04
7/7/2025 18:29:53,1.17.0,Bandit100,3,4.15,nan,20,0,100,Right,Right,15,19,18,18,nan,nan,0.27
7/7/2025 18:30:15,1.17.0,Bandit100,3,4.15,1,20,0,100,Pellet,Right,15,19,19,18,21.08,1422,nan
7/7/2025 18:34:58,1.17.0,Bandit100,3,4.15,nan,20,0,100,Right,Right,15,20,19,19,nan,nan,0.00
7/7/2025 18:36:17,1.17.0,Bandit100,3,4.16,1,20,0,100,Pellet,Right,15,20,20,19,Timed_out,362,nan
7/7/2025 19:39:51,1.17.0,Bandit100,3,4.15,nan,20,100,0,Left,Left,16,20,20,0,nan,nan,0.35
7/7/2025 19:40:06,1.17.0,Bandit100,3,4.15,1,20,100,0,Pellet,Left,16,20,21,0,14.02,3829,nan
7/7/2025 19:43:38,1.17.0,Bandit100,3,4.14,nan,20,100,0,Right,Left,16,21,21,1,nan,nan,0.10
7/7/2025 19:43:44,1.17.0,Bandit100,3,4.15,nan,20,100,0,RightinTimeout,Left,16,21,21,1,nan,nan,0.00
7/7/2025 19:54:29,1.17.0,Bandit100,3,4.15,nan,20,100,0,Right,Left,16,22,21,1,nan,nan,0.44
7/7/2025 19:55:06,1.17.0,Bandit100,3,4.15,nan,20,100,0,Right,Left,16,23,21,1,nan,nan,0.07
7/7/2025 20:09:57,1.17.0,Bandit100,3,4.14,nan,20,100,0,Left,Left,17,23,21,1,nan,nan,0.10
7/7/2025 20:10:28,1.17.0,Bandit100,3,4.15,1,20,100,0,Pellet,Left,17,23,22,1,30.64,1822,nan
7/7/2025 20:16:01,1.17.0,Bandit100,3,4.14,nan,20,100,0,Right,Left,17,24,22,2,nan,nan,0.00
7/7/2025 20:40:11,1.17.0,Bandit100,3,4.14,nan,20,100,0,Left,Left,18,24,22,2,nan,nan,0.21
7/7/2025 20:41:15,1.17.0,Bandit100,3,4.14,1,20,100,0,Pellet,Left,18,24,23,2,Timed_out,1847,nan
7/7/2025 20:49:30,1.17.0,Bandit100,3,4.15,nan,20,100,0,Left,Left,19,24,23,3,nan,nan,0.21
7/7/2025 20:50:54,1.17.0,Bandit100,3,4.15,1,20,100,0,Pellet,Left,19,24,24,3,Timed_out,579,nan
7/7/2025 20:57:38,1.17.0,Bandit100,3,4.14,nan,20,100,0,Left,Left,20,24,24,4,nan,nan,0.06
7/7/2025 20:57:49,1.17.0,Bandit100,3,4.14,1,20,100,0,Pellet,Left,20,24,25,4,9.95,415,nan
7/7/2025 21:00:30,1.17.0,Bandit100,3,4.14,nan,20,100,0,Right,Left,20,25,25,5,nan,nan,0.27
7/7/2025 21:00:30,1.17.0,Bandit100,3,4.15,nan,20,100,0,RightinTimeout,Left,20,25,25,5,nan,nan,0.00
7/7/2025 21:00:35,1.17.0,Bandit100,3,4.14,nan,20,100,0,RightinTimeout,Left,20,25,25,5,nan,nan,0.00
7/7/2025 21:00:35,1.17.0,Bandit100,3,4.14,nan,20,100,0,RightinTimeout,Left,20,25,25,5,nan,nan,0.00
7/7/2025 21:00:38,1.17.0,Bandit100,3,4.15,nan,20,100,0,RightinTimeout,Left,20,25,25,5,nan,nan,0.00
7/7/2025 21:00:38,1.17.0,Bandit100,3,4.14,nan,20,100,0,RightinTimeout,Left,20,25,25,5,nan,nan,0.00
7/7/2025 21:00:38,1.17.0,Bandit100,3,4.14,nan,20,100,0,RightinTimeout,Left,20,25,25,5,nan,nan,0.00
7/7/2025 21:01:24,1.17.0,Bandit100,3,4.15,nan,20,100,0,Left,Left,21,25,25,5,nan,nan,0.44
7/7/2025 21:01:27,1.17.0,Bandit100,3,4.15,1,20,100,0,Pellet,Left,21,25,26,5,2.34,218,nan
7/7/2025 21:02:57,1.17.0,Bandit100,3,4.14,nan,20,100,0,Right,Left,21,26,26,6,nan,nan,0.27
7/7/2025 21:09:48,1.17.0,Bandit100,3,4.14,nan,20,100,0,Right,Left,21,27,26,6,nan,nan,0.02
7/7/2025 21:09:49,1.17.0,Bandit100,3,4.14,nan,20,100,0,RightinTimeout,Left,21,27,26,6,nan,nan,0.00
7/7/2025 21:11:02,1.17.0,Bandit100,3,4.15,nan,20,100,0,Right,Left,21,28,26,6,nan,nan,0.04
7/7/2025 21:11:04,1.17.0,Bandit100,3,4.14,nan,20,100,0,RightinTimeout,Left,21,28,26,6,nan,nan,0.00
7/7/2025 21:11:05,1.17.0,Bandit100,3,4.14,nan,20,100,0,RightinTimeout,Left,21,28,26,6,nan,nan,0.00
7/7/2025 21:11:05,1.17.0,Bandit100,3,4.15,nan,20,100,0,RightinTimeout,Left,21,28,26,6,nan,nan,0.00
7/7/2025 21:11:06,1.17.0,Bandit100,3,4.14,nan,20,100,0,RightinTimeout,Left,21,28,26,6,nan,nan,0.00
7/7/2025 21:12:50,1.17.0,Bandit100,3,4.14,nan,20,100,0,Right,Left,21,29,26,6,nan,nan,0.13
7/7/2025 21:16:57,1.17.0,Bandit100,3,4.14,nan,20,100,0,Right,Left,21,30,26,6,nan,nan,0.17
7/7/2025 21:16:57,1.17.0,Bandit100,3,4.14,nan,20,100,0,RightinTimeout,Left,21,30,26,6,nan,nan,0.00
7/7/2025 21:17:14,1.17.0,Bandit100,3,4.14,nan,20,100,0,Right,Left,21,31,26,6,nan,nan,0.07
7/7/2025 21:17:22,1.17.0,Bandit100,3,4.14,nan,20,100,0,LeftinTimeOut,Left,21,31,26,6,nan,nan,nan
7/7/2025 21:27:20,1.17.0,Bandit100,3,4.14,nan,20,100,0,Right,Left,21,32,26,6,nan,nan,0.02
7/7/2025 21:31:49,1.17.0,Bandit100,3,4.14,nan,20,100,0,Right,Left,21,33,26,6,nan,nan,0.01
7/7/2025 21:32:14,1.17.0,Bandit100,3,4.14,nan,20,100,0,Right,Left,21,34,26,6,nan,nan,0.25
7/7/2025 21:32:38,1.17.0,Bandit100,3,4.14,nan,20,100,0,Left,Left,22,34,26,6,nan,nan,0.02
7/7/2025 21:33:31,1.17.0,Bandit100,3,4.14,1,20,100,0,Pellet,Left,22,34,27,6,52.42,1924,nan
7/7/2025 21:38:18,1.17.0,Bandit100,3,4.14,nan,20,100,0,Right,Left,22,35,27,7,nan,nan,0.04
7/7/2025 21:38:36,1.17.0,Bandit100,3,4.14,nan,20,100,0,Left,Left,23,35,27,7,nan,nan,0.07
7/7/2025 21:38:38,1.17.0,Bandit100,3,4.14,nan,20,100,0,RightWithPellet,Left,23,36,27,7,nan,nan,0.04
7/7/2025 21:38:42,1.17.0,Bandit100,3,4.14,1,20,100,0,Pellet,Left,23,36,28,7,5.97,311,nan
7/7/2025 21:42:43,1.17.0,Bandit100,3,4.14,nan,20,100,0,Right,Left,23,37,28,8,nan,nan,0.03
7/7/2025 21:44:03,1.17.0,Bandit100,3,4.14,nan,20,100,0,Left,Left,24,37,28,8,nan,nan,0.05
7/7/2025 21:44:08,1.17.0,Bandit100,3,4.14,1,20,100,0,Pellet,Left,24,37,29,8,4.18,326,nan
7/7/2025 21:53:19,1.17.0,Bandit100,3,4.14,nan,20,100,0,Left,Left,25,37,29,9,nan,nan,0.12
7/7/2025 21:53:23,1.17.0,Bandit100,3,4.14,1,20,100,0,Pellet,Left,25,37,30,9,3.86,555,nan
7/7/2025 21:54:30,1.17.0,Bandit100,3,4.14,nan,20,100,0,Left,Left,26,37,30,10,nan,nan,0.21
7/7/2025 21:54:35,1.17.0,Bandit100,3,4.14,1,20,100,0,Pellet,Left,26,37,31,10,4.87,72,nan
7/7/2025 21:55:35,1.17.0,Bandit100,3,4.14,nan,20,100,0,Right,Left,26,38,31,11,nan,nan,0.03
7/7/2025 21:56:19,1.17.0,Bandit100,3,4.14,nan,20,100,0,Right,Left,26,39,31,11,nan,nan,0.10
7/7/2025 21:56:19,1.17.0,Bandit100,3,4.14,nan,20,100,0,RightinTimeout,Left,26,39,31,11,nan,nan,0.00
7/7/2025 21:56:20,1.17.0,Bandit100,3,4.14,nan,20,100,0,RightinTimeout,Left,26,39,31,11,nan,nan,0.00
7/7/2025 21:57:43,1.17.0,Bandit100,3,4.14,nan,20,100,0,Right,Left,26,40,31,11,nan,nan,0.10
7/7/2025 22:01:19,1.17.0,Bandit100,3,4.14,nan,20,100,0,Right,Left,26,41,31,11,nan,nan,0.05
7/7/2025 22:08:06,1.17.0,Bandit100,3,4.14,nan,20,100,0,Right,Left,26,42,31,11,nan,nan,0.02
7/7/2025 22:15:25,1.17.0,Bandit100,3,4.14,nan,20,100,0,Right,Left,26,43,31,11,nan,nan,0.18
7/7/2025 22:25:45,1.17.0,Bandit100,3,4.14,nan,20,100,0,Left,Left,27,43,31,11,nan,nan,0.22
7/7/2025 22:25:50,1.17.0,Bandit100,3,4.14,1,20,100,0,Pellet,Left,27,43,32,11,3.61,1875,nan
7/7/2025 22:27:40,1.17.0,Bandit100,3,4.14,nan,20,100,0,Left,Left,28,43,32,12,nan,nan,0.11
7/7/2025 22:27:55,1.17.0,Bandit100,3,4.14,1,20,100,0,Pellet,Left,28,43,33,12,14.15,125,nan
7/7/2025 22:31:11,1.17.0,Bandit100,3,4.14,nan,20,100,0,Left,Left,29,43,33,13,nan,nan,0.02
7/7/2025 22:31:14,1.17.0,Bandit100,3,4.14,nan,20,100,0,LeftWithPellet,Left,29,43,33,13,nan,nan,0.11
7/7/2025 22:31:18,1.17.0,Bandit100,3,4.14,1,20,100,0,Pellet,Left,29,43,34,13,6.28,203,nan
7/7/2025 22:32:43,1.17.0,Bandit100,3,4.14,nan,20,100,0,Right,Left,29,44,34,14,nan,nan,0.16
7/7/2025 22:32:47,1.17.0,Bandit100,3,4.14,nan,20,100,0,RightinTimeout,Left,29,44,34,14,nan,nan,0.00
7/7/2025 22:32:47,1.17.0,Bandit100,3,4.14,nan,20,100,0,RightinTimeout,Left,29,44,34,14,nan,nan,0.00
7/7/2025 22:32:48,1.17.0,Bandit100,3,4.14,nan,20,100,0,RightinTimeout,Left,29,44,34,14,nan,nan,0.00
7/7/2025 22:32:54,1.17.0,Bandit100,3,4.14,nan,20,100,0,LeftinTimeOut,Left,29,44,34,14,nan,nan,nan
7/7/2025 22:32:59,1.17.0,Bandit100,3,4.13,nan,20,100,0,LeftinTimeOut,Left,29,44,34,14,nan,nan,nan
7/7/2025 22:33:05,1.17.0,Bandit100,3,4.14,nan,20,100,0,LeftinTimeOut,Left,29,44,34,14,nan,nan,nan
7/7/2025 22:34:05,1.17.0,Bandit100,3,4.14,nan,20,100,0,Left,Left,30,44,34,14,nan,nan,0.06
7/7/2025 22:34:14,1.17.0,Bandit100,3,4.14,1,20,100,0,Pellet,Left,30,44,35,14,7.92,176,nan
7/7/2025 22:36:38,1.17.0,Bandit100,3,4.14,nan,20,100,0,Right,Left,30,45,35,15,nan,nan,0.00
7/7/2025 22:37:05,1.17.0,Bandit100,3,4.13,nan,20,100,0,Left,Left,31,45,35,15,nan,nan,0.53
7/7/2025 22:37:47,1.17.0,Bandit100,3,4.14,1,20,100,0,Pellet,Left,31,45,36,15,41.27,213,nan
7/7/2025 22:38:56,1.17.0,Bandit100,3,4.14,nan,20,100,0,Right,Left,31,46,36,16,nan,nan,0.04
7/7/2025 22:39:30,1.17.0,Bandit100,3,4.14,nan,20,100,0,Left,Left,32,46,36,16,nan,nan,0.13
7/7/2025 22:39:36,1.17.0,Bandit100,3,4.14,1,20,100,0,Pellet,Left,32,46,37,16,5.13,109,nan
7/7/2025 22:40:26,1.17.0,Bandit100,3,4.14,nan,20,100,0,Left,Left,33,46,37,17,nan,nan,0.38
7/7/2025 22:40:31,1.17.0,Bandit100,3,4.14,1,20,100,0,Pellet,Left,33,46,38,17,3.41,55,nan
7/7/2025 22:41:33,1.17.0,Bandit100,3,4.14,nan,20,100,0,Right,Left,33,47,38,18,nan,nan,0.45
7/7/2025 22:41:34,1.17.0,Bandit100,3,4.14,nan,20,100,0,RightinTimeout,Left,33,47,38,18,nan,nan,0.00
7/7/2025 22:41:36,1.17.0,Bandit100,3,4.14,nan,20,100,0,RightinTimeout,Left,33,47,38,18,nan,nan,0.00
7/7/2025 22:41:38,1.17.0,Bandit100,3,4.14,nan,20,100,0,RightinTimeout,Left,33,47,38,18,nan,nan,0.00
7/7/2025 22:41:38,1.17.0,Bandit100,3,4.14,nan,20,100,0,RightinTimeout,Left,33,47,38,18,nan,nan,0.00
7/7/2025 22:42:15,1.17.0,Bandit100,3,4.14,nan,20,100,0,Left,Left,34,47,38,18,nan,nan,0.39
7/7/2025 22:42:17,1.17.0,Bandit100,3,4.14,nan,20,100,0,LeftWithPellet,Left,34,47,38,18,nan,nan,0.04
7/7/2025 22:42:21,1.17.0,Bandit100,3,4.14,1,20,100,0,Pellet,Left,34,47,39,18,5.85,110,nan
7/7/2025 22:43:17,1.17.0,Bandit100,3,4.14,nan,20,100,0,Left,Left,35,47,39,19,nan,nan,0.72
7/7/2025 22:43:20,1.17.0,Bandit100,3,4.14,nan,20,100,0,LeftWithPellet,Left,35,47,39,19,nan,nan,0.03
7/7/2025 22:43:22,1.17.0,Bandit100,3,4.14,1,20,100,0,Pellet,Left,35,47,40,19,4.75,61,nan
7/7/2025 22:44:47,1.17.0,Bandit100,3,4.14,nan,20,0,100,Right,Right,35,48,40,0,nan,nan,0.14
7/7/2025 22:44:47,1.17.0,Bandit100,3,4.14,nan,20,0,100,RightDuringDispense,Right,35,48,40,0,nan,nan,0.11
7/7/2025 22:45:21,1.17.0,Bandit100,3,4.14,2,20,0,100,Pellet,Right,35,48,41,0,31.08,119,nan
7/7/2025 22:46:48,1.17.0,Bandit100,3,4.14,nan,20,0,100,Left,Right,36,48,41,1,nan,nan,0.27
7/7/2025 22:46:50,1.17.0,Bandit100,3,4.14,nan,20,0,100,LeftinTimeOut,Right,36,48,41,1,nan,nan,nan
7/7/2025 22:46:54,1.17.0,Bandit100,3,4.14,nan,20,0,100,LeftinTimeOut,Right,36,48,41,1,nan,nan,nan
7/7/2025 22:46:54,1.17.0,Bandit100,3,4.13,nan,20,0,100,LeftinTimeOut,Right,36,48,41,1,nan,nan,nan
7/7/2025 22:46:57,1.17.0,Bandit100,3,4.14,nan,20,0,100,LeftinTimeOut,Right,36,48,41,1,nan,nan,nan
7/7/2025 22:46:57,1.17.0,Bandit100,3,4.14,nan,20,0,100,LeftinTimeOut,Right,36,48,41,1,nan,nan,nan
7/7/2025 22:50:10,1.17.0,Bandit100,3,4.14,nan,20,0,100,Left,Right,37,48,41,1,nan,nan,0.22
7/7/2025 22:50:18,1.17.0,Bandit100,3,4.14,nan,20,0,100,RightinTimeout,Right,37,48,41,1,nan,nan,0.00
7/7/2025 22:50:18,1.17.0,Bandit100,3,4.14,nan,20,0,100,RightinTimeout,Right,37,48,41,1,nan,nan,0.00
7/7/2025 22:50:25,1.17.0,Bandit100,3,4.14,nan,20,0,100,RightinTimeout,Right,37,48,41,1,nan,nan,0.00
7/7/2025 22:50:25,1.17.0,Bandit100,3,4.14,nan,20,0,100,RightinTimeout,Right,37,48,41,1,nan,nan,0.00
7/7/2025 23:08:39,1.17.0,Bandit100,3,4.14,nan,20,0,100,Right,Right,37,49,41,1,nan,nan,0.19
7/7/2025 23:09:05,1.17.0,Bandit100,3,4.14,1,20,0,100,Pellet,Right,37,49,42,1,25.08,1424,nan
7/7/2025 23:10:40,1.17.0,Bandit100,3,4.14,nan,20,0,100,Left,Right,38,49,42,2,nan,nan,0.31
7/7/2025 23:11:08,1.17.0,Bandit100,3,4.14,nan,20,0,100,Right,Right,38,50,42,2,nan,nan,0.24
7/7/2025 23:11:55,1.17.0,Bandit100,3,4.14,1,20,0,100,Pellet,Right,38,50,43,2,45.72,170,nan
7/7/2025 23:14:11,1.17.0,Bandit100,3,4.14,nan,20,0,100,Right,Right,38,51,43,3,nan,nan,0.26
7/7/2025 23:14:13,1.17.0,Bandit100,3,4.14,nan,20,0,100,RightWithPellet,Right,38,52,43,3,nan,nan,0.11
7/7/2025 23:14:29,1.17.0,Bandit100,3,4.14,1,20,0,100,Pellet,Right,38,52,44,3,17.34,154,nan
7/7/2025 23:16:20,1.17.0,Bandit100,3,4.14,nan,20,0,100,Left,Right,39,52,44,4,nan,nan,0.63
7/7/2025 23:16:20,1.17.0,Bandit100,3,4.14,nan,20,0,100,LeftinTimeOut,Right,39,52,44,4,nan,nan,nan
7/7/2025 23:16:23,1.17.0,Bandit100,3,4.14,nan,20,0,100,LeftinTimeOut,Right,39,52,44,4,nan,nan,nan
7/7/2025 23:16:24,1.17.0,Bandit100,3,4.14,nan,20,0,100,LeftinTimeOut,Right,39,52,44,4,nan,nan,nan
7/7/2025 23:16:27,1.17.0,Bandit100,3,4.14,nan,20,0,100,LeftinTimeOut,Right,39,52,44,4,nan,nan,nan
7/7/2025 23:16:30,1.17.0,Bandit100,3,4.14,nan,20,0,100,LeftinTimeOut,Right,39,52,44,4,nan,nan,nan
7/7/2025 23:16:30,1.17.0,Bandit100,3,4.14,nan,20,0,100,LeftinTimeOut,Right,39,52,44,4,nan,nan,nan
7/7/2025 23:16:59,1.17.0,Bandit100,3,4.14,nan,20,0,100,Right,Right,39,53,44,4,nan,nan,0.00
7/7/2025 23:17:16,1.17.0,Bandit100,3,4.14,nan,20,0,100,RightWithPellet,Right,39,54,44,4,nan,nan,0.19
7/7/2025 23:17:16,1.17.0,Bandit100,3,4.14,nan,20,0,100,RightWithPellet,Right,39,55,44,4,nan,nan,0.11
7/8/2025 1:13:20,1.17.0,Bandit100,3,4.14,nan,20,0,100,LeftWithPellet,Right,39,55,44,4,nan,nan,0.33
7/8/2025 1:13:26,1.17.0,Bandit100,3,4.13,nan,20,0,100,LeftWithPellet,Right,39,55,44,4,nan,nan,0.50
7/8/2025 1:13:30,1.17.0,Bandit100,3,4.13,nan,20,0,100,LeftWithPellet,Right,39,55,44,4,nan,nan,0.24
7/8/2025 1:13:35,1.17.0,Bandit100,3,4.14,nan,20,0,100,LeftWithPellet,Right,39,55,44,4,nan,nan,0.40
7/8/2025 1:13:37,1.17.0,Bandit100,3,4.12,nan,20,0,100,LeftWithPellet,Right,39,55,44,4,nan,nan,0.35
7/8/2025 1:13:40,1.17.0,Bandit100,3,4.13,nan,20,0,100,LeftWithPellet,Right,39,55,44,4,nan,nan,0.42
7/8/2025 2:04:35,1.17.0,Bandit100,3,4.13,nan,20,0,100,LeftWithPellet,Right,39,55,44,4,nan,nan,0.05
7/8/2025 2:04:41,1.17.0,Bandit100,3,4.13,nan,20,0,100,LeftWithPellet,Right,39,55,44,4,nan,nan,0.32
7/8/2025 2:04:42,1.17.0,Bandit100,3,4.13,nan,20,0,100,LeftWithPellet,Right,39,55,44,4,nan,nan,0.31
7/8/2025 2:04:48,1.17.0,Bandit100,3,4.13,nan,20,0,100,LeftWithPellet,Right,39,55,44,4,nan,nan,0.47
7/8/2025 2:04:49,1.17.0,Bandit100,3,4.12,nan,20,0,100,LeftWithPellet,Right,39,55,44,4,nan,nan,0.38
7/8/2025 2:05:55,1.17.0,Bandit100,3,4.13,1,20,0,100,Pellet,Right,39,55,45,4,Timed_out,10286,nan
7/8/2025 2:08:23,1.17.0,Bandit100,3,4.13,nan,20,0,100,Left,Right,40,55,45,5,nan,nan,0.42
7/8/2025 2:08:25,1.17.0,Bandit100,3,4.13,nan,20,0,100,LeftinTimeOut,Right,40,55,45,5,nan,nan,nan
7/8/2025 2:08:26,1.17.0,Bandit100,3,4.13,nan,20,0,100,LeftinTimeOut,Right,40,55,45,5,nan,nan,nan
7/8/2025 2:08:27,1.17.0,Bandit100,3,4.12,nan,20,0,100,LeftinTimeOut,Right,40,55,45,5,nan,nan,nan
7/8/2025 2:08:34,1.17.0,Bandit100,3,4.13,nan,20,0,100,LeftinTimeOut,Right,40,55,45,5,nan,nan,nan
7/8/2025 2:11:22,1.17.0,Bandit100,3,4.13,nan,20,0,100,Left,Right,41,55,45,5,nan,nan,0.09
7/8/2025 2:11:37,1.17.0,Bandit100,3,4.13,nan,20,0,100,Left,Right,42,55,45,5,nan,nan,0.21
7/8/2025 2:11:42,1.17.0,Bandit100,3,4.13,nan,20,0,100,RightinTimeout,Right,42,55,45,5,nan,nan,0.00
7/8/2025 2:11:42,1.17.0,Bandit100,3,4.13,nan,20,0,100,RightinTimeout,Right,42,55,45,5,nan,nan,0.00
7/8/2025 2:12:07,1.17.0,Bandit100,3,4.13,nan,20,0,100,Right,Right,42,56,45,5,nan,nan,0.23
7/8/2025 2:12:18,1.17.0,Bandit100,3,4.13,1,20,0,100,Pellet,Right,42,56,46,5,11.03,383,nan
7/8/2025 2:15:43,1.17.0,Bandit100,3,4.13,nan,20,0,100,Left,Right,43,56,46,6,nan,nan,0.26
7/8/2025 2:15:50,1.17.0,Bandit100,3,4.12,nan,20,0,100,LeftinTimeOut,Right,43,56,46,6,nan,nan,nan
7/8/2025 2:16:21,1.17.0,Bandit100,3,4.13,nan,20,0,100,Left,Right,44,56,46,6,nan,nan,0.24
7/8/2025 2:16:24,1.17.0,Bandit100,3,4.12,nan,20,0,100,LeftinTimeOut,Right,44,56,46,6,nan,nan,nan
7/8/2025 2:18:43,1.17.0,Bandit100,3,4.13,nan,20,0,100,Left,Right,45,56,46,6,nan,nan,0.00
7/8/2025 2:19:37,1.17.0,Bandit100,3,4.12,nan,20,0,100,Left,Right,46,56,46,6,nan,nan,0.20
7/8/2025 4:09:12,1.17.0,Bandit100,3,4.12,nan,20,0,100,Left,Right,47,56,46,6,nan,nan,0.36
7/8/2025 4:13:51,1.17.0,Bandit100,3,4.12,nan,20,0,100,Left,Right,48,56,46,6,nan,nan,0.47
7/8/2025 4:16:29,1.17.0,Bandit100,3,4.12,nan,20,0,100,Left,Right,49,56,46,6,nan,nan,0.25
7/8/2025 4:16:34,1.17.0,Bandit100,3,4.12,nan,20,0,100,RightinTimeout,Right,49,56,46,6,nan,nan,0.00
7/8/2025 4:17:28,1.17.0,Bandit100,3,4.12,nan,20,0,100,Left,Right,50,56,46,6,nan,nan,0.09
7/8/2025 4:20:14,1.17.0,Bandit100,3,4.12,nan,20,0,100,Right,Right,50,57,46,6,nan,nan,0.16
7/8/2025 4:20:31,1.17.0,Bandit100,3,4.12,1,20,0,100,Pellet,Right,50,57,47,6,15.74,7692,nan
7/8/2025 4:22:20,1.17.0,Bandit100,3,4.12,nan,20,0,100,Left,Right,51,57,47,7,nan,nan,0.21
7/8/2025 4:22:22,1.17.0,Bandit100,3,4.12,nan,20,0,100,LeftinTimeOut,Right,51,57,47,7,nan,nan,nan
7/8/2025 4:22:22,1.17.0,Bandit100,3,4.12,nan,20,0,100,LeftinTimeOut,Right,51,57,47,7,nan,nan,nan
7/8/2025 4:22:28,1.17.0,Bandit100,3,4.12,nan,20,0,100,LeftinTimeOut,Right,51,57,47,7,nan,nan,nan
7/8/2025 4:22:29,1.17.0,Bandit100,3,4.12,nan,20,0,100,LeftinTimeOut,Right,51,57,47,7,nan,nan,nan
7/8/2025 4:22:29,1.17.0,Bandit100,3,4.12,nan,20,0,100,LeftinTimeOut,Right,51,57,47,7,nan,nan,nan
7/8/2025 4:24:50,1.17.0,Bandit100,3,4.12,nan,20,0,100,Right,Right,51,58,47,7,nan,nan,0.23
7/8/2025 4:25:11,1.17.0,Bandit100,3,4.12,1,20,0,100,Pellet,Right,51,58,48,7,19.99,281,nan
7/8/2025 5:14:44,1.17.0,Bandit100,3,4.12,nan,20,0,100,Left,Right,52,58,48,8,nan,nan,0.10
7/8/2025 5:15:34,1.17.0,Bandit100,3,4.12,nan,20,0,100,Left,Right,53,58,48,8,nan,nan,0.48
7/8/2025 6:29:07,1.17.0,Bandit100,3,4.12,nan,20,0,100,Left,Right,54,58,48,8,nan,nan,0.05
7/8/2025 8:04:31,1.17.0,Bandit100,3,4.12,nan,20,0,100,Left,Right,55,58,48,8,nan,nan,0.36
7/8/2025 8:09:03,1.17.0,Bandit100,3,4.12,nan,20,0,100,Right,Right,55,59,48,8,nan,nan,0.31
7/8/2025 8:09:16,1.17.0,Bandit100,3,4.12,1,20,0,100,Pellet,Right,55,59,49,8,12.50,13445,nan
7/8/2025 8:11:29,1.17.0,Bandit100,3,4.12,nan,20,0,100,Right,Right,55,60,49,9,nan,nan,0.05
7/8/2025 8:11:38,1.17.0,Bandit100,3,4.12,1,20,0,100,Pellet,Right,55,60,50,9,8.62,142,nan
7/8/2025 8:14:03,1.17.0,Bandit100,3,4.12,nan,20,0,100,Right,Right,55,61,50,10,nan,nan,0.03
7/8/2025 8:14:11,1.17.0,Bandit100,3,4.12,1,20,0,100,Pellet,Right,55,61,51,10,7.29,153,nan
7/8/2025 8:15:51,1.17.0,Bandit100,3,4.12,nan,20,0,100,Right,Right,55,62,51,11,nan,nan,0.35
7/8/2025 8:16:00,1.17.0,Bandit100,3,4.12,1,20,0,100,Pellet,Right,55,62,52,11,8.81,109,nan
7/8/2025 8:17:38,1.17.0,Bandit100,3,4.12,nan,20,0,100,Right,Right,55,63,52,12,nan,nan,0.05
7/8/2025 8:17:45,1.17.0,Bandit100,3,4.11,1,20,0,100,Pellet,Right,55,63,53,12,6.84,105,nan
7/8/2025 8:19:27,1.17.0,Bandit100,3,4.12,nan,20,0,100,Right,Right,55,64,53,13,nan,nan,0.19
7/8/2025 8:19:43,1.17.0,Bandit100,3,4.12,nan,20,0,100,RightWithPellet,Right,55,65,53,13,nan,nan,0.04
7/8/2025 8:20:16,1.17.0,Bandit100,3,4.11,1,20,0,100,Pellet,Right,55,65,54,13,48.50,151,nan
7/8/2025 8:22:07,1.17.0,Bandit100,3,4.12,nan,20,0,100,Right,Right,55,66,54,14,nan,nan,0.04
7/8/2025 8:22:15,1.17.0,Bandit100,3,4.11,nan,20,0,100,LeftWithPellet,Right,55,66,54,14,nan,nan,0.02
7/8/2025 8:22:16,1.17.0,Bandit100,3,4.11,nan,20,0,100,LeftWithPellet,Right,55,66,54,14,nan,nan,0.37
7/8/2025 8:22:21,1.17.0,Bandit100,3,4.11,1,20,0,100,Pellet,Right,55,66,55,14,12.89,125,nan
7/8/2025 8:26:24,1.17.0,Bandit100,3,4.12,nan,20,0,100,Left,Right,56,66,55,15,nan,nan,0.14
7/8/2025 8:27:37,1.17.0,Bandit100,3,4.12,nan,20,0,100,Right,Right,56,67,55,15,nan,nan,0.19
7/8/2025 8:27:49,1.17.0,Bandit100,3,4.12,1,20,0,100,Pellet,Right,56,67,56,15,11.04,328,nan
7/8/2025 8:30:01,1.17.0,Bandit100,3,4.12,nan,20,0,100,Left,Right,57,67,56,16,nan,nan,0.02
7/8/2025 8:30:06,1.17.0,Bandit100,3,4.11,nan,20,0,100,LeftinTimeOut,Right,57,67,56,16,nan,nan,nan
7/8/2025 8:30:20,1.17.0,Bandit100,3,4.11,nan,20,0,100,Left,Right,58,67,56,16,nan,nan,0.45
7/8/2025 8:30:20,1.17.0,Bandit100,3,4.12,nan,20,0,100,LeftinTimeOut,Right,58,67,56,16,nan,nan,nan
7/8/2025 8:31:17,1.17.0,Bandit100,3,4.12,nan,20,0,100,Right,Right,58,68,56,16,nan,nan,0.13
7/8/2025 8:31:29,1.17.0,Bandit100,3,4.12,1,20,0,100,Pellet,Right,58,68,57,16,10.85,220,nan
7/8/2025 8:47:39,1.17.0,Bandit100,3,4.11,nan,20,0,100,Right,Right,58,69,57,17,nan,nan,0.33
7/8/2025 8:47:51,1.17.0,Bandit100,3,4.12,nan,20,0,100,RightWithPellet,Right,58,70,57,17,nan,nan,0.40
7/8/2025 8:48:00,1.17.0,Bandit100,3,4.12,nan,20,0,100,RightWithPellet,Right,58,71,57,17,nan,nan,0.16
7/8/2025 8:48:11,1.17.0,Bandit100,3,4.11,nan,20,0,100,RightWithPellet,Right,58,72,57,17,nan,nan,0.11
7/8/2025 8:48:21,1.17.0,Bandit100,3,4.11,nan,20,0,100,RightWithPellet,Right,58,73,57,17,nan,nan,0.05
7/8/2025 8:48:31,1.17.0,Bandit100,3,4.12,1,20,0,100,Pellet,Right,58,73,58,17,50.42,1022,nan
7/8/2025 8:52:20,1.17.0,Bandit100,3,4.11,nan,20,0,100,Left,Right,59,73,58,18,nan,nan,0.09
7/8/2025 8:53:41,1.17.0,Bandit100,3,4.11,nan,20,0,100,Right,Right,59,74,58,18,nan,nan,0.23
7/8/2025 8:53:58,1.17.0,Bandit100,3,4.11,nan,20,0,100,RightWithPellet,Right,59,75,58,18,nan,nan,0.15
7/8/2025 10:06:39,1.17.0,Bandit100,3,4.11,1,20,0,100,Pellet,Right,59,75,59,18,Timed_out,4688,nan
7/8/2025 10:09:20,1.17.0,Bandit100,3,4.11,nan,20,0,100,Left,Right,60,75,59,19,nan,nan,0.08
7/8/2025 10:09:25,1.17.0,Bandit100,3,4.11,nan,20,0,100,RightinTimeout,Right,60,75,59,19,nan,nan,0.00
7/8/2025 10:09:28,1.17.0,Bandit100,3,4.11,nan,20,0,100,RightinTimeout,Right,60,75,59,19,nan,nan,0.00
7/8/2025 10:09:41,1.17.0,Bandit100,3,4.11,nan,20,0,100,Right,Right,60,76,59,19,nan,nan,0.16
7/8/2025 10:09:50,1.17.0,Bandit100,3,4.11,1,20,0,100,Pellet,Right,60,76,60,19,8.36,191,nan
7/8/2025 10:12:15,1.17.0,Bandit100,3,4.11,nan,20,100,0,Left,Left,61,76,60,0,nan,nan,0.13
7/8/2025 10:12:23,1.17.0,Bandit100,3,4.11,1,20,100,0,Pellet,Left,61,76,61,0,7.54,153,nan
7/8/2025 10:14:31,1.17.0,Bandit100,3,4.11,nan,20,100,0,Right,Left,61,77,61,1,nan,nan,0.21
7/8/2025 10:14:32,1.17.0,Bandit100,3,4.11,nan,20,100,0,RightinTimeout,Left,61,77,61,1,nan,nan,0.00
7/8/2025 10:14:45,1.17.0,Bandit100,3,4.11,nan,20,100,0,Right,Left,61,78,61,1,nan,nan,0.43
7/8/2025 10:14:47,1.17.0,Bandit100,3,4.11,nan,20,100,0,RightinTimeout,Left,61,78,61,1,nan,nan,0.00
7/8/2025 10:14:49,1.17.0,Bandit100,3,4.11,nan,20,100,0,RightinTimeout,Left,61,78,61,1,nan,nan,0.00
7/8/2025 10:14:49,1.17.0,Bandit100,3,4.11,nan,20,100,0,RightinTimeout,Left,61,78,61,1,nan,nan,0.00
7/8/2025 10:15:31,1.17.0,Bandit100,3,4.11,nan,20,100,0,Right,Left,61,79,61,1,nan,nan,0.37
7/8/2025 10:16:45,1.17.0,Bandit100,3,4.11,nan,20,100,0,Right,Left,61,80,61,1,nan,nan,0.09
7/8/2025 10:18:09,1.17.0,Bandit100,3,4.11,nan,20,100,0,Left,Left,62,80,61,1,nan,nan,0.33
7/8/2025 10:18:15,1.17.0,Bandit100,3,4.11,1,20,100,0,Pellet,Left,62,80,62,1,5.00,352,nan
7/8/2025 10:20:36,1.17.0,Bandit100,3,4.11,nan,20,100,0,Left,Left,63,80,62,2,nan,nan,0.05
7/8/2025 10:20:43,1.17.0,Bandit100,3,4.11,1,20,100,0,Pellet,Left,63,80,63,2,5.95,148,nan
7/8/2025 10:24:55,1.17.0,Bandit100,3,4.11,nan,20,100,0,Left,Left,64,80,63,3,nan,nan,0.10
7/8/2025 10:25:01,1.17.0,Bandit100,3,4.11,nan,20,100,0,LeftWithPellet,Left,64,80,63,3,nan,nan,0.16
7/8/2025 10:25:02,1.17.0,Bandit100,3,4.11,nan,20,100,0,LeftWithPellet,Left,64,80,63,3,nan,nan,0.08
7/8/2025 10:25:05,1.17.0,Bandit100,3,4.11,1,20,100,0,Pellet,Left,64,80,64,3,9.18,262,nan
7/8/2025 10:26:47,1.17.0,Bandit100,3,4.11,nan,20,100,0,Left,Left,65,80,64,4,nan,nan,0.16
7/8/2025 10:26:54,1.17.0,Bandit100,3,4.11,1,20,100,0,Pellet,Left,65,80,65,4,7.10,109,nan
7/8/2025 11:26:44,1.17.0,Bandit100,3,4.11,nan,20,100,0,Left,Left,66,80,65,5,nan,nan,0.63
7/8/2025 11:26:59,1.17.0,Bandit100,3,4.11,1,20,100,0,Pellet,Left,66,80,66,5,13.64,3604,nan
7/8/2025 11:34:06,1.17.0,Bandit100,3,4.11,nan,20,100,0,Right,Left,66,81,66,6,nan,nan,0.71
7/8/2025 11:34:26,1.17.0,Bandit100,3,4.11,nan,20,100,0,Left,Left,67,81,66,6,nan,nan,0.67
7/8/2025 11:44:18,1.17.0,Bandit100,3,4.11,nan,20,100,0,RightWithPellet,Left,67,81,66,6,nan,nan,0.07
7/8/2025 11:44:21,1.17.0,Bandit100,3,4.11,nan,20,100,0,RightWithPellet,Left,67,81,66,6,nan,nan,0.35
7/8/2025 11:47:25,1.17.0,Bandit100,3,4.11,nan,20,100,0,RightWithPellet,Left,67,81,66,6,nan,nan,0.41
7/8/2025 11:47:26,1.17.0,Bandit100,3,4.11,nan,20,100,0,RightWithPellet,Left,67,81,66,6,nan,nan,0.23
7/8/2025 11:50:26,1.17.0,Bandit100,3,4.11,nan,20,100,0,LeftWithPellet,Left,67,81,66,6,nan,nan,0.43
7/8/2025 11:57:24,1.17.0,Bandit100,3,4.11,nan,20,100,0,RightWithPellet,Left,67,81,66,6,nan,nan,0.24
7/8/2025 11:57:30,1.17.0,Bandit100,3,4.11,nan,20,100,0,LeftWithPellet,Left,67,81,66,6,nan,nan,0.12
7/8/2025 11:58:12,1.17.0,Bandit100,3,4.11,nan,20,100,0,LeftWithPellet,Left,67,81,66,6,nan,nan,0.15
7/8/2025 12:02:16,1.17.0,Bandit100,3,4.11,nan,20,100,0,RightWithPellet,Left,67,81,66,6,nan,nan,0.34
7/8/2025 12:02:24,1.17.0,Bandit100,3,4.11,nan,20,100,0,LeftWithPellet,Left,67,81,66,6,nan,nan,0.24
7/8/2025 12:06:36,1.17.0,Bandit100,3,4.11,nan,20,100,0,RightWithPellet,Left,67,81,66,6,nan,nan,0.05
7/8/2025 12:06:45,1.17.0,Bandit100,3,4.11,2,20,100,0,Pellet,Left,67,81,67,6,Timed_out,2387,nan
7/8/2025 12:15:06,1.17.0,Bandit100,3,4.11,nan,20,100,0,Right,Left,67,82,67,7,nan,nan,0.45
7/8/2025 12:15:09,1.17.0,Bandit100,3,4.11,nan,20,100,0,RightinTimeout,Left,67,82,67,7,nan,nan,0.00
7/8/2025 12:15:09,1.17.0,Bandit100,3,4.11,nan,20,100,0,RightinTimeout,Left,67,82,67,7,nan,nan,0.00
7/8/2025 12:15:10,1.17.0,Bandit100,3,4.11,nan,20,100,0,RightinTimeout,Left,67,82,67,7,nan,nan,0.00
7/8/2025 12:15:17,1.17.0,Bandit100,3,4.11,nan,20,100,0,RightinTimeout,Left,67,82,67,7,nan,nan,0.00
7/8/2025 12:15:17,1.17.0,Bandit100,3,4.11,nan,20,100,0,RightinTimeout,Left,67,82,67,7,nan,nan,0.00
7/8/2025 12:15:19,1.17.0,Bandit100,3,4.10,nan,20,100,0,RightinTimeout,Left,67,82,67,7,nan,nan,0.00
7/8/2025 12:15:19,1.17.0,Bandit100,3,4.11,nan,20,100,0,RightinTimeout,Left,67,82,67,7,nan,nan,0.00
7/8/2025 12:15:51,1.17.0,Bandit100,3,4.11,nan,20,100,0,Right,Left,67,83,67,7,nan,nan,0.31
7/8/2025 12:15:57,1.17.0,Bandit100,3,4.11,nan,20,100,0,RightinTimeout,Left,67,83,67,7,nan,nan,0.00
7/8/2025 12:15:57,1.17.0,Bandit100,3,4.11,nan,20,100,0,RightinTimeout,Left,67,83,67,7,nan,nan,0.00
7/8/2025 12:15:59,1.17.0,Bandit100,3,4.11,nan,20,100,0,LeftinTimeOut,Left,67,83,67,7,nan,nan,nan
7/8/2025 12:16:25,1.17.0,Bandit100,3,4.11,nan,20,100,0,Left,Left,68,83,67,7,nan,nan,0.22
7/8/2025 12:16:37,1.17.0,Bandit100,3,4.11,nan,20,100,0,LeftWithPellet,Left,68,83,67,7,nan,nan,0.04
7/8/2025 12:16:41,1.17.0,Bandit100,3,4.11,nan,20,100,0,RightWithPellet,Left,68,84,67,7,nan,nan,0.28
7/8/2025 12:23:11,1.17.0,Bandit100,3,4.11,1,20,100,0,Pellet,Left,68,84,68,7,Timed_out,986,nan
7/8/2025 12:26:21,1.17.0,Bandit100,3,4.11,nan,20,100,0,Right,Left,68,85,68,8,nan,nan,0.05
7/8/2025 12:26:23,1.17.0,Bandit100,3,4.11,nan,20,100,0,RightinTimeout,Left,68,85,68,8,nan,nan,0.00
7/8/2025 12:26:23,1.17.0,Bandit100,3,4.11,nan,20,100,0,RightinTimeout,Left,68,85,68,8,nan,nan,0.00
7/8/2025 12:29:07,1.17.0,Bandit100,3,4.11,nan,20,100,0,Left,Left,69,85,68,8,nan,nan,0.02
7/8/2025 12:31:06,1.17.0,Bandit100,3,4.11,1,20,100,0,Pellet,Left,69,85,69,8,Timed_out,475,nan
7/8/2025 12:35:23,1.17.0,Bandit100,3,4.11,nan,20,100,0,Right,Left,69,86,69,9,nan,nan,0.71
7/8/2025 12:37:19,1.17.0,Bandit100,3,4.11,nan,20,100,0,Left,Left,70,86,69,9,nan,nan,0.39
7/8/2025 12:37:30,1.17.0,Bandit100,3,4.11,1,20,100,0,Pellet,Left,70,86,70,9,10.27,384,nan
7/8/2025 12:40:42,1.17.0,Bandit100,3,4.11,nan,20,100,0,Right,Left,70,87,70,10,nan,nan,0.24
7/8/2025 12:40:44,1.17.0,Bandit100,3,4.11,nan,20,100,0,RightinTimeout,Left,70,87,70,10,nan,nan,0.00
7/8/2025 12:40:44,1.17.0,Bandit100,3,4.11,nan,20,100,0,RightinTimeout,Left,70,87,70,10,nan,nan,0.00
7/8/2025 12:40:44,1.17.0,Bandit100,3,4.10,nan,20,100,0,RightinTimeout,Left,70,87,70,10,nan,nan,0.00
7/8/2025 12:43:19,1.17.0,Bandit100,3,4.11,nan,20,100,0,Right,Left,70,88,70,10,nan,nan,0.17
7/8/2025 12:43:20,1.17.0,Bandit100,3,4.11,nan,20,100,0,RightinTimeout,Left,70,88,70,10,nan,nan,0.00
7/8/2025 12:45:36,1.17.0,Bandit100,3,4.11,nan,20,100,0,Right,Left,70,89,70,10,nan,nan,0.14
7/8/2025 12:56:50,1.17.0,Bandit100,3,4.11,nan,20,100,0,Right,Left,70,90,70,10,nan,nan,0.21
7/8/2025 12:56:53,1.17.0,Bandit100,3,4.11,nan,20,100,0,RightinTimeout,Left,70,90,70,10,nan,nan,0.00
7/8/2025 12:56:53,1.17.0,Bandit100,3,4.11,nan,20,100,0,RightinTimeout,Left,70,90,70,10,nan,nan,0.00
7/8/2025 12:57:36,1.17.0,Bandit100,3,4.11,nan,20,100,0,Left,Left,71,90,70,10,nan,nan,0.08
7/8/2025 12:58:12,1.17.0,Bandit100,3,4.11,1,20,100,0,Pellet,Left,71,90,71,10,34.50,1242,nan
7/8/2025 13:04:29,1.17.0,Bandit100,3,4.11,nan,20,100,0,Right,Left,71,91,71,11,nan,nan,0.73
7/8/2025 13:04:40,1.17.0,Bandit100,3,4.11,nan,20,100,0,LeftinTimeOut,Left,71,91,71,11,nan,nan,nan
7/8/2025 13:12:35,1.17.0,Bandit100,3,4.11,nan,20,100,0,Right,Left,71,92,71,11,nan,nan,0.22
7/8/2025 13:12:37,1.17.0,Bandit100,3,4.11,nan,20,100,0,RightinTimeout,Left,71,92,71,11,nan,nan,0.00
7/8/2025 13:12:37,1.17.0,Bandit100,3,4.11,nan,20,100,0,RightinTimeout,Left,71,92,71,11,nan,nan,0.00
7/8/2025 13:24:35,1.17.0,Bandit100,3,4.11,nan,20,100,0,Left,Left,72,92,71,11,nan,nan,0.07
7/8/2025 13:24:55,1.17.0,Bandit100,3,4.11,nan,20,100,0,RightWithPellet,Left,72,93,71,11,nan,nan,0.01
7/8/2025 13:25:05,1.17.0,Bandit100,3,4.11,nan,20,100,0,LeftWithPellet,Left,72,93,71,11,nan,nan,0.06
7/8/2025 13:25:08,1.17.0,Bandit100,3,4.11,1,20,100,0,Pellet,Left,72,93,72,11,32.42,1616,nan
7/8/2025 13:36:57,1.17.0,Bandit100,3,4.11,nan,20,100,0,Right,Left,72,94,72,12,nan,nan,0.27
7/8/2025 13:39:40,1.17.0,Bandit100,3,4.10,nan,20,100,0,Right,Left,72,95,72,12,nan,nan,0.28
7/8/2025 13:41:50,1.17.0,Bandit100,3,4.10,nan,20,100,0,Left,Left,73,95,72,12,nan,nan,0.15
7/8/2025 13:42:18,1.17.0,Bandit100,3,4.11,1,20,100,0,Pellet,Left,73,95,73,12,27.12,1030,nan
7/8/2025 13:56:25,1.17.0,Bandit100,3,4.11,nan,20,100,0,Right,Left,73,96,73,13,nan,nan,0.04
7/8/2025 13:58:35,1.17.0,Bandit100,3,4.11,nan,20,100,0,Right,Left,73,97,73,13,nan,nan,0.33
7/8/2025 13:58:39,1.17.0,Bandit100,3,4.11,nan,20,100,0,LeftinTimeOut,Left,73,97,73,13,nan,nan,nan
7/8/2025 13:58:44,1.17.0,Bandit100,3,4.11,nan,20,100,0,LeftinTimeOut,Left,73,97,73,13,nan,nan,nan
7/8/2025 13:58:48,1.17.0,Bandit100,3,4.10,nan,20,100,0,RightinTimeout,Left,73,97,73,13,nan,nan,0.00
7/8/2025 13:58:48,1.17.0,Bandit100,3,4.11,nan,20,100,0,RightinTimeout,Left,73,97,73,13,nan,nan,0.00
7/8/2025 13:58:48,1.17.0,Bandit100,3,4.11,nan,20,100,0,RightinTimeout,Left,73,97,73,13,nan,nan,0.00
7/8/2025 13:58:49,1.17.0,Bandit100,3,4.10,nan,20,100,0,RightinTimeout,Left,73,97,73,13,nan,nan,0.00
7/8/2025 13:58:52,1.17.0,Bandit100,3,4.11,nan,20,100,0,RightinTimeout,Left,73,97,73,13,nan,nan,0.00
7/8/2025 14:03:09,1.17.0,Bandit100,3,4.10,nan,20,100,0,Right,Left,73,98,73,13,nan,nan,0.60
7/8/2025 14:03:10,1.17.0,Bandit100,3,4.11,nan,20,100,0,RightinTimeout,Left,73,98,73,13,nan,nan,0.00
7/8/2025 14:03:10,1.17.0,Bandit100,3,4.11,nan,20,100,0,RightinTimeout,Left,73,98,73,13,nan,nan,0.00
7/8/2025 14:03:10,1.17.0,Bandit100,3,4.11,nan,20,100,0,RightinTimeout,Left,73,98,73,13,nan,nan,0.00
7/8/2025 14:03:12,1.17.0,Bandit100,3,4.10,nan,20,100,0,RightinTimeout,Left,73,98,73,13,nan,nan,0.00
7/8/2025 14:03:12,1.17.0,Bandit100,3,4.11,nan,20,100,0,RightinTimeout,Left,73,98,73,13,nan,nan,0.00
7/8/2025 14:03:15,1.17.0,Bandit100,3,4.10,nan,20,100,0,RightinTimeout,Left,73,98,73,13,nan,nan,0.00
7/8/2025 14:16:41,1.17.0,Bandit100,3,4.10,nan,20,100,0,Right,Left,73,99,73,13,nan,nan,0.16
7/8/2025 14:17:02,1.17.0,Bandit100,3,4.10,nan,20,100,0,Right,Left,73,100,73,13,nan,nan,0.23
7/8/2025 14:17:14,1.17.0,Bandit100,3,4.10,nan,20,100,0,Right,Left,73,101,73,13,nan,nan,0.44
7/8/2025 14:17:27,1.17.0,Bandit100,3,4.10,nan,20,100,0,Right,Left,73,102,73,13,nan,nan,0.56
7/8/2025 14:17:32,1.17.0,Bandit100,3,4.10,nan,20,100,0,LeftinTimeOut,Left,73,102,73,13,nan,nan,nan
7/8/2025 14:17:34,1.17.0,Bandit100,3,4.11,nan,20,100,0,LeftinTimeOut,Left,73,102,73,13,nan,nan,nan
7/8/2025 14:23:42,1.17.0,Bandit100,3,4.10,nan,20,100,0,Left,Left,74,102,73,13,nan,nan,0.05
7/8/2025 14:23:47,1.17.0,Bandit100,3,4.11,nan,20,100,0,LeftWithPellet,Left,74,102,73,13,nan,nan,0.14
7/8/2025 14:23:51,1.17.0,Bandit100,3,4.10,1,20,100,0,Pellet,Left,74,102,74,13,8.86,2493,nan
7/8/2025 14:34:53,1.17.0,Bandit100,3,4.11,nan,20,100,0,Right,Left,74,103,74,14,nan,nan,0.02
7/8/2025 14:34:55,1.17.0,Bandit100,3,4.10,nan,20,100,0,RightinTimeout,Left,74,103,74,14,nan,nan,0.00
7/8/2025 14:34:55,1.17.0,Bandit100,3,4.10,nan,20,100,0,RightinTimeout,Left,74,103,74,14,nan,nan,0.00
7/8/2025 14:35:16,1.17.0,Bandit100,3,4.11,nan,20,100,0,Left,Left,75,103,74,14,nan,nan,0.12
7/8/2025 14:35:26,1.17.0,Bandit100,3,4.10,1,20,100,0,Pellet,Left,75,103,75,14,9.06,695,nan
7/8/2025 14:48:03,1.17.0,Bandit100,3,4.10,nan,20,100,0,Left,Left,76,103,75,15,nan,nan,0.18
7/8/2025 14:48:17,1.17.0,Bandit100,3,4.10,1,20,100,0,Pellet,Left,76,103,76,15,13.63,771,nan
7/8/2025 14:58:38,1.17.0,Bandit100,3,4.10,nan,20,100,0,Right,Left,76,104,76,16,nan,nan,0.15
7/8/2025 15:47:18,1.17.0,Bandit100,3,4.10,nan,20,100,0,Right,Left,76,105,76,16,nan,nan,0.02
7/8/2025 15:49:08,1.17.0,Bandit100,3,4.10,nan,20,100,0,Right,Left,76,106,76,16,nan,nan,0.06
7/8/2025 15:52:41,1.17.0,Bandit100,3,4.10,nan,20,100,0,Right,Left,76,107,76,16,nan,nan,0.29
7/8/2025 15:52:42,1.17.0,Bandit100,3,4.09,nan,20,100,0,RightinTimeout,Left,76,107,76,16,nan,nan,0.00
7/8/2025 15:52:43,1.17.0,Bandit100,3,4.09,nan,20,100,0,RightinTimeout,Left,76,107,76,16,nan,nan,0.00
7/8/2025 15:52:45,1.17.0,Bandit100,3,4.10,nan,20,100,0,LeftinTimeOut,Left,76,107,76,16,nan,nan,nan
7/8/2025 15:52:53,1.17.0,Bandit100,3,4.09,nan,20,100,0,RightinTimeout,Left,76,107,76,16,nan,nan,0.00
7/8/2025 15:56:24,1.17.0,Bandit100,3,4.10,nan,20,100,0,Left,Left,77,107,76,16,nan,nan,0.12
7/8/2025 15:56:31,1.17.0,Bandit100,3,4.10,1,20,100,0,Pellet,Left,77,107,77,16,6.21,4094,nan
7/8/2025 16:02:20,1.17.0,Bandit100,3,4.10,nan,20,100,0,Right,Left,77,108,77,17,nan,nan,0.49
7/8/2025 16:02:58,1.17.0,Bandit100,3,4.10,nan,20,100,0,Left,Left,78,108,77,17,nan,nan,0.18
7/8/2025 16:03:04,1.17.0,Bandit100,3,4.10,1,20,100,0,Pellet,Left,78,108,78,17,5.76,393,nan
7/8/2025 16:10:24,1.17.0,Bandit100,3,4.10,nan,20,100,0,Left,Left,79,108,78,18,nan,nan,0.00
7/8/2025 16:10:37,1.17.0,Bandit100,3,4.10,1,20,100,0,Pellet,Left,79,108,79,18,12.36,453,nan
7/8/2025 16:16:25,1.17.0,Bandit100,3,4.09,nan,20,100,0,Left,Left,80,108,79,19,nan,nan,0.37
7/8/2025 16:16:38,1.17.0,Bandit100,3,4.10,1,20,100,0,Pellet,Left,80,108,80,19,12.68,361,nan
7/8/2025 16:22:52,1.17.0,Bandit100,3,4.09,nan,20,0,100,Left,Right,81,108,80,0,nan,nan,0.21
7/8/2025 16:23:10,1.17.0,Bandit100,3,4.10,nan,20,0,100,Left,Right,82,108,80,0,nan,nan,0.51
7/8/2025 16:23:13,1.17.0,Bandit100,3,4.09,nan,20,0,100,RightinTimeout,Right,82,108,80,0,nan,nan,0.00
7/8/2025 16:26:19,1.17.0,Bandit100,3,4.10,nan,20,0,100,Left,Right,83,108,80,0,nan,nan,0.47
7/8/2025 17:10:55,1.17.0,Bandit100,3,4.09,nan,20,0,100,Left,Right,84,108,80,0,nan,nan,0.37
7/8/2025 17:29:37,1.17.0,Bandit100,3,4.10,nan,20,0,100,Right,Right,84,109,80,0,nan,nan,0.17
7/8/2025 17:29:50,1.17.0,Bandit100,3,4.09,nan,20,0,100,LeftWithPellet,Right,84,109,80,0,nan,nan,0.06
7/8/2025 17:29:54,1.17.0,Bandit100,3,4.09,1,20,0,100,Pellet,Right,84,109,81,0,16.08,4396,nan
7/8/2025 17:39:10,1.17.0,Bandit100,3,4.09,nan,20,0,100,Left,Right,85,109,81,1,nan,nan,0.07
7/8/2025 17:39:13,1.17.0,Bandit100,3,4.09,nan,20,0,100,LeftinTimeOut,Right,85,109,81,1,nan,nan,nan
7/8/2025 17:39:16,1.17.0,Bandit100,3,4.10,nan,20,0,100,LeftinTimeOut,Right,85,109,81,1,nan,nan,nan
7/8/2025 17:39:19,1.17.0,Bandit100,3,4.09,nan,20,0,100,LeftinTimeOut,Right,85,109,81,1,nan,nan,nan
7/8/2025 17:39:30,1.17.0,Bandit100,3,4.09,nan,20,0,100,Right,Right,85,110,81,1,nan,nan,0.35
7/8/2025 17:39:48,1.17.0,Bandit100,3,4.10,2,20,0,100,Pellet,Right,85,110,82,1,15.03,594,nan
7/8/2025 17:45:05,1.17.0,Bandit100,3,4.09,nan,20,0,100,Left,Right,86,110,82,2,nan,nan,0.56
7/8/2025 17:45:07,1.17.0,Bandit100,3,4.09,nan,20,0,100,LeftinTimeOut,Right,86,110,82,2,nan,nan,nan
7/8/2025 17:46:58,1.17.0,Bandit100,3,4.10,nan,20,0,100,Left,Right,87,110,82,2,nan,nan,0.12
7/8/2025 17:51:53,1.17.0,Bandit100,3,4.09,nan,20,0,100,Right,Right,87,111,82,2,nan,nan,0.35
7/8/2025 17:52:25,1.17.0,Bandit100,3,4.09,1,20,0,100,Pellet,Right,87,111,83,2,31.83,757,nan
7/8/2025 18:00:54,1.17.0,Bandit100,3,4.09,nan,20,0,100,Left,Right,88,111,83,3,nan,nan,0.33
7/8/2025 18:01:01,1.17.0,Bandit100,3,4.09,nan,20,0,100,LeftinTimeOut,Right,88,111,83,3,nan,nan,nan
7/8/2025 18:02:16,1.17.0,Bandit100,3,4.09,nan,20,0,100,Left,Right,89,111,83,3,nan,nan,0.51
7/8/2025 18:02:19,1.17.0,Bandit100,3,4.09,nan,20,0,100,LeftinTimeOut,Right,89,111,83,3,nan,nan,nan
7/8/2025 18:02:21,1.17.0,Bandit100,3,4.09,nan,20,0,100,LeftinTimeOut,Right,89,111,83,3,nan,nan,nan
7/8/2025 18:09:06,1.17.0,Bandit100,3,4.09,nan,20,0,100,Right,Right,89,112,83,3,nan,nan,0.08
7/8/2025 18:12:26,1.17.0,Bandit100,3,4.09,1,20,0,100,Pellet,Right,89,112,84,3,Timed_out,1201,nan
7/8/2025 19:46:00,1.17.0,Bandit100,3,4.09,nan,20,0,100,Right,Right,89,113,84,4,nan,nan,0.46
7/8/2025 19:46:05,1.17.0,Bandit100,3,4.09,nan,20,0,100,RightWithPellet,Right,89,114,84,4,nan,nan,0.13
7/8/2025 19:46:40,1.17.0,Bandit100,3,4.09,1,20,0,100,Pellet,Right,89,114,85,4,39.65,5654,nan
7/8/2025 19:49:32,1.17.0,Bandit100,3,4.09,nan,20,0,100,Left,Right,90,114,85,5,nan,nan,0.12
7/8/2025 19:49:40,1.17.0,Bandit100,3,4.09,nan,20,0,100,LeftinTimeOut,Right,90,114,85,5,nan,nan,nan
7/8/2025 19:49:56,1.17.0,Bandit100,3,4.09,nan,20,0,100,Left,Right,91,114,85,5,nan,nan,0.12
7/8/2025 19:49:58,1.17.0,Bandit100,3,4.09,nan,20,0,100,RightinTimeout,Right,91,114,85,5,nan,nan,0.00
7/8/2025 19:50:00,1.17.0,Bandit100,3,4.09,nan,20,0,100,RightinTimeout,Right,91,114,85,5,nan,nan,0.00
7/8/2025 19:50:03,1.17.0,Bandit100,3,4.09,nan,20,0,100,LeftinTimeOut,Right,91,114,85,5,nan,nan,nan
7/8/2025 19:50:06,1.17.0,Bandit100,3,4.09,nan,20,0,100,LeftinTimeOut,Right,91,114,85,5,nan,nan,nan
7/8/2025 19:50:07,1.17.0,Bandit100,3,4.09,nan,20,0,100,LeftinTimeOut,Right,91,114,85,5,nan,nan,nan
7/8/2025 19:50:13,1.17.0,Bandit100,3,4.09,nan,20,0,100,LeftinTimeOut,Right,91,114,85,5,nan,nan,nan
7/8/2025 19:53:47,1.17.0,Bandit100,3,4.09,nan,20,0,100,Left,Right,92,114,85,5,nan,nan,0.11
7/8/2025 19:53:50,1.17.0,Bandit100,3,4.09,nan,20,0,100,LeftinTimeOut,Right,92,114,85,5,nan,nan,nan
7/8/2025 19:54:19,1.17.0,Bandit100,3,4.09,nan,20,0,100,Right,Right,92,115,85,5,nan,nan,0.25
7/8/2025 19:54:33,1.17.0,Bandit100,3,4.09,1,20,0,100,Pellet,Right,92,115,86,5,13.32,473,nan
7/8/2025 20:00:13,1.17.0,Bandit100,3,4.09,nan,20,0,100,Left,Right,93,115,86,6,nan,nan,0.03
7/8/2025 20:00:57,1.17.0,Bandit100,3,4.09,nan,20,0,100,Left,Right,94,115,86,6,nan,nan,0.27
7/8/2025 20:02:00,1.17.0,Bandit100,3,4.09,nan,20,0,100,Left,Right,95,115,86,6,nan,nan,0.07
7/8/2025 20:02:33,1.17.0,Bandit100,3,4.09,nan,20,0,100,Left,Right,96,115,86,6,nan,nan,0.21
7/8/2025 20:03:38,1.17.0,Bandit100,3,4.09,nan,20,0,100,Left,Right,97,115,86,6,nan,nan,0.37
7/8/2025 20:03:42,1.17.0,Bandit100,3,4.09,nan,20,0,100,RightinTimeout,Right,97,115,86,6,nan,nan,0.00
7/8/2025 20:03:42,1.17.0,Bandit100,3,4.09,nan,20,0,100,RightinTimeout,Right,97,115,86,6,nan,nan,0.00
7/8/2025 20:03:44,1.17.0,Bandit100,3,4.09,nan,20,0,100,RightinTimeout,Right,97,115,86,6,nan,nan,0.00
7/8/2025 20:03:44,1.17.0,Bandit100,3,4.09,nan,20,0,100,RightinTimeout,Right,97,115,86,6,nan,nan,0.00
7/8/2025 20:03:45,1.17.0,Bandit100,3,4.09,nan,20,0,100,RightinTimeout,Right,97,115,86,6,nan,nan,0.00
7/8/2025 20:03:50,1.17.0,Bandit100,3,4.09,nan,20,0,100,RightinTimeout,Right,97,115,86,6,nan,nan,0.00
7/8/2025 20:03:50,1.17.0,Bandit100,3,4.09,nan,20,0,100,RightinTimeout,Right,97,115,86,6,nan,nan,0.00
7/8/2025 20:36:25,1.17.0,Bandit100,3,4.09,nan,20,0,100,Left,Right,98,115,86,6,nan,nan,0.17
7/8/2025 20:36:28,1.17.0,Bandit100,3,4.09,nan,20,0,100,LeftinTimeOut,Right,98,115,86,6,nan,nan,nan
7/8/2025 20:37:39,1.17.0,Bandit100,3,4.09,nan,20,0,100,Left,Right,99,115,86,6,nan,nan,0.06
7/8/2025 20:39:11,1.17.0,Bandit100,3,4.09,nan,20,0,100,Right,Right,99,116,86,6,nan,nan,0.20
7/8/2025 20:39:23,1.17.0,Bandit100,3,4.09,1,20,0,100,Pellet,Right,99,116,87,6,11.10,2690,nan
7/8/2025 21:04:03,1.17.0,Bandit100,3,4.09,nan,20,0,100,Right,Right,99,117,87,7,nan,nan,0.31
7/8/2025 21:04:15,1.17.0,Bandit100,3,4.09,1,20,0,100,Pellet,Right,99,117,88,7,11.85,1492,nan
7/8/2025 21:07:57,1.17.0,Bandit100,3,4.09,nan,20,0,100,Left,Right,100,117,88,8,nan,nan,0.12
7/8/2025 21:08:12,1.17.0,Bandit100,3,4.09,nan,20,0,100,Right,Right,100,118,88,8,nan,nan,0.42
7/8/2025 21:08:44,1.17.0,Bandit100,3,4.09,nan,20,0,100,LeftWithPellet,Right,100,118,88,8,nan,nan,0.06
7/8/2025 21:08:46,1.17.0,Bandit100,3,4.09,1,20,0,100,Pellet,Right,100,118,89,8,33.79,271,nan
7/8/2025 21:13:19,1.17.0,Bandit100,3,4.09,nan,20,0,100,Right,Right,100,119,89,9,nan,nan,0.08
7/8/2025 21:13:28,1.17.0,Bandit100,3,4.09,nan,20,0,100,LeftWithPellet,Right,100,119,89,9,nan,nan,0.11
7/8/2025 21:13:32,1.17.0,Bandit100,3,4.09,1,20,0,100,Pellet,Right,100,119,90,9,12.32,286,nan
7/8/2025 21:47:30,1.17.0,Bandit100,3,4.09,nan,20,0,100,Left,Right,101,119,90,10,nan,nan,0.24
7/8/2025 21:48:44,1.17.0,Bandit100,3,4.09,nan,20,0,100,Right,Right,101,120,90,10,nan,nan,0.12
7/8/2025 21:48:54,1.17.0,Bandit100,3,4.08,2,20,0,100,Pellet,Right,101,120,91,10,9.82,2122,nan
7/8/2025 22:19:03,1.17.0,Bandit100,3,4.09,nan,20,0,100,Right,Right,101,121,91,11,nan,nan,0.06
7/8/2025 22:19:09,1.17.0,Bandit100,3,4.08,nan,20,0,100,RightWithPellet,Right,101,122,91,11,nan,nan,0.40
7/8/2025 22:19:29,1.17.0,Bandit100,3,4.09,1,20,0,100,Pellet,Right,101,122,92,11,24.96,1835,nan
7/8/2025 22:50:27,1.17.0,Bandit100,3,4.09,nan,20,0,100,Right,Right,101,123,92,12,nan,nan,0.25
7/8/2025 22:50:42,1.17.0,Bandit100,3,4.09,1,20,0,100,Pellet,Right,101,123,93,12,14.53,1873,nan
7/8/2025 22:54:14,1.17.0,Bandit100,3,4.09,nan,20,0,100,Left,Right,102,123,93,13,nan,nan,0.11
7/8/2025 22:54:18,1.17.0,Bandit100,3,4.08,nan,20,0,100,RightinTimeout,Right,102,123,93,13,nan,nan,0.00
7/8/2025 22:54:23,1.17.0,Bandit100,3,4.08,nan,20,0,100,RightinTimeout,Right,102,123,93,13,nan,nan,0.00
7/8/2025 22:54:23,1.17.0,Bandit100,3,4.09,nan,20,0,100,RightinTimeout,Right,102,123,93,13,nan,nan,0.00
7/8/2025 22:54:27,1.17.0,Bandit100,3,4.09,nan,20,0,100,RightinTimeout,Right,102,123,93,13,nan,nan,0.00
7/8/2025 22:54:27,1.17.0,Bandit100,3,4.09,nan,20,0,100,RightinTimeout,Right,102,123,93,13,nan,nan,0.00
7/8/2025 22:54:37,1.17.0,Bandit100,3,4.09,nan,20,0,100,LeftinTimeOut,Right,102,123,93,13,nan,nan,nan
7/8/2025 22:54:42,1.17.0,Bandit100,3,4.09,nan,20,0,100,LeftinTimeOut,Right,102,123,93,13,nan,nan,nan
7/8/2025 22:54:44,1.17.0,Bandit100,3,4.09,nan,20,0,100,RightinTimeout,Right,102,123,93,13,nan,nan,0.00
7/8/2025 22:54:52,1.17.0,Bandit100,3,4.09,nan,20,0,100,RightinTimeout,Right,102,123,93,13,nan,nan,0.00
7/8/2025 22:54:52,1.17.0,Bandit100,3,4.08,nan,20,0,100,RightinTimeout,Right,102,123,93,13,nan,nan,0.00
7/8/2025 22:55:11,1.17.0,Bandit100,3,4.08,nan,20,0,100,Right,Right,102,124,93,13,nan,nan,0.09
7/8/2025 22:55:13,1.17.0,Bandit100,3,4.09,nan,20,0,100,RightWithPellet,Right,102,125,93,13,nan,nan,0.05
7/8/2025 22:55:25,1.17.0,Bandit100,3,4.08,1,20,0,100,Pellet,Right,102,125,94,13,12.78,283,nan
7/8/2025 22:58:41,1.17.0,Bandit100,3,4.09,nan,20,0,100,Right,Right,102,126,94,14,nan,nan,0.08
7/8/2025 22:58:56,1.17.0,Bandit100,3,4.09,1,20,0,100,Pellet,Right,102,126,95,14,14.34,211,nan
7/8/2025 23:01:44,1.17.0,Bandit100,3,4.09,nan,20,0,100,Left,Right,103,126,95,15,nan,nan,0.22
7/8/2025 23:01:52,1.17.0,Bandit100,3,4.09,nan,20,0,100,RightinTimeout,Right,103,126,95,15,nan,nan,0.00
7/8/2025 23:01:53,1.17.0,Bandit100,3,4.09,nan,20,0,100,RightinTimeout,Right,103,126,95,15,nan,nan,0.00
7/8/2025 23:01:57,1.17.0,Bandit100,3,4.09,nan,20,0,100,RightinTimeout,Right,103,126,95,15,nan,nan,0.00
7/8/2025 23:02:14,1.17.0,Bandit100,3,4.09,nan,20,0,100,Left,Right,104,126,95,15,nan,nan,0.33
7/8/2025 23:02:16,1.17.0,Bandit100,3,4.09,nan,20,0,100,RightinTimeout,Right,104,126,95,15,nan,nan,0.00
7/8/2025 23:02:16,1.17.0,Bandit100,3,4.09,nan,20,0,100,RightinTimeout,Right,104,126,95,15,nan,nan,0.00
7/8/2025 23:11:22,1.17.0,Bandit100,3,4.09,nan,20,0,100,Right,Right,104,127,95,15,nan,nan,0.27
7/8/2025 23:11:32,1.17.0,Bandit100,3,4.08,1,20,0,100,Pellet,Right,104,127,96,15,9.00,756,nan
7/8/2025 23:15:21,1.17.0,Bandit100,3,4.08,nan,20,0,100,Left,Right,105,127,96,16,nan,nan,0.09
7/8/2025 23:15:23,1.17.0,Bandit100,3,4.09,nan,20,0,100,RightinTimeout,Right,105,127,96,16,nan,nan,0.00
7/8/2025 23:15:24,1.17.0,Bandit100,3,4.09,nan,20,0,100,RightinTimeout,Right,105,127,96,16,nan,nan,0.00
7/8/2025 23:15:24,1.17.0,Bandit100,3,4.09,nan,20,0,100,RightinTimeout,Right,105,127,96,16,nan,nan,0.00
7/8/2025 23:15:26,1.17.0,Bandit100,3,4.08,nan,20,0,100,RightinTimeout,Right,105,127,96,16,nan,nan,0.00
7/8/2025 23:15:28,1.17.0,Bandit100,3,4.09,nan,20,0,100,RightinTimeout,Right,105,127,96,16,nan,nan,0.00
7/8/2025 23:15:28,1.17.0,Bandit100,3,4.09,nan,20,0,100,RightinTimeout,Right,105,127,96,16,nan,nan,0.00
7/8/2025 23:15:30,1.17.0,Bandit100,3,4.09,nan,20,0,100,RightinTimeout,Right,105,127,96,16,nan,nan,0.00
7/8/2025 23:15:30,1.17.0,Bandit100,3,4.08,nan,20,0,100,RightinTimeout,Right,105,127,96,16,nan,nan,0.00
7/8/2025 23:30:25,1.17.0,Bandit100,3,4.09,nan,20,0,100,Right,Right,105,128,96,16,nan,nan,0.28
7/8/2025 23:31:36,1.17.0,Bandit100,3,4.09,1,20,0,100,Pellet,Right,105,128,97,16,Timed_out,1204,nan
7/9/2025 1:58:31,1.17.0,Bandit100,3,4.07,nan,20,0,100,Right,Right,105,129,97,17,nan,nan,0.30
7/9/2025 1:58:58,1.17.0,Bandit100,3,4.08,1,20,0,100,Pellet,Right,105,129,98,17,26.05,8842,nan
7/9/2025 2:07:06,1.17.0,Bandit100,3,4.08,nan,20,0,100,Right,Right,105,130,98,18,nan,nan,0.37
7/9/2025 2:07:20,1.17.0,Bandit100,3,4.08,nan,20,0,100,RightWithPellet,Right,105,131,98,18,nan,nan,0.34
7/9/2025 2:07:22,1.17.0,Bandit100,3,4.08,nan,20,0,100,RightWithPellet,Right,105,132,98,18,nan,nan,0.56
7/9/2025 2:07:24,1.17.0,Bandit100,3,4.08,nan,20,0,100,RightWithPellet,Right,105,133,98,18,nan,nan,0.43
7/9/2025 2:08:00,1.17.0,Bandit100,3,4.08,nan,20,0,100,RightWithPellet,Right,105,134,98,18,nan,nan,0.37
7/9/2025 2:08:04,1.17.0,Bandit100,3,4.08,nan,20,0,100,RightWithPellet,Right,105,135,98,18,nan,nan,0.40
7/9/2025 2:08:06,1.17.0,Bandit100,3,4.08,nan,20,0,100,RightWithPellet,Right,105,136,98,18,nan,nan,0.25
7/9/2025 2:08:57,1.17.0,Bandit100,3,4.08,1,20,0,100,Pellet,Right,105,136,99,18,Timed_out,599,nan
7/9/2025 2:12:55,1.17.0,Bandit100,3,4.08,nan,20,0,100,Left,Right,106,136,99,19,nan,nan,0.12
7/9/2025 2:12:58,1.17.0,Bandit100,3,4.08,nan,20,0,100,RightinTimeout,Right,106,136,99,19,nan,nan,0.00
7/9/2025 2:12:58,1.17.0,Bandit100,3,4.08,nan,20,0,100,RightinTimeout,Right,106,136,99,19,nan,nan,0.00
7/9/2025 2:13:01,1.17.0,Bandit100,3,4.08,nan,20,0,100,RightinTimeout,Right,106,136,99,19,nan,nan,0.00
7/9/2025 2:13:09,1.17.0,Bandit100,3,4.08,nan,20,0,100,LeftinTimeOut,Right,106,136,99,19,nan,nan,nan
7/9/2025 2:13:13,1.17.0,Bandit100,3,4.08,nan,20,0,100,RightinTimeout,Right,106,136,99,19,nan,nan,0.00
7/9/2025 2:13:13,1.17.0,Bandit100,3,4.08,nan,20,0,100,RightinTimeout,Right,106,136,99,19,nan,nan,0.00
7/9/2025 2:13:14,1.17.0,Bandit100,3,4.07,nan,20,0,100,RightinTimeout,Right,106,136,99,19,nan,nan,0.00
7/9/2025 2:13:20,1.17.0,Bandit100,3,4.08,nan,20,0,100,RightinTimeout,Right,106,136,99,19,nan,nan,0.00
7/9/2025 2:13:23,1.17.0,Bandit100,3,4.08,nan,20,0,100,RightinTimeout,Right,106,136,99,19,nan,nan,0.00
7/9/2025 2:13:23,1.17.0,Bandit100,3,4.08,nan,20,0,100,RightinTimeout,Right,106,136,99,19,nan,nan,0.00
7/9/2025 2:13:56,1.17.0,Bandit100,3,4.08,nan,20,0,100,Right,Right,106,137,99,19,nan,nan,0.40
7/9/2025 2:14:04,1.17.0,Bandit100,3,4.08,1,20,0,100,Pellet,Right,106,137,100,19,7.73,307,nan
7/9/2025 2:16:43,1.17.0,Bandit100,3,4.08,nan,20,100,0,Right,Left,106,138,100,0,nan,nan,0.28
7/9/2025 2:16:46,1.17.0,Bandit100,3,4.08,nan,20,100,0,RightinTimeout,Left,106,138,100,0,nan,nan,0.00
7/9/2025 2:16:46,1.17.0,Bandit100,3,4.08,nan,20,100,0,RightinTimeout,Left,106,138,100,0,nan,nan,0.00
7/9/2025 2:16:55,1.17.0,Bandit100,3,4.08,nan,20,100,0,LeftinTimeOut,Left,106,138,100,0,nan,nan,nan
7/9/2025 2:17:07,1.17.0,Bandit100,3,4.08,nan,20,100,0,Left,Left,107,138,100,0,nan,nan,0.26
7/9/2025 2:17:08,1.17.0,Bandit100,3,4.08,nan,20,100,0,LeftDuringDispense,Left,107,138,100,0,nan,nan,0.40
7/9/2025 2:17:09,1.17.0,Bandit100,3,4.08,nan,20,100,0,LeftDuringDispense,Left,107,138,100,0,nan,nan,0.37
7/9/2025 2:17:22,1.17.0,Bandit100,3,4.08,2,20,100,0,Pellet,Left,107,138,101,0,10.08,197,nan
7/9/2025 2:20:26,1.17.0,Bandit100,3,4.08,nan,20,100,0,Right,Left,107,139,101,1,nan,nan,0.22
7/9/2025 2:20:34,1.17.0,Bandit100,3,4.07,nan,20,100,0,LeftinTimeOut,Left,107,139,101,1,nan,nan,nan
7/9/2025 2:20:36,1.17.0,Bandit100,3,4.08,nan,20,100,0,RightinTimeout,Left,107,139,101,1,nan,nan,0.00
7/9/2025 2:20:38,1.17.0,Bandit100,3,4.08,nan,20,100,0,RightinTimeout,Left,107,139,101,1,nan,nan,0.00
7/9/2025 2:20:38,1.17.0,Bandit100,3,4.08,nan,20,100,0,RightinTimeout,Left,107,139,101,1,nan,nan,0.00
7/9/2025 2:20:41,1.17.0,Bandit100,3,4.08,nan,20,100,0,RightinTimeout,Left,107,139,101,1,nan,nan,0.00
7/9/2025 2:20:41,1.17.0,Bandit100,3,4.07,nan,20,100,0,RightinTimeout,Left,107,139,101,1,nan,nan,0.00
7/9/2025 2:21:15,1.17.0,Bandit100,3,4.08,nan,20,100,0,Right,Left,107,140,101,1,nan,nan,0.24
7/9/2025 2:21:17,1.17.0,Bandit100,3,4.08,nan,20,100,0,RightinTimeout,Left,107,140,101,1,nan,nan,0.00
7/9/2025 2:21:17,1.17.0,Bandit100,3,4.08,nan,20,100,0,RightinTimeout,Left,107,140,101,1,nan,nan,0.00
7/9/2025 2:21:17,1.17.0,Bandit100,3,4.08,nan,20,100,0,RightinTimeout,Left,107,140,101,1,nan,nan,0.00
7/9/2025 2:21:20,1.17.0,Bandit100,3,4.08,nan,20,100,0,RightinTimeout,Left,107,140,101,1,nan,nan,0.00
7/9/2025 2:21:26,1.17.0,Bandit100,3,4.08,nan,20,100,0,LeftinTimeOut,Left,107,140,101,1,nan,nan,nan
7/9/2025 2:21:28,1.17.0,Bandit100,3,4.08,nan,20,100,0,RightinTimeout,Left,107,140,101,1,nan,nan,0.00
7/9/2025 2:21:28,1.17.0,Bandit100,3,4.08,nan,20,100,0,RightinTimeout,Left,107,140,101,1,nan,nan,0.00
7/9/2025 2:21:29,1.17.0,Bandit100,3,4.08,nan,20,100,0,RightinTimeout,Left,107,140,101,1,nan,nan,0.00
7/9/2025 2:21:31,1.17.0,Bandit100,3,4.08,nan,20,100,0,RightinTimeout,Left,107,140,101,1,nan,nan,0.00
7/9/2025 2:21:32,1.17.0,Bandit100,3,4.09,nan,20,100,0,RightinTimeout,Left,107,140,101,1,nan,nan,0.00
7/9/2025 2:21:33,1.17.0,Bandit100,3,4.08,nan,20,100,0,RightinTimeout,Left,107,140,101,1,nan,nan,0.00
7/9/2025 2:25:18,1.17.0,Bandit100,3,4.08,nan,20,100,0,Right,Left,107,141,101,1,nan,nan,0.27
7/9/2025 2:25:20,1.17.0,Bandit100,3,4.07,nan,20,100,0,RightinTimeout,Left,107,141,101,1,nan,nan,0.00
7/9/2025 2:25:21,1.17.0,Bandit100,3,4.07,nan,20,100,0,RightinTimeout,Left,107,141,101,1,nan,nan,0.00
7/9/2025 2:25:38,1.17.0,Bandit100,3,4.08,nan,20,100,0,Right,Left,107,142,101,1,nan,nan,0.38
7/9/2025 2:25:38,1.17.0,Bandit100,3,4.08,nan,20,100,0,RightinTimeout,Left,107,142,101,1,nan,nan,0.00
7/9/2025 2:26:14,1.17.0,Bandit100,3,4.08,nan,20,100,0,Left,Left,108,142,101,1,nan,nan,0.21
7/9/2025 2:26:30,1.17.0,Bandit100,3,4.08,1,20,100,0,Pellet,Left,108,142,102,1,15.36,549,nan
7/9/2025 2:30:26,1.17.0,Bandit100,3,4.07,nan,20,100,0,Left,Left,109,142,102,2,nan,nan,0.29
7/9/2025 2:30:58,1.17.0,Bandit100,3,4.07,2,20,100,0,Pellet,Left,109,142,103,2,28.54,268,nan
7/9/2025 2:35:28,1.17.0,Bandit100,3,4.08,nan,20,100,0,Right,Left,109,143,103,3,nan,nan,0.02
7/9/2025 2:35:52,1.17.0,Bandit100,3,4.08,nan,20,100,0,Left,Left,110,143,103,3,nan,nan,0.39
7/9/2025 2:35:57,1.17.0,Bandit100,3,4.08,nan,20,100,0,LeftWithPellet,Left,110,143,103,3,nan,nan,0.24
7/9/2025 2:36:02,1.17.0,Bandit100,3,4.08,nan,20,100,0,RightWithPellet,Left,110,144,103,3,nan,nan,0.45
7/9/2025 2:36:28,1.17.0,Bandit100,3,4.08,nan,20,100,0,RightWithPellet,Left,110,145,103,3,nan,nan,0.77
7/9/2025 2:36:45,1.17.0,Bandit100,3,4.08,nan,20,100,0,RightWithPellet,Left,110,146,103,3,nan,nan,0.47
7/9/2025 2:36:54,1.17.0,Bandit100,3,4.07,nan,20,100,0,LeftWithPellet,Left,110,146,103,3,nan,nan,0.18
7/9/2025 2:36:59,1.17.0,Bandit100,3,4.07,nan,20,100,0,LeftWithPellet,Left,110,146,103,3,nan,nan,0.29
7/9/2025 2:37:05,1.17.0,Bandit100,3,4.08,nan,20,100,0,RightWithPellet,Left,110,146,103,3,nan,nan,2.79
7/9/2025 2:37:06,1.17.0,Bandit100,3,4.08,nan,20,100,0,RightWithPellet,Left,110,146,103,3,nan,nan,0.40
7/9/2025 11:26:40,1.17.0,Bandit100,3,4.06,nan,20,100,0,LeftWithPellet,Left,110,146,103,3,nan,nan,0.27
7/9/2025 11:29:38,1.17.0,Bandit100,3,4.07,nan,20,100,0,RightWithPellet,Left,110,146,103,3,nan,nan,1.73
7/9/2025 11:29:41,1.17.0,Bandit100,3,4.06,nan,20,100,0,RightWithPellet,Left,110,146,103,3,nan,nan,0.22
7/9/2025 11:29:44,1.17.0,Bandit100,3,4.07,nan,20,100,0,RightWithPellet,Left,110,146,103,3,nan,nan,0.62
7/9/2025 11:35:30,1.17.0,Bandit100,3,4.07,nan,20,100,0,RightWithPellet,Left,110,146,103,3,nan,nan,0.88
7/9/2025 11:40:48,1.17.0,Bandit100,3,4.06,nan,20,100,0,RightWithPellet,Left,110,146,103,3,nan,nan,0.63
7/9/2025 11:42:03,1.17.0,Bandit100,3,4.07,nan,20,100,0,RightWithPellet,Left,110,146,103,3,nan,nan,0.70
7/9/2025 11:42:05,1.17.0,Bandit100,3,4.07,nan,20,100,0,RightWithPellet,Left,110,146,103,3,nan,nan,0.56
7/9/2025 11:42:31,1.17.0,Bandit100,3,4.07,nan,20,100,0,RightWithPellet,Left,110,146,103,3,nan,nan,0.46
7/9/2025 11:43:13,1.17.0,Bandit100,3,4.07,nan,20,100,0,RightWithPellet,Left,110,146,103,3,nan,nan,0.57
7/9/2025 11:44:16,1.17.0,Bandit100,3,4.06,nan,20,100,0,RightWithPellet,Left,110,146,103,3,nan,nan,1.12
7/9/2025 12:43:05,1.17.0,Bandit100,3,4.06,nan,20,100,0,RightWithPellet,Left,110,146,103,3,nan,nan,0.02
7/9/2025 13:02:39,1.17.0,Bandit100,3,4.06,nan,20,100,0,LeftWithPellet,Left,110,146,103,3,nan,nan,0.11
7/9/2025 13:30:47,1.17.0,Bandit100,3,4.06,nan,20,100,0,RightWithPellet,Left,110,146,103,3,nan,nan,0.58
7/9/2025 13:53:06,1.17.0,Bandit100,3,4.06,nan,20,100,0,LeftWithPellet,Left,110,146,103,3,nan,nan,0.07
7/10/2025 13:39:08,1.17.0,Bandit100,3,4.03,1,20,100,0,Pellet,Left,110,146,104,3,Timed_out,126490,nan
